address,label,status,n_tx,n_sent,n_received,sent_ratio,n_counterparties,n_out_counterparties,n_in_counterparties,counterparty_ratio,repeat_counterparty_ratio,total_eth_sent,total_eth_received,mean_eth_sent,max_eth_sent,mean_eth_received,max_eth_received,net_eth_flow,value_concentration,zero_value_ratio,mean_gas_price_gwei,max_gas_price_gwei,std_gas_price_gwei,mean_gas_limit,failed_ratio,self_tx_ratio,first_block,last_block,lifetime_days,tx_per_active_day,mean_days_between_tx,min_days_between_tx,burstiness,degree,in_degree,out_degree,pagerank,clustering,community_size,neighbour_risk_ratio,n_labelled_neighbours
0x693d47204555361d4d51311f97102a1507559802,1,ok,22,7.0,15.0,0.3181818181818182,17.0,7.0,12.0,0.7727272727272727,0.2272727272727272,1.837934045978043,1.8046592774886672,0.2625620065682919,0.76972989,0.1203106184992444,0.77114189,-0.0332747684893759,0.4188016929575913,0.0,32.67045454545455,140.0,34.73613084609489,68803.0,0.0,0.0,5099280,11763911,1080.1643655901405,0.0203672706680899,51.43639836143525,0.0023941577777818,1.7409025733828285,17.0,12.0,7.0,0.0001588518539396,0.0,384.0,0.0,0.0
0xf2c55a8b92adf3fbda257af9329100d80f7fdddc,0,ok,3,2.0,1.0,0.6666666666666666,2.0,1.0,1.0,0.6666666666666666,0.3333333333333333,1.80673868,1.80689618,0.90336934,1.80664618,1.80689618,1.80689618,0.0001575,0.9999488027787172,0.0,12.833333333333334,31.0,12.886254520051803,60667.0,0.0,0.0,4337069,7282137,516.4300192474547,0.0058091123447308,258.2150096237273,0.0146947692583004,0.9999430909563324,2.0,1.0,1.0,1.2650171107047545e-05,0.0,182.0,0.0,0.0
0x1363077895b20ae90f80794ce4e575559517d033,1,ok,65,3.0,62.0,0.0461538461538461,42.0,2.0,41.0,0.6461538461538462,0.3538461538461538,45.43799297614328,45.44057597614327,15.145997658714426,39.06004847614328,0.7329125157442463,5.0,0.0025829999999942,0.859634106124611,0.0,38.5455614858,128.0,25.86528471841022,72305.63076923077,0.0,0.0,5173984,5200035,4.408620378518546,14.74384147855396,0.0688846934143522,0.0008461518530492,1.0878567729235162,42.0,41.0,2.0,0.0004892003105484,0.0,1148.0,0.0,1.0
0x2268751eafc860781074d25f4bd10ded480310b9,1,ok,100,48.0,52.0,0.48,82.0,46.0,45.0,0.82,0.18,1151.1978106381775,996.7284874937816,23.9832877216287,1150.8,19.16785552872657,880.0,-154.46932314439607,0.9996544376348692,0.32,39.99026943259,60.0,18.384292956998625,63048.12,0.0,0.0,4223842,24481427,3090.71253228389,0.0323549987116093,31.21931850791808,0.0,7.570407571812587,82.0,45.0,46.0,0.0005901449184599,0.0,3798.0,0.0,0.0
0x4899f3371fb9f8e68a0b639bf1fd75220a089c42,1,ok,22,2.0,20.0,0.0909090909090909,21.0,2.0,19.0,0.9545454545454546,0.0454545454545454,14.86218970799503,14.863638707995031,7.431094853997515,14.75305070799503,0.7431819353997515,5.15,0.0014490000000009,0.9926566002625246,0.0,39.05,70.0,23.004895724013345,98395.0,0.0,0.0,5109638,5141268,5.352756614814754,4.110031817832122,0.2548931721340358,0.0,1.8078440258266313,21.0,19.0,2.0,0.0002149895545469,0.0,121.0,0.0,0.0
0xf4710562c804087af20b7396ce7cba38b43fb61f,1,ok,9,7.0,2.0,0.7777777777777778,9.0,7.0,2.0,1.0,0.0,1.23968819,1.25,0.1770983128571428,0.795,0.625,0.95,0.0103118099999999,0.6412902909077484,0.0,37.77777777777778,45.0,12.993825694261083,46666.666666666664,0.0,0.0,5132782,5194502,10.444898459260113,0.8616646715240098,1.305612307407514,0.0015230733349367,0.968847676608138,9.0,2.0,7.0,2.354858690568959e-05,0.0,1474.0,0.0,0.0
0xba83e9ce38b10522e3d6061a12779b7526839eda,1,ok,100,84.0,16.0,0.84,53.0,48.0,8.0,0.53,0.47,1251.2398404408066,510.6452866658258,14.895712386200078,739.0,31.91533041661411,98.0,-740.5945537749808,0.5906141861177098,0.74,54.29,60.0,13.08915199697826,132846.53,0.0,0.0,4000029,4423295,101.25992524851804,0.987557513543232,1.0228275277628085,0.0,6.953069995862364,54.0,8.0,49.0,7.436795437685698e-05,0.076869322152341,3798.0,1.0,5.0
0x58a166f9a6ff996e2349eea90d42cc198529a037,1,ok,3,1.0,2.0,0.3333333333333333,3.0,1.0,2.0,1.0,0.0,1.4388225,1.4409015,1.4388225,1.4388225,0.72045075,1.331521,0.0020790000000001,1.0,0.0,84.33333333333333,99.0,20.741798914805393,21000.0,0.0,0.0,4901758,4918217,2.882504293518486,1.040761676138943,1.441252146759243,0.0220666833332291,0.9846892277781876,3.0,2.0,1.0,3.447684386883675e-05,0.0,4.0,0.0,0.0
0xedf202629bb7e9f72d4c62c325d198513fa7a3d3,1,ok,4,2.0,2.0,0.5,3.0,1.0,2.0,0.75,0.25,0.0,0.0936584,0.0,0.0,0.0468292,0.08131226,0.0936584,0.0,0.5,42.25,60.0,13.626720074911644,75500.0,0.0,0.0,3988467,3988691,0.0431462474056968,4.0,0.0143820824685655,0.0034671091674654,0.5716029309363005,3.0,2.0,1.0,2.3616788753090262e-05,0.0,559.0,0.0,0.0
0xea0dfae6d91c51e5076435ac04e262648193b9c1,0,ok,6,4.0,2.0,0.6666666666666666,6.0,4.0,2.0,1.0,0.0,3000.9982360000004,3001.0,750.2495590000001,2715.65117198538,1500.5,2653.2876803485874,0.001763999999639,0.9049159507687828,0.0,21.0,21.0,0.0,32500.0,0.0,0.0,4054247,4054275,0.0067417103714413,6.0,0.0013483420742882,0.0,0.9077332165117782,6.0,2.0,4.0,2.899178002909622e-05,0.0,19.0,0.0,1.0
0xab081742998c8d578ee1123db279b54dac1ce08e,0,ok,57,27.0,30.0,0.4736842105263157,32.0,2.0,30.0,0.5614035087719298,0.4385964912280701,5.479635826005382,5.532697462,0.2029494750372363,0.49944203,0.1844232487333333,0.5012,0.0530616359946174,0.091145113627759,0.0,45.26587869231579,155.0,32.22739305681163,88063.9298245614,0.0,0.0,4394815,19476119,2351.165429827593,0.0242432962295552,41.98509696120701,0.0011611736124312,7.022844002160629,32.0,30.0,2.0,0.0003001772604787,0.002016129032258,1541.0,0.0,1.0
0xe4faeef4002c200d9d4f1d381ccb5fb679d1c437,1,ok,12,6.0,6.0,0.5,7.0,4.0,3.0,0.5833333333333334,0.4166666666666667,1.41285449,1.41831449,0.2354757483333333,0.50761711,0.2363857483333333,0.50782711,0.00546,0.3592847767359255,0.0,40.0453125,100.0,31.846303782635204,21700.0,0.0,0.0,5620905,5691443,12.40658919259078,0.9672279636023094,1.12787174478098,0.0040453592577466,2.056630994612293,7.0,3.0,4.0,5.142637642849157e-05,0.0,2397.0,0.0,0.0
0xef57aa4b57587600fc209f345fe0a2687bc26985,1,ok,100,11.0,89.0,0.11,80.0,3.0,77.0,0.8,0.2,1785.06137948149,180.0589869899699,162.27830722559,300.0,2.0231346852805605,64.0,-1605.00239249152,0.1680614478854175,0.01,21.11081265661,60.0,10.937764088600396,126837.66,0.0,0.0,4384027,18440936,2208.6116130353703,0.0452773133174676,22.309208212478488,0.0007110372213301,9.83331138761818,80.0,77.0,3.0,0.0008459478835118,0.0,84.0,0.0,1.0
0x19fb7020381fe9197bf841d5034d5467fe5a3c93,1,ok,89,0.0,88.0,0.0,11.0,0.0,11.0,0.1235955056179775,0.875,0.0,0.0,0.0,0.0,0.0,0.0,0.0,0.0,1.0,7.518539338786517,41.0,5.636231831203776,165822.52808988764,0.0,0.0,6554645,10126446,580.9300092852778,0.1532026209310435,6.601477378241793,0.0011459913877425,2.3425496139904753,11.0,11.0,0.0,0.0001280806506991,0.0,13.0,0.0,0.0
0x91619a3456fdbac90bd93f51f2917981f0ed3097,1,ok,9,2.0,7.0,0.2222222222222222,9.0,2.0,7.0,1.0,0.0,10.6878272,10.688541200000005,5.3439136000000005,5.3440291,1.5269344571428576,5.3440291,0.0007140000000021,0.500010806686695,0.0,26.0,57.0,18.475208614068023,23333.333333333332,0.0,0.0,4907316,7109710,375.47309425370287,0.0239697601179348,46.93413678171285,4.948881455555006,1.512904040325948,9.0,7.0,2.0,6.612390237946406e-05,0.0,377.0,0.0,0.0
0x3715b1ed9bbd5e165af97619b5c5e13e39f55504,1,ok,24,1.0,23.0,0.0416666666666666,24.0,1.0,23.0,1.0,0.0,19.874192476690816,19.87457046891304,19.874192476690816,19.874192476690816,0.8641117595179584,4.0,0.0003779922222264,1.0,0.0,20.079166666708332,50.0,15.285422771520984,26375.0,0.0,0.0,5167563,5663399,84.7754000088876,0.2831009938907267,3.6858869569081567,0.0011846125926132,4.604135096958263,24.0,23.0,1.0,0.0002184548320325,0.0,2397.0,0.0,1.0
0x65af8c81291fb60a20235d9e4de80851f8f845d2,1,ok,8,0.0,7.0,0.0,4.0,0.0,4.0,0.5,0.4285714285714285,0.0,0.0,0.0,0.0,0.0,0.0,0.0,0.0,1.0,3.625,7.0,1.4947825928876748,347379.25,0.0,0.0,5120012,5830816,121.92855395629726,0.0656121945222727,17.41836485089961,0.0005150309729355,1.7459027762064383,4.0,4.0,0.0,1.3253575012067536e-05,0.0,165.0,0.0,0.0
0x5810c2d0a9ebda71192355f7847f6951d86c0d01,0,ok,11,6.0,5.0,0.5454545454545454,5.0,1.0,4.0,0.4545454545454545,0.5454545454545454,0.2692409807939324,0.2774469746506276,0.0448734967989887,0.1586474664247696,0.0554893949301255,0.1102461200531739,0.0082059938566951,0.589239669076205,0.0,39.19176518390909,108.0,31.594488121229524,44454.545454545456,0.0,0.0,3917529,18359690,2305.08917917134,0.0047720496453653,230.50891791713403,0.2535860277767535,1.4301829542176194,5.0,4.0,1.0,4.544954578923754e-05,0.0,447.0,0.0,0.0
0xfb990112f51931a2834fcf574a860b7419ecd76f,1,ok,4,2.0,2.0,0.5,3.0,1.0,2.0,0.75,0.25,0.705,0.710853,0.3525,0.5,0.3554265,0.509958,0.0058529999999999,0.7092198581560284,0.0,13.25,23.0,9.807522622966516,21000.0,0.0,0.0,5365997,5367018,0.1718755181492478,4.0,0.0572918393830826,0.0262610977777728,0.6530879720137579,3.0,2.0,1.0,3.447684386883675e-05,0.0,4.0,0.0,0.0
0xbd0a5d8c3d945cad1ee62c0bb8f8612e4c88f143,0,ok,4,3.0,1.0,0.75,4.0,3.0,1.0,1.0,0.0,20.007018246,20.01,6.669006081999999,19.997543246,20.01,20.01,0.0029817540000038,0.9995264161863854,0.25,36.25,78.0,24.159625411003375,55500.0,0.0,0.0,4160402,4274322,27.337607407407077,0.1463185837878484,9.112535802469026,0.3828328388901772,1.0389320055670188,4.0,1.0,3.0,1.6307518456102074e-05,0.0,740.0,0.0,0.0
0x9bd09d9c4feb1b41e4cca1906f03832640535e06,0,ok,7,2.0,5.0,0.2857142857142857,5.0,1.0,4.0,0.7142857142857143,0.2857142857142857,34.254998009999994,34.25560700999999,17.127499004999997,33.571339009999996,6.851121401999999,18.112,0.0006089999999971,0.9800420656921242,0.0,29.25714285714286,50.0,15.253932246459987,129000.0,0.0,0.0,5123703,7496604,407.18826694796206,0.0171910650875767,67.86471115799368,0.0031505703236217,2.145743523075684,5.0,4.0,1.0,1.620066356605785e-05,0.0,319.0,0.0,1.0
0x6427b7014f76b0cb3f2f50c860a077146b750f61,0,ok,4,2.0,2.0,0.5,3.0,2.0,2.0,0.75,0.25,0.71,0.71089518,0.355,0.356,0.35544759,0.35589518,0.0008951799999999,0.5014084507042254,0.0,31.0,61.0,17.320508075688775,38263.0,0.0,0.0,4154629,4156622,0.4798653131475051,4.0,0.1599551043825016,0.0040931812977349,1.3610298023666405,3.0,2.0,2.0,2.5649735331400697e-05,0.0,559.0,0.0,1.0
0x9e7fd03e9225f059f0c937c2223dabf5ae12806e,0,ok,5,4.0,1.0,0.8,3.0,3.0,1.0,0.6,0.4,0.0089015604881252,0.01,0.0022253901220313,0.0089015604881252,0.01,0.01,0.0010984395118747,1.0,0.6,14.0664973952,23.026863114,9.670986630495108,98400.0,0.0,0.0,4307911,6974144,463.8236970857393,0.0107799580560795,115.9559242714348,0.0033181737032201,1.0806220037647902,3.0,1.0,3.0,1.2738887439879045e-05,0.6666666666666666,571.0,0.0,0.0
0x39a7c26ada0e575d69f05dd6b8086f0ddd99e207,1,ok,5,0.0,4.0,0.0,3.0,0.0,3.0,0.6,0.25,0.0,0.0,0.0,0.0,0.0,0.0,0.0,0.0,1.0,4.0,11.0,3.63318042491699,428460.2,0.0,0.0,5121279,5929796,138.7067276205564,0.0360472782090131,34.6766819051391,0.0910459392572994,1.520776668266573,3.0,3.0,0.0,1.2882417832913967e-05,0.0,165.0,0.0,0.0
0xc5f6690f7b60fe739908e02aec46ae07718cec5f,1,ok,0,0.0,0.0,0.0,0.0,0.0,0.0,0.0,0.0,0.0,0.0,0.0,0.0,0.0,0.0,0.0,0.0,0.0,0.0,0.0,0.0,0.0,0.0,0.0,0,0,0.0,0.0,0.0,0.0,0.0,0.0,0.0,0.0,0.0,0.0,0.0,0.0,0.0
0x2903e9f1d81fac8ccc313b5b496f2db7db6750b6,1,ok,6,3.0,3.0,0.5,6.0,3.0,3.0,1.0,0.0,0.612955,0.615475,0.2043183333333333,0.29916,0.2051583333333333,0.3,0.0025199999999999,0.4880619295054286,0.0,25.833333333333332,40.0,14.837078178970714,21000.0,0.0,0.0,5172906,5266904,15.892271794075215,0.3775419951121686,3.178454358815043,0.0032153770382757,1.704914185511787,6.0,3.0,3.0,4.54469715483178e-05,0.0,2397.0,0.0,0.0
0xdf2ef91c1ab5a7b71ba7e6fdca3bc4aed9cffb64,0,ok,7,3.0,4.0,0.4285714285714285,4.0,1.0,3.0,0.5714285714285714,0.4285714285714285,4.801126529,4.80313175,1.6003755096666668,2.27458587,1.2007829375,2.27524049,0.0020052210000001,0.4737608676340719,0.0,20.714285714285715,21.0,0.4517539514526256,46714.28571428572,0.0,0.0,4078296,4153805,18.180707441297947,0.3850235213674534,3.0301179068829907,0.0012038768524373,1.8449874697165367,4.0,3.0,1.0,4.54469715483178e-05,0.0,818.0,0.0,0.0
0x0a4392f623faf54de72cbf6f567e1a7808251cd3,1,ok,6,4.0,2.0,0.6666666666666666,3.0,2.0,1.0,0.5,0.5,2.028068,2.03,0.5070169999999999,1.19,1.015,1.64,0.001932,0.5867653352846157,0.0,29.0,41.0,8.48528137423857,21000.0,0.0,0.0,5065757,5329679,44.5927034988889,0.1345511603742414,8.918540699777779,0.0531383362964347,1.0826099200464876,3.0,1.0,2.0,2.3506716189355696e-05,0.0,4.0,0.0,0.0
0x55f7ad5e3f55edf033a1a1499a6d3aad47058c8f,0,ok,100,50.0,50.0,0.5,4.0,1.0,4.0,0.04,0.96,33.403491719535566,33.44837711953557,0.6680698343907113,1.6896724,0.6689675423907114,1.69,0.0448854000000054,0.0505837058648518,0.0,26.884,175.5,35.290139472662894,33290.0,0.0,0.0,4657962,5949926,221.73721978694476,0.4509842781292403,2.2397698968378257,0.0019905833320485,1.3803440160368965,4.0,4.0,1.0,5.844622838140742e-05,0.0,1393.0,0.0,0.0
0xf243cd790111dda51d11dd0032a1f8e868cce862,0,ok,9,6.0,3.0,0.6666666666666666,8.0,5.0,3.0,0.8888888888888888,0.1111111111111111,1.49331922,1.52903573,0.2488865366666666,0.99331922,0.5096785766666666,1.0,0.0357165099999998,0.6651754070372173,0.4444444444444444,74.22222222222223,194.0,77.66992522173958,103415.77777777778,0.0,0.0,4614623,12072643,1210.7067919133328,0.0074336743298324,151.3383489891666,0.0123235037039827,2.559182584211533,8.0,3.0,5.0,4.54469715483178e-05,0.0,3798.0,0.0,0.0
0x6506827d91659e871fc7267160ba1c3407195270,1,ok,55,35.0,20.0,0.6363636363636364,29.0,16.0,17.0,0.5272727272727272,0.4727272727272727,204.64385135649584,122.58523636355268,5.846967181614167,202.0,6.129261818177634,39.8,-82.05861499294318,0.9870807193132318,0.4363636363636363,52.90909090909091,60.0,15.042089708877464,132836.5090909091,0.0363636363636363,0.0,4246085,4249225,0.7560346629636155,55.0,0.0140006419067336,0.0,3.472766432986966,29.0,17.0,16.0,0.0002215971454006,0.0,3798.0,0.0,0.0
0xce8af5c63e083824a8a99a6eec9e0d37b37b0dfa,0,ok,12,7.0,5.0,0.5833333333333334,10.0,6.0,4.0,0.8333333333333334,0.1666666666666666,15.7787,15.44340224,2.2541,6.0015,3.0886804480000003,6.26369244,-0.3352977599999995,0.3803545285733298,0.1666666666666666,29.65625,60.0,16.770621440172793,109863.41666666669,0.0833333333333333,0.0,3898155,7036345,568.9214687812494,0.0210925420439951,51.72013352556814,0.0121682719913897,2.5432169501971584,10.0,4.0,6.0,2.7914530999607197e-05,0.0222222222222222,393.0,0.0,1.0
0x33f74739ce6be3b2c38af76f5adb3866cb4784c4,1,ok,100,99.0,1.0,0.99,30.0,29.0,1.0,0.3,0.7,482.0,2.8657756163,4.8686868686868685,482.0,2.8657756163,2.8657756163,-479.1342243837,1.0,0.98,25.45,30.0,3.473830738536349,199690.53,0.22,0.0,4601263,4602007,0.1234161666670331,100.0,0.0012466279461316,0.0,3.5934817853624357,30.0,1.0,29.0,2.3506716189355696e-05,0.0,3798.0,0.0,0.0
0xe086e216a480be819d9947e6f0b3eec1fed667a6,0,ok,5,3.0,2.0,0.6,5.0,3.0,2.0,1.0,0.0,3000.998288248,3001.0,1000.3327627493333,1816.470841875842,1500.5,1899.265136495798,0.0017117520001193,0.6052888630390749,0.0,21.0,21.0,0.0,34800.0,0.0,0.0,4032539,4032553,0.0033708551857206,5.0,0.0008427137964301,0.0,1.285714285298475,5.0,2.0,3.0,3.447684386883675e-05,0.0,6.0,0.0,0.0
0x22764de8f82f2d2a90e0ccca4556a2a5114b6461,1,ok,2,1.0,1.0,0.5,2.0,1.0,1.0,1.0,0.0,5.64203741,5.64296141,5.64203741,5.64203741,5.64296141,5.64296141,0.0009239999999994,1.0,0.0,34.0,44.0,10.0,21000.0,0.0,0.0,11251794,11275378,3.6223189688915456,0.5521324922448819,3.6223189688915456,3.6223189688915456,0.0,2.0,1.0,1.0,1.3085094893848697e-05,0.0,23.0,0.0,0.0
0x878cce43a3b9d8a872a33d2d6ccd561e033707f4,1,ok,4,1.0,3.0,0.25,4.0,1.0,3.0,1.0,0.0,1.224139,1.225,1.224139,1.224139,0.4083333333333334,0.625,0.000861,1.0,0.0,36.75,60.0,19.904459299363044,68000.0,0.0,0.0,5171891,5173583,0.2863377866673249,4.0,0.0954459288891082,0.0072769059240818,1.2739342166056336,4.0,3.0,1.0,3.9961907708577274e-05,0.1666666666666666,16.0,1.0,1.0
0x0920e587879ae8dd15ae27526699962a1d36c31f,0,ok,41,23.0,18.0,0.5609756097560976,2.0,2.0,1.0,0.048780487804878,0.951219512195122,0.00309855,0.0175862959999999,0.0001347195652173,0.00309855,0.0009770164444444,0.0047,0.0144877459999999,1.0,0.5365853658536586,30.49390243902439,40.0,8.83736658658018,82951.21951219512,0.0,0.0,5053735,7583739,432.63534140786913,0.0947680322799774,10.815883535196727,0.0005076911107257,5.764220549896823,2.0,1.0,2.0,3.2977757173049357e-05,0.0,182.0,0.0,0.0
0x7bd01b7063c6bb0d9ee5142e8b72ebafd5efc9bd,0,ok,7,4.0,3.0,0.5714285714285714,3.0,2.0,1.0,0.4285714285714285,0.5714285714285714,1.169727858794896,1.1743117900000002,0.292431964698724,0.97675575,0.3914372633333334,0.97431179,0.0045839312051041,0.835028201351292,0.0,27.432593232,51.0,15.3119191995164,88519.71428571429,0.0,0.0,3977193,19496994,2453.001014546898,0.0028536474133065,408.833502424483,0.0015409374099086,2.1120066274387916,3.0,1.0,2.0,2.3506716189355696e-05,0.0,1541.0,0.0,0.0
0xec54cefe6f229b9143b06a06163c0539ec7858e8,0,ok,9,5.0,4.0,0.5555555555555556,7.0,5.0,2.0,0.7777777777777778,0.2222222222222222,5.6174473449999995,5.62,1.123489469,3.119559,1.405,3.12,0.0025526550000005,0.5553339102994299,0.1111111111111111,20.22222222222222,25.0,3.8232556742411674,24506.11111111111,0.0,0.0,4201886,4840750,128.20152010518643,0.0702019757068068,16.025190013148304,0.0008756620381717,1.5430095620035045,7.0,2.0,5.0,1.4822161364604977e-05,0.0476190476190476,3798.0,0.0,2.0
0x9eb041af96d44583110565abec79aedf22eb60b5,1,ok,19,4.0,15.0,0.2105263157894736,17.0,3.0,14.0,0.8947368421052632,0.1052631578947368,0.0575227243,0.05801,0.014380681075,0.0575227243,0.0038673333333333,0.01,0.0004872757,1.0,0.2105263157894736,20.338157894736845,42.0,16.078136446947084,30923.21052631579,0.0526315789473684,0.0,4497944,5492972,168.95047453481567,0.1124589916205572,9.386137474156426,0.0011850620364701,2.3220358320744956,17.0,14.0,3.0,0.0001661183760226,0.0,601.0,0.0,0.0
0x8088771aee1f344527c1b435b020ea7cb03e843d,0,ok,31,16.0,15.0,0.5161290322580645,17.0,15.0,2.0,0.5483870967741935,0.4516129032258064,256.8519316305033,256.86133999,16.053245726906457,99.99386878,17.124089332666664,99.995,0.0094083594966605,0.3893054965373867,0.0,25.97856161845161,106.0,18.76127491200492,41806.51612903226,0.0,0.0,2042849,4871122,516.0181916154645,0.060075401417439,17.20060638718215,0.0006624101875004,1.7055220790568162,17.0,2.0,15.0,3.278693734719159e-05,0.0,800.0,0.0,0.0
0xde4e12908335d6378b7de54f45aef4f3d2775b24,0,ok,100,44.0,56.0,0.44,5.0,3.0,2.0,0.05,0.95,39.38604188180709,39.44480702478803,0.8951373154956156,1.99977207,0.7043715540140719,1.001822100359593,0.0587651429809383,0.0507736237116967,0.01,25.21866897938001,82.0,21.66765354248557,50310.0,0.0,0.0,4016885,24185217,3099.200486348517,0.032266386263323,31.305055417661784,0.0002791411098506,6.5766914987937914,5.0,2.0,3.0,2.5015206185118624e-05,0.0,1541.0,0.0,0.0
0x6b14feef982c34e09d745b5abdcd51706cd0b57c,0,ok,78,49.0,29.0,0.6282051282051282,16.0,12.0,4.0,0.2051282051282051,0.7948717948717948,225.25717397593405,225.35683704777404,4.597085183182328,51.761103633,7.770925415440484,31.40175624,0.0996630718399842,0.2297867043228112,0.358974358974359,74.87089008710257,600.0,79.40087416923012,65458.820512820515,0.0384615384615384,0.0,4534486,16154720,1854.5301613527756,0.0420591703631842,24.08480729029579,0.0005253972223511,3.636493711234329,16.0,4.0,12.0,5.59782259822591e-05,0.0083333333333333,2397.0,0.0,1.0
0xdc32e40cd79527e66651b85d70cf4922b0d09f3b,0,ok,6,4.0,2.0,0.6666666666666666,6.0,4.0,2.0,1.0,0.0,1000.995884,1001.0,250.248971,692.7794235200797,500.5,693.9040130373029,0.0041160000000672,0.6920901819812875,0.0,49.0,49.0,0.0,32500.0,0.0,0.0,3917519,3917547,0.0053932809250222,6.0,0.0010786561850044,0.0,1.1823532393396976,6.0,2.0,4.0,2.899178002909622e-05,0.0,41.0,0.0,0.0
0xeecc46a74cea6133a12672bd62d5167877b4d521,1,ok,8,4.0,4.0,0.5,6.0,2.0,4.0,0.75,0.25,1.6949999999999998,0.8789210000000001,0.4237499999999999,0.875,0.21973025,0.288921,-0.8160789999999998,0.5162241887905605,0.25,40.375,100.0,34.13919118842741,108187.5,0.0,0.0,4984852,4990548,0.9975541925927004,8.0,0.1425077417989571,0.0012259268512328,1.189224672678998,6.0,4.0,2.0,4.6394649510033786e-05,0.0,3798.0,0.0,0.0
0x6d64486a5c99139b53239297e0b653d196d05777,1,ok,13,2.0,10.0,0.1538461538461538,11.0,2.0,9.0,0.8461538461538461,0.0833333333333333,60.20940509,60.21056009,30.104702545,30.20940509,6.0210560090000005,30.0,0.0011549999999971,0.5017389732524925,0.0,24.923076923076923,50.0,16.264456473509906,32461.53846153846,0.0,0.0769230769230769,4937480,4947200,1.7022869999982693,7.636785101462454,0.1418572499998557,0.0008756620354122,1.1808358552689855,11.0,9.0,2.0,9.755507802585278e-05,0.0363636363636363,292.0,1.0,1.0
0xadd51fd4e155adc69bed26617b66cf43c98ba610,0,ok,16,13.0,3.0,0.8125,13.0,10.0,3.0,0.8125,0.1875,4.100499999999999,4.11213966,0.3154230769230768,2.0,1.37071322,2.00225966,0.011639660000001,0.4877453969028168,0.5,50.7391191133125,280.60946787,64.11584235800471,81450.9375,0.0,0.0,4251577,19602240,2402.810680796479,0.0066588683527477,160.18737871976526,0.0016490962963413,3.128479896807083,13.0,3.0,10.0,2.438905350743031e-05,0.0128205128205128,3798.0,0.0,0.0
0xbf4654c8d6e6aef37f95b31274039b134acb5153,0,ok,5,3.0,2.0,0.6,4.0,2.0,2.0,0.8,0.2,0.32228,0.3231,0.1074266666666666,0.32228,0.16155,0.3227,0.0008199999999999,1.0,0.4,10.4,20.0,7.838367176906171,34000.0,0.0,0.0,6608996,7453618,148.3984801400922,0.0336930674443556,37.09962003502304,0.7928623280536246,1.4946728630861372,4.0,2.0,2.0,3.447684386883675e-05,0.0,5.0,0.0,0.0
0xd7f9b5b0a667f3deb17e25cd1703f91ff17d0ea2,0,ok,64,52.0,12.0,0.8125,7.0,2.0,5.0,0.109375,0.890625,0.0010335,0.047766665,1.9875e-05,0.0010335,0.0039805554166666,0.00619588,0.046733165,1.0,0.796875,18.078125,41.0,8.389548348056348,45511.140625,0.0,0.0,6050973,11518796,879.4382206824532,0.0727737304279717,13.959336836229417,0.0605218340732433,1.3228023371440418,7.0,5.0,2.0,4.910368077481148e-05,0.0,10.0,0.0,0.0
0xdf3e77cd5e563f93fc7eca905d3302e95f9bb150,1,ok,16,2.0,14.0,0.125,12.0,2.0,10.0,0.75,0.25,47.74328980312513,47.74341580312513,23.871644901562565,27.0,3.4102439859375093,30.14709662312513,0.0001260000000016,0.5655244980255354,0.0,40.3750000000625,100.0,31.792048927335248,33637.5,0.0,0.0,4965926,4974284,1.4637566611087984,10.930778608979972,0.0975837774072532,0.0012259268512328,1.246044367442014,12.0,10.0,2.0,0.0001158734262018,0.0151515151515151,292.0,1.0,1.0
0x3d11b2189ad65e0e91e2f2b0e07cbc05ddc75b7a,1,ok,8,0.0,7.0,0.0,4.0,0.0,4.0,0.5,0.4285714285714285,0.0,0.0,0.0,0.0,0.0,0.0,0.0,0.0,1.0,5.6375,15.0,4.652401933410311,361505.625,0.0,0.0,5130825,5929931,137.1144308987508,0.058345426863985,19.58777584267869,0.0,2.4055178595049567,4.0,4.0,0.0,1.320133630883191e-05,0.0,165.0,0.0,0.0
0x0cda6b10e83242857a8e63be452ac5523f861366,0,ok,5,3.0,2.0,0.6,5.0,3.0,2.0,1.0,0.0,2000.998677,2001.0,666.999559,1468.4136488597371,1000.5,1370.9244898731984,0.0013229999999566,0.7338403896704511,0.0,21.0,21.0,0.0,34800.0,0.0,0.0,4154638,4154654,0.0038524059261436,5.0,0.0009631014815359,0.0,0.8838834772682591,5.0,2.0,3.0,3.447684386883675e-05,0.0,3798.0,0.0,1.0
0xdaa29859836d97c810c7f9d350d4a1b3e8cafc9a,1,ok,2,1.0,1.0,0.5,2.0,1.0,1.0,1.0,0.0,0.028,0.0292,0.028,0.028,0.0292,0.0292,0.0011999999999999,1.0,0.0,37.5,55.0,17.5,21000.0,0.0,0.0,4794401,4795588,0.2078821675920928,2.0,0.2078821675920928,0.2078821675920928,0.0,2.0,1.0,1.0,2.3506716189355696e-05,0.0,3.0,0.0,0.0
0x18345118bd04c405b4d74941563a21b5a2bf06b7,1,ok,100,90.0,10.0,0.9,7.0,2.0,5.0,0.07,0.93,8990.00002302,1.04e-07,99.88888914466666,100.0,1.04e-08,1e-07,-8990.000022916,0.0111234704943201,0.05,35.511288847779994,178.032235042,18.767017421245317,890430.27,0.0,0.0,14683967,25405594,1518.088969429861,0.0658722920815084,15.33423201444304,0.0,9.89303490556193,8.0,6.0,3.0,6.531416180510945e-05,0.0,436.0,1.0,1.0
0x88572674702de1ad93940cd1585425c4409d97d9,0,ok,6,3.0,3.0,0.5,2.0,1.0,1.0,0.3333333333333333,0.6666666666666666,0.0,0.0100465583802,0.0,0.0,0.0033488527934,0.0037005324561,0.0100465583802,0.0,0.5,22.351659005166667,24.670216374,1.6403932421524816,150000.0,0.0,0.0,4097911,4103299,1.2972976955550688,4.624998580169995,0.2594595391110137,0.0,1.8394504239015967,2.0,1.0,1.0,1.2794709161156552e-05,1.0,393.0,0.0,1.0
0x284e4db00b3ae36a6f3f2593f8fb0282e5512f85,0,ok,11,8.0,3.0,0.7272727272727273,5.0,2.0,3.0,0.4545454545454545,0.5454545454545454,1.5691786227846232,0.995000002,0.1961473278480779,0.881069,0.3316666673333333,0.995,-0.5741786207846231,0.5614841976603518,0.3636363636363636,26.13539954172728,133.0,40.01432564217866,523036.3636363637,0.0,0.0,6108252,25065957,2831.9166936014813,0.0038842950517766,283.1916693601481,0.0490001050934747,2.956378093152781,5.0,3.0,2.0,3.5474128203335026e-05,0.0,237.0,0.0,0.0
0xd2f4ea2f9d4c627c957305e28877081da9296d47,1,ok,3,0.0,2.0,0.0,2.0,0.0,2.0,0.6666666666666666,0.0,0.0,0.0,0.0,0.0,0.0,0.0,0.0,0.0,1.0,3.0,4.0,0.816496580927726,580291.6666666666,0.0,0.0,5220377,5300415,13.49999103370364,0.2222223698156759,6.74999551685182,1.5970450937030491,0.7634005697165402,2.0,2.0,0.0,1.2755041268859982e-05,0.0,165.0,0.0,0.0
0x3ccdfc91b4f8b73eca4f9a2af281887a8311834f,0,ok,16,13.0,3.0,0.8125,10.0,8.0,2.0,0.625,0.375,17.267768330000003,17.28939539,1.3282898715384617,7.01,5.763131796666666,9.74696193,0.0216270599999965,0.4059586546468335,0.0,72.0,120.0,34.39113257803529,48062.5,0.0,0.0,4690299,15452621,1728.683124493656,0.0092556002735819,115.24554163291036,0.0004976458323222,3.4469266446339923,10.0,2.0,8.0,3.447684386883675e-05,0.0,11.0,0.0,0.0
0x8374aa52bf36eabca06e33c4163a081f53e39aa3,1,ok,14,1.0,13.0,0.0714285714285714,13.0,1.0,12.0,0.9285714285714286,0.0714285714285714,44.67,44.67924914,44.67,44.67,3.4368653184615385,10.0,0.0092491400000014,1.0,0.0,75.02857142864286,500.0,118.40998647898004,140392.85714285713,0.0,0.0,4361555,4421235,14.14490047407371,0.989755991967614,1.0880692672364392,0.0004740248151399,3.33026030772104,13.0,12.0,1.0,0.0001441781206636,0.0,14.0,0.0,0.0
0x64494eda6077515b8b2adb97e5cee0ba9438e64f,0,ok,5,3.0,2.0,0.6,5.0,3.0,2.0,1.0,0.0,1000.99685,1001.0,333.66561666666666,854.8329512637796,500.5,824.9302713237796,0.003150000000005,0.8539816596463611,0.0,46.4,50.0,4.409081537009721,34800.0,0.0,0.0,3995866,3995873,0.0013483202319454,5.0,0.0003370800579863,0.0,0.7423074898583614,5.0,2.0,3.0,3.447684386883675e-05,0.0,740.0,0.0,1.0
0x9327cb34984c3992ec1ea0eae98ccf80a74f95b9,1,ok,6,1.0,5.0,0.1666666666666666,6.0,1.0,5.0,1.0,0.0,15.34,15.350000001,15.34,15.34,3.0700000002,10.0,0.0100000009999998,1.0,0.0,22.6720059315,28.032035589,2.6355233988443194,720500.0,0.0,0.0,3892840,21169688,2703.0277772255545,0.0022197330158991,540.6055554451109,0.0096308587960622,1.990588506162858,6.0,5.0,1.0,6.190216306753938e-05,0.0,51.0,0.0,0.0
0x76bc96d31f29c001a8f670700cd2792d4aade442,0,ok,65,24.0,41.0,0.3692307692307692,14.0,3.0,12.0,0.2153846153846154,0.7846153846153846,132.92748331533977,132.9334,5.538645138139157,12.1798319958,3.242278048780488,9.237,0.0059166846602352,0.0916276430729239,0.0461538461538461,16.862241333215383,47.619047619,16.588844495071328,39329.230769230766,0.0,0.0,6069408,20530631,2205.4652164942604,0.0294722399219344,34.46039400772282,0.0003274261096009,3.790357538018783,14.0,12.0,3.0,0.0001044033702066,0.0329670329670329,880.0,0.0,0.0
0xcff5e190a3d92e480a8bc5b414362c0d1afeb54e,1,ok,8,0.0,7.0,0.0,4.0,0.0,4.0,0.5,0.4285714285714285,0.0,0.0,0.0,0.0,0.0,0.0,0.0,0.0,1.0,3.5,7.0,1.7320508075688772,361588.625,0.125,0.0,5129958,5831012,120.2790373827793,0.0665120055337704,17.18271962611133,0.0017167699088652,2.003138952992499,4.0,4.0,0.0,2.408038779338161e-05,0.0,165.0,0.0,0.0
0x3639b8b8eda816b2cb62b65159a183972a3cf863,1,ok,11,1.0,10.0,0.0909090909090909,11.0,1.0,10.0,1.0,0.0,93.51818879941597,93.51862979941596,93.51818879941597,93.51818879941597,9.351862979941597,51.0,0.000440999999995,1.0,0.0,26.181818181818183,50.0,11.231596517440364,87045.45454545454,0.0,0.0,4383091,5260246,156.99487952796122,0.0700659794324111,15.699487952796122,0.0023701240756997,2.2096427591343626,11.0,10.0,1.0,0.0001222378653046,0.0,12.0,0.0,0.0
0x7c57981af4cee87567774b53f9da1bfceb8b944b,1,ok,3,1.0,2.0,0.3333333333333333,3.0,1.0,2.0,1.0,0.0,3.39979,3.4,3.39979,3.39979,1.7,3.1,0.00021,1.0,0.0,15.333333333333334,21.0,4.4969125210773475,21000.0,0.0,0.0,4496131,4669149,28.97576602509452,0.1035347951595772,14.48788301254726,2.3382775042592376,0.8386046117135147,3.0,2.0,1.0,3.447684386883675e-05,0.0,836.0,0.0,0.0
0xaf31bf4fa017768e6426308cf17e16d633700265,1,ok,11,10.0,1.0,0.9090909090909092,9.0,9.0,1.0,0.8181818181818182,0.1818181818181818,5.4948865,5.5,0.54948865,3.5,5.5,5.5,0.0051135000000002,0.6369558315717714,0.0,23.045454545454547,46.5,10.476064809092083,21954.545454545456,0.0,0.0,4384324,4767592,71.96806266148057,0.1528455761236924,7.196806266148059,0.0016588194447535,1.620798635570586,9.0,1.0,9.0,2.52836240668827e-05,0.0,10.0,0.0,0.0
0xc67cc846e7e1849d9f113bca15b1c477b30e5487,0,ok,17,11.0,6.0,0.6470588235294118,7.0,6.0,2.0,0.4117647058823529,0.5882352941176471,3.110216050681988,3.1327284846819876,0.2827469136983625,0.974638066,0.5221214141136646,0.983967,0.0225124339999998,0.3133666761787457,0.1764705882352941,41.8235294117647,75.0,23.387365352503643,79604.29411764706,0.1176470588235294,0.0,4936749,12324502,1194.3719004657423,0.0142334225992514,74.6482437791089,0.0012355925915417,3.7385385882846487,7.0,2.0,6.0,4.5418618195266615e-05,0.0,1393.0,0.0,0.0
0x56f0e244ea07e894170731285daf8cf4864e368e,1,ok,9,4.0,5.0,0.4444444444444444,7.0,3.0,5.0,0.7777777777777778,0.2222222222222222,2.0685856397867672,2.0864722535400393,0.5171464099466918,1.9531025608621224,0.4172944507080078,2.0,0.017886613753272,0.9441729282542304,0.0,23.333333333333332,41.0,7.803133273813083,27555.555555555555,0.0,0.0,5171988,5324691,25.77551025666573,0.3491686453684282,3.2219387820832157,0.0230153303703776,0.9651394620520712,7.0,5.0,3.0,8.160655540194135e-05,0.0,23.0,0.0,0.0
0x1d1c9f70a68c129096d8181529041843e8bc1a30,0,ok,100,85.0,15.0,0.85,30.0,23.0,9.0,0.3,0.6739130434782609,8.121629560466957,3.4865786866707853,0.0955485830643171,5.370182,0.2324385791113856,0.7368102158307855,-4.635050873796171,0.6612197663065094,0.71,40.0389231563,225.012708087,43.52878827865167,699182.58,0.0,0.0,7682636,19400081,1773.1912629918534,0.0563954955605144,17.911022858503568,0.0,3.158194459715519,30.0,9.0,23.0,0.00011987085788,0.0,30.0,0.0,0.0
0x439cb5628e64677c540a8635c86e41d83c1170d5,1,ok,2,1.0,1.0,0.5,2.0,1.0,1.0,1.0,0.0,5.6583297,5.6592957,5.6583297,5.6583297,5.6592957,5.6592957,0.000966,1.0,0.0,36.5,46.0,9.5,21000.0,0.0,0.0,11252001,11275394,3.592982854445775,0.5566405632927809,3.592982854445775,3.592982854445775,0.0,2.0,1.0,1.0,1.3085094893848697e-05,0.0,23.0,0.0,0.0
0xcc02b920ae227f1be7d01fc241c27e5f74d40436,1,ok,4,0.0,3.0,0.0,1.0,0.0,1.0,0.25,0.6666666666666666,0.0,0.0,0.0,0.0,0.0,0.0,0.0,0.0,1.0,3.75,4.0,0.4330127018922193,315642.0,0.5,0.0,6559407,6566457,1.1541770416663752,3.465672817599013,0.3847256805554584,0.00491139166609,1.3850415167129628,1.0,1.0,0.0,2.3506716189355696e-05,0.0,2.0,0.0,0.0
0xdc3fd5cce7b17e461c692ff34f22fbd4b780b151,1,ok,6,0.0,5.0,0.0,2.0,0.0,2.0,0.3333333333333333,0.6,0.0,0.0,0.0,0.0,0.0,0.0,0.0,0.0,1.0,10.5,41.0,13.708270009985457,395842.6666666667,0.0,0.0,5209119,5218187,1.534580998517297,3.909862044295586,0.3069161997034594,0.0015230733321772,1.3828363959960797,2.0,2.0,0.0,2.136492935669511e-05,0.0,165.0,0.0,0.0
0x36b0506de25f9e2a701ca6ebdd0c4e22c8ce8adc,0,ok,22,6.0,16.0,0.2727272727272727,14.0,2.0,12.0,0.6363636363636364,0.3636363636363636,1999.99,2000.0,333.3316666666667,899.0,125.0,900.0,0.0099999999997635,0.4495022475112375,0.0,22.227272727272727,50.0,6.0672879831992805,42719.77272727273,0.0,0.0,3977554,4949822,200.23622359935055,0.1098702302936927,9.535058266635742,0.0001926171752037,3.936102916081332,14.0,12.0,2.0,0.0001336310437281,0.0,393.0,0.0,1.0
0x3ccc90e0515ee207ffc65aa386eb7d6a6d6b2c7a,0,ok,5,3.0,2.0,0.6,5.0,3.0,2.0,1.0,0.0,2000.998677,2001.0,666.999559,1229.7897958754988,1000.5,1324.6776218701546,0.001323000000184,0.6145880104824771,0.0,21.0,21.0,0.0,34800.0,0.0,0.0,3812225,3812241,0.0030818748142984,5.0,0.0007704687035746,0.0,0.8477912480226762,5.0,2.0,3.0,3.447684386883675e-05,0.0,1143.0,0.0,1.0
0xfe9b7db8d9d57e9ad9341bcf51b110ba5d27b48b,1,ok,11,7.0,4.0,0.6363636363636364,10.0,7.0,3.0,0.9090909090909092,0.0909090909090909,10.39170116,10.39315016,1.4845287371428573,7.01352469,2.59828754,8.29305016,0.0014489999999991,0.6749159335909924,0.0,22.263389553,51.0,18.203704551564744,21000.0,0.0,0.0,5769306,15517741,1553.3722073597685,0.007081367844669,155.3372207359768,0.0005150309729355,2.9978415476321296,10.0,3.0,7.0,3.363040155125076e-05,0.0,2397.0,0.0,0.0
0x8c9d299cc3c2111499416cf4e3677328486cfac2,1,ok,24,1.0,23.0,0.0416666666666666,24.0,1.0,23.0,1.0,0.0,78.13649998782006,78.13733998782006,78.13649998782006,78.13649998782006,3.39727565164435,30.0,0.0008399999999966,1.0,0.0,43.583333333333336,150.0,28.223684892105936,120250.0,0.0,0.0,4736712,4762430,4.3811351018536975,5.478032391615905,0.1904841348632042,0.0,4.647953684106146,24.0,23.0,1.0,0.0002487371501087,0.0,314.0,0.0,0.0
0x0211009a98c9a450920b560266a9102e0e1917be,0,ok,16,15.0,1.0,0.9375,6.0,5.0,1.0,0.375,0.625,0.071837554170867,0.11,0.0047891702780578,0.071837554170867,0.11,0.11,0.038162445829133,1.0,0.875,57.105253849312504,71.0,16.17225658478669,47255.0,0.125,0.0,5240161,17407619,1910.359854477961,0.0083753853822332,127.35732363186408,0.0010153822242109,2.881191331107001,6.0,1.0,5.0,2.3506716189355696e-05,0.0,1474.0,0.0,0.0
0xe88379631857c0d8174efefdf8dca25b29610f08,1,ok,4,2.0,2.0,0.5,4.0,2.0,2.0,1.0,0.0,0.11215402,0.11387602,0.05607701,0.05760751,0.05693801,0.05846851,0.001722,0.5136464123176325,0.0,31.5,41.0,11.84271928232701,28250.0,0.0,0.0,5066076,5125642,10.080376241483073,0.39681058565444,3.36012541382769,0.0020307644456624,1.1578582646470774,4.0,2.0,2.0,2.3606183681216935e-05,0.0,1143.0,0.0,0.0
0xbf0c85867fcdd4064d22b0dfd91561a52134e035,1,ok,7,0.0,6.0,0.0,4.0,0.0,4.0,0.5714285714285714,0.3333333333333333,0.0,0.0,0.0,0.0,0.0,0.0,0.0,0.0,1.0,4.428571428571429,6.0,1.0497813183356477,377435.0,0.0,0.0,5207045,5818944,105.16177789777794,0.0665641085566689,17.52696298296299,0.0018615340745007,1.8566621002453536,4.0,4.0,0.0,1.320133630883191e-05,0.0,165.0,0.0,0.0
0xeb8ebbd75a5beef8678076daa040a9d355ebb738,0,ok,8,4.0,4.0,0.5,7.0,4.0,3.0,0.875,0.125,170.978299,170.98,42.74457475,69.98957999999999,42.745,69.99,0.001700999999997,0.4093477383349099,0.0,20.25,21.0,0.4330127018922193,22250.0,0.0,0.0,3375213,3733750,62.071158164168395,0.1288843359236388,8.867308309166914,0.0007047829639028,1.9877087205423511,7.0,3.0,4.0,3.457602541276109e-05,0.0,1143.0,0.0,0.0
0x8febabe4f5b70ed7b69f5f45cc93b4a7ec665bcf,0,ok,5,3.0,2.0,0.6,5.0,3.0,2.0,1.0,0.0,2000.998677,2001.0,666.999559,1468.2166282297371,1000.5,1379.2688334191982,0.0013229999999566,0.7337419285208938,0.0,21.0,21.0,0.0,34800.0,0.0,0.0,4154638,4154654,0.0038524059261436,5.0,0.0009631014815359,0.0,0.7905694153818652,5.0,2.0,3.0,2.899178002909622e-05,0.0,9.0,0.0,1.0
0xb17e8e3675502a14ac5e2a4507d7212ecdcd2b80,0,ok,10,4.0,6.0,0.4,6.0,3.0,3.0,0.6,0.4,29.1859592,29.18784847,7.2964898,15.08063009,4.864641411666667,12.41082508,0.001889270000003,0.5167083934661294,0.0,28.6284624259,51.0,8.513024548614494,21840.4,0.0,0.0,4036502,4357179,76.80781283685178,0.1301950886329896,8.534201426316864,0.2138085288885567,1.0372315967318206,6.0,3.0,3.0,1.314108947333129e-05,0.1333333333333333,1143.0,0.0,0.0
0x58429fd94c82b73c6dbf824fd2382d48b320a8d0,0,ok,41,37.0,4.0,0.902439024390244,10.0,6.0,4.0,0.2439024390243902,0.7560975609756098,0.169254991,0.204,0.0045744592162162,0.078254991,0.051,0.094,0.0347450089999999,0.4623496804298077,0.7317073170731707,37.25121951219512,124.0,32.63542233824648,54933.634146341465,0.073170731707317,0.0,4936196,12130113,1164.4941351637965,0.0352084212036267,29.112353379094905,0.0,2.649651304286366,10.0,4.0,6.0,3.5669475713655724e-05,0.0,9.0,0.0,0.0
0xd904a317e73f6339692c81b1c9301872c1221eb1,0,ok,67,26.0,41.0,0.3880597014925373,27.0,7.0,20.0,0.4029850746268656,0.5970149253731343,18.32821988073042,18.32944524736469,0.7049315338742469,10.95446677,0.4470596401796265,10.80488677,0.0012253666342694,0.5976830724033981,0.0746268656716417,30.733126721477618,173.0,26.489553697207963,33683.76119402985,0.0,0.0,5041145,18125150,2044.6915386148155,0.0327677787747825,30.98017482749721,0.0001692303684022,3.5678310878720954,27.0,20.0,7.0,0.0002580357622346,0.0028490028490028,2397.0,0.0,1.0
0xbc83d48dd0cd9c3f47bab6436defeb334b563f4c,1,ok,14,9.0,5.0,0.6428571428571429,10.0,6.0,4.0,0.7142857142857143,0.2857142857142857,0.98762,0.992,0.1097355555555555,0.45,0.1984,0.5,0.0043799999999999,0.4556408335189648,0.0,23.071428571428573,41.0,5.750332732165353,25928.571428571428,0.0,0.0,5337055,5784942,77.40025535675939,0.1808779562221092,5.953865796673798,0.008266603703852,1.4005654702144354,10.0,4.0,6.0,8.99067798692671e-05,0.0,2397.0,0.0,0.0
0xef6805af393c34fe772f8d827a5d26685215612a,1,ok,3,1.0,2.0,0.3333333333333333,3.0,1.0,2.0,1.0,0.0,3.099559,3.1,3.099559,3.099559,1.55,3.0,0.0004409999999999,1.0,0.0,24.0,30.0,4.242640687119285,64000.0,0.0,0.0,4396490,4401295,1.138844617591412,2.6342487409255355,0.569422308795706,0.1012042979620121,0.8222684703448779,3.0,2.0,1.0,3.447684386883675e-05,0.0,6.0,0.0,0.0
0x6ddfef85ecf643628254e5af7064e05b3c6b221e,1,ok,23,16.0,7.0,0.6956521739130435,14.0,11.0,5.0,0.6086956521739131,0.391304347826087,15.011891997,15.02743195,0.9382432498125,6.0,2.146775992857143,8.2,0.0155399529999993,0.3996831312934471,0.1739130434782608,16.10048924830435,51.311252711,12.189896586165716,69860.04347826086,0.0,0.0,3923250,5172439,248.66581649601736,0.0924936138151034,11.302991658909882,0.0001692303711617,3.135077118793731,14.0,5.0,11.0,7.816165130937812e-05,0.0329670329670329,3798.0,1.0,1.0
0x3cd318127131b47581ed744dbde776511797d595,0,ok,39,20.0,19.0,0.5128205128205128,15.0,14.0,1.0,0.3846153846153846,0.6153846153846154,1.109267120964779,1.12020651,0.0554633560482389,0.14667746,0.058958237368421,0.14847746,0.0109393890352209,0.1322291603418553,0.0,20.669107006410258,25.0,1.2254942092870718,306743.58974358975,0.0,0.0,2268183,3880079,273.529741948843,0.1425804730488649,7.198151103916919,0.000828781944734,1.3375305857238369,15.0,1.0,14.0,1.4352252763805418e-05,0.0,373.0,0.0,1.0
0xb298aa04352755f431249609e56ccc4a898a68d7,0,ok,5,3.0,2.0,0.6,5.0,3.0,2.0,1.0,0.0,1000.9986491911912,1001.0,333.6662163970637,747.7108630095751,500.49999999999994,746.1347056370033,0.0013508088087519,0.7469649071092422,0.0,21.326213697,21.522992742,0.1670093545548058,34800.0,0.0,0.0,4097899,4097916,0.0040931812977349,5.0,0.0010232953244337,0.0,1.157195033643909,5.0,2.0,3.0,2.3506716189355696e-05,0.0,23.0,0.0,0.0
0xbe468934c782f1a3538c048d38588a3b8e28f061,0,ok,3,2.0,1.0,0.6666666666666666,3.0,2.0,1.0,1.0,0.0,118.79634,118.8,59.39817,99.99634,118.8,118.8,0.0036599999999964,0.8417459662477818,0.0,55.333333333333336,126.0,49.968879203849355,21000.0,0.0,0.0,3812234,12028503,1378.5350859622242,0.0021762231738236,689.2675429811122,0.0013483202319454,0.999998043836177,3.0,1.0,2.0,2.3506716189355696e-05,0.0,4.0,0.0,0.0
0x0153775362c3071c1860e8dbfd53ccc82fa226f5,1,ok,2,1.0,1.0,0.5,2.0,1.0,1.0,1.0,0.0,0.999538,1.0,0.999538,0.999538,1.0,1.0,0.0004619999999999,1.0,0.0,67.5,113.0,45.5,33000.0,0.0,0.0,5266712,5330648,10.763009920001585,0.1858216256293951,10.763009920001585,10.763009920001585,0.0,2.0,1.0,1.0,1.4347711657218768e-05,0.0,966.0,0.0,1.0
0xd9204db19a18e051e861576a462c0cf83a2b6237,1,ok,7,0.0,6.0,0.0,4.0,0.0,4.0,0.5714285714285714,0.3333333333333333,0.0,0.0,0.0,0.0,0.0,0.0,0.0,0.0,1.0,3.4285714285714284,7.0,1.8405855323893037,375191.5714285714,0.0,0.0,5127974,5830328,120.49736337592756,0.0580925574127411,20.08289389598793,0.0006867079629942,1.597457163599591,4.0,4.0,0.0,1.320133630883191e-05,0.0,165.0,0.0,0.0
0x28cafa19fc122990b2366ef8cc9c3bbde790c228,0,ok,24,17.0,7.0,0.7083333333333334,4.0,2.0,2.0,0.1666666666666666,0.8333333333333334,0.0230916231286,0.0300002781285982,0.0013583307722705,0.0230916231286,0.0042857540183711,0.005,0.0069086549999982,1.0,0.6666666666666666,14.875,20.0,2.697413884939919,97333.33333333331,0.0,0.0,6785833,8391080,265.9209230983782,0.0902523942846014,11.561779265146876,0.0,2.7991927785431727,4.0,2.0,2.0,3.447684386883675e-05,0.0,5.0,0.0,0.0
0x99fd6327eda3612831590660663a1de0af2dab7b,0,ok,37,17.0,20.0,0.4594594594594595,13.0,10.0,3.0,0.3513513513513513,0.6486486486486487,1.43311341,1.4447712500281082,0.0843007888235294,0.30009637,0.0722385625014054,0.1,0.0116578400281082,0.2094016899890707,0.0,24.699596886864867,50.0,8.926774613713246,35183.62162162162,0.0,0.0,3981149,5761619,338.690255227685,0.1092443594963389,9.40806264521347,0.0015450929160471,4.735769482910074,13.0,3.0,10.0,3.449872491665456e-05,0.0,1541.0,0.0,0.0
0x47ebea3e52fc08d8d9cb4cae5fc4c4bb5c81c50f,0,ok,87,76.0,11.0,0.8735632183908046,17.0,13.0,4.0,0.1954022988505747,0.8045977011494253,2.575,1.9839621693511356,0.0338815789473684,0.501,0.1803601972137396,0.419,-0.5910378306488646,0.1945631067961165,0.6781609195402298,18.984361635747128,100.0,14.260484433839094,190181.06896551725,0.0689655172413793,0.0,4667589,19571124,2311.7643487302794,0.0376335936003962,26.880980799189295,0.000331763887295,8.753652759906366,17.0,4.0,13.0,6.26995795273191e-05,0.0073529411764705,3798.0,0.0,0.0
0x7fbf068316c5806a62d549441ae82b00fdb10de1,1,ok,6,1.0,5.0,0.1666666666666666,6.0,1.0,5.0,1.0,0.0,6.19221388,6.192654880000001,6.19221388,6.19221388,1.2385309760000005,2.0,0.0004410000000012,1.0,0.0,23.333333333333332,31.0,3.72677996249965,170333.33333333334,0.0,0.0,4266978,4276891,2.3495039946282352,2.553730495337756,0.469900798925647,0.0135097072218303,1.6561737250444108,6.0,5.0,1.0,6.73872269072799e-05,0.0,7.0,0.0,0.0
0x82f7312c145ba9594c231cf2c37d955af3496cf3,0,ok,24,21.0,3.0,0.875,14.0,11.0,3.0,0.5833333333333334,0.4166666666666667,9.0893896224,9.098,0.4328280772571429,6.488386923,3.032666666666667,3.498,0.0086103776000001,0.7138418741573077,0.7916666666666666,35.80871101341666,122.0,30.98595179656004,68435.25,0.0,0.0,4615643,21282528,2559.50603199639,0.0093768093139754,111.28287095636476,0.0069670416690685,2.8340012514638366,14.0,3.0,11.0,3.459042646600965e-05,0.0109890109890109,3798.0,0.0,0.0
0xff7aa3ff19cc0baf3a43cfe636cdfb1a078b4ea0,0,ok,6,4.0,2.0,0.6666666666666666,3.0,2.0,1.0,0.5,0.5,0.1699999999999999,0.18,0.0424999999999999,0.09,0.09,0.09,0.01,0.5294117647058824,0.3333333333333333,30.833333333333332,50.5,13.906433363335436,97091.5,0.0,0.0,3976617,3986746,1.95101937495172,3.075315436141415,0.390203874990344,0.0017335545823529,1.8549733794651424,3.0,1.0,2.0,1.271942397119933e-05,0.0,740.0,0.0,0.0
0x4149cdcbebcde15b3a0203d6be0da243fa342c47,0,ok,7,4.0,3.0,0.5714285714285714,3.0,1.0,2.0,0.4285714285714285,0.5714285714285714,0.0,0.00172923,0.0,0.0,0.00057641,0.001,0.00172923,0.0,0.5714285714285714,9.227646916571429,18.123528416,3.937818629778023,29884.0,0.0,0.0,6425693,6824348,65.57517203870471,0.1067477184180067,10.929195339784116,0.0509570755561192,1.2689084604554506,3.0,2.0,1.0,1.985000696286201e-05,0.0,6.0,0.0,0.0
0x620a6aa598488d0d67d5aaada26c70645016f1eb,0,ok,7,4.0,3.0,0.5714285714285714,4.0,2.0,2.0,0.5714285714285714,0.4285714285714285,13.288718180000002,13.29,3.3221795450000005,10.12958,4.43,10.13,0.0012818199999973,0.7622691566478836,0.1428571428571428,23.6025,41.0,12.379743030450996,37597.42857142857,0.0,0.0,5852600,9028670,523.4140406949073,0.0133737337093718,87.23567344915121,0.0278971213874993,1.4936910885013444,4.0,2.0,2.0,2.4033258875086845e-05,0.0,2397.0,0.0,0.0
0x0e645f2069aab67e1ceb541e04efa2552258ec2a,0,ok,100,83.0,17.0,0.83,77.0,60.0,17.0,0.77,0.23,156.72163006000005,22.656211919999997,1.8882124103614464,28.89801316,1.332718348235294,9.56684262,-134.06541814000005,0.1843907133235951,0.0,19.83492303232,23.020544957,2.4628511767480696,21014.23,0.0,0.0,3408338,24421934,3243.8492555005546,0.0308275730847946,32.76615409596519,0.0,8.829680312062425,77.0,17.0,60.0,0.0001935436952213,0.0,178.0,0.0,0.0
0xef0683bef79b7ad85573415c781edfde8bec65b1,1,ok,24,0.0,24.0,0.0,4.0,0.0,4.0,0.1666666666666666,0.8333333333333334,0.0,10000.000043975053,0.0,0.0,416.66666849896046,10000.0,10000.000043975053,0.0,0.9166666666666666,11.190676581333332,222.19423937,44.17714157975133,37789.666666666664,0.0,0.0,4045875,25062933,3214.7237181014816,0.0074656493386541,139.77059643919486,0.0413128844427841,2.956415557098615,4.0,4.0,0.0,7.07298560537283e-05,0.3333333333333333,436.0,0.0,0.0
0x03ef451b2cd2b8595e3a4790a055b9b2a0aae9ad,0,ok,5,3.0,2.0,0.6,2.0,2.0,1.0,0.4,0.6,0.00315105,0.00456828,0.00105035,0.00315105,0.00228414,0.0039,0.00141723,1.0,0.4,24.75,30.0,10.5,72200.0,0.0,0.0,5245352,7622609,406.26234192212974,0.0123073184099312,101.56558548053243,0.0006733614813398,1.7200702287451803,2.0,1.0,2.0,1.4807829472449613e-05,0.0,182.0,0.0,0.0
0xdc7a92dc8f2f7e3a96361f6430d18f7a6090ff1f,0,ok,24,2.0,22.0,0.0833333333333333,4.0,2.0,2.0,0.1666666666666666,0.8333333333333334,1.0264163245994224,1.0265483779412556,0.5132081622997112,0.61,0.0466612899064207,0.0504795378587209,0.0001320533418331,0.5943007582601179,0.0,2.5941404596666664,26.988541778,5.227910602398771,55916.666666666664,0.0,0.0,5295732,23494636,2752.174537833333,0.0087203771672468,119.65976251449274,7.075009085925089,2.7675665985558298,4.0,2.0,2.0,1.2969951933379166e-05,0.0,1393.0,0.0,0.0
0xa4d463bc10902633ed17b4c3a3c81a6fce15c668,0,ok,23,12.0,11.0,0.5217391304347826,13.0,7.0,6.0,0.5652173913043478,0.4347826086956521,128.2267870183248,128.23102821164895,10.6855655848604,49.33568310077537,11.657366201058997,48.18976840440059,0.0042411933241339,0.3847533284424013,0.0,10.486953052043477,16.0,4.094469912192785,39434.782608695656,0.0,0.0,6613591,23164404,2482.741572366387,0.0092639525015396,112.8518896530176,0.0001637130561802,4.582278755942104,13.0,6.0,7.0,8.603763621972758e-05,0.0128205128205128,301.0,0.0,0.0
0xe61df1f5b8dd4e4e2a874157c2c97daf7314b795,1,ok,100,74.0,26.0,0.74,73.0,64.0,9.0,0.73,0.27,263.6226898348069,208.4845459005991,3.562468781551445,20.0,8.018636380792273,39.91700009,-55.13814393420782,0.0758660038425848,0.0,41.60729375,100.0,18.42859804909525,77170.0,0.0,0.0,5142150,9062457,651.4565040208786,0.1535021899125825,6.580368727483622,0.0003298192609239,5.692217921787638,76.0,11.0,65.0,0.0001519744203913,0.0003508771929824,542.0,0.25,4.0
0xb045b0cde2ea46ea8471bfffe22456793bc7a6a3,0,ok,11,6.0,5.0,0.5454545454545454,3.0,2.0,1.0,0.2727272727272727,0.7272727272727273,3501.4920807094873,3501.5,583.5820134515812,2099.99824203,700.3,2100.0,0.0079192905127456,0.5997438216694436,0.0,33.15562051272727,51.0,14.451052601911185,465793.6363636363,0.0,0.0,4138811,19489697,2414.163001482407,0.0045564446117538,241.41630014824068,0.0011850620392296,2.8035141205334515,3.0,1.0,2.0,2.3506716189355696e-05,0.0,1541.0,0.0,0.0
0x88436c2a2f427f2aa641dfd8c6763facf2bad7bf,1,ok,13,3.0,10.0,0.2307692307692307,11.0,2.0,9.0,0.8461538461538461,0.1538461538461538,12.880407494000002,12.85515691,4.293469164666667,11.870507484,1.285515691,8.0,-0.0252505840000019,0.9215940947155254,0.0,44.30769230769231,99.0,26.70172744450647,111846.15384615384,0.0,0.0,4936899,5013387,13.316517007963524,0.9762312466710146,1.109709750663627,0.0071804287036259,1.4918814172305508,11.0,9.0,2.0,0.0001112677376252,0.0,12.0,0.0,0.0
0xa05554fa940043c7ba191b16cbbe404c3f898f48,1,ok,7,0.0,6.0,0.0,4.0,0.0,4.0,0.5714285714285714,0.3333333333333333,0.0,0.0,0.0,0.0,0.0,0.0,0.0,0.0,1.0,6.142857142857143,15.0,4.763809143009448,377489.8571428571,0.0,0.0,5130566,5929983,137.16718876819368,0.0510326125574366,22.86119812803228,0.0343353981469516,1.6753840811568044,4.0,4.0,0.0,1.320133630883191e-05,0.0,165.0,0.0,0.0
0xc38d14bf89e0001260bb349a006d7e491e5f43ad,1,ok,78,36.0,42.0,0.4615384615384615,55.0,16.0,40.0,0.7051282051282052,0.2567567567567567,326.396432,279.7541548,9.066567555555556,147.0,6.660813209523809,150.0,-46.642277200000024,0.4503725702491747,0.0512820512820512,41.61496526778205,200.0,27.12675178713816,253638.96153846153,0.1538461538461538,0.0,4117757,4355985,56.96061730296248,1.3693671819800184,0.7397482766618505,0.0,3.721213186331216,55.0,40.0,16.0,0.0004240841587888,0.0006734006734006,314.0,1.0,2.0
0x8676f2dfd06ec780ea3f8fba65a29110a56dd830,1,ok,6,0.0,5.0,0.0,3.0,0.0,3.0,0.5,0.4,0.0,0.0,0.0,0.0,0.0,0.0,0.0,0.0,1.0,3.6666666666666665,8.0,2.1343747458109497,396088.8333333333,0.0,0.0,5130445,5833789,120.67336919569584,0.0497209951125986,24.134673839139165,0.0006867079629942,1.7734231826764124,3.0,3.0,0.0,1.30351222530822e-05,0.0,165.0,0.0,0.0
0xce7c57b43d4df795eda9e51cd9cac862a6cfd01a,0,ok,9,5.0,4.0,0.5555555555555556,5.0,4.0,2.0,0.5555555555555556,0.4444444444444444,0.09014102,0.106,0.018028204,0.08714102,0.0265,0.1,0.01585898,0.9667188145863004,0.3333333333333333,16.11111111111111,30.0,9.982701086762756,47333.333333333336,0.1111111111111111,0.0,5742713,7108717,231.96069951240665,0.0387996760611537,28.995087439050828,0.0023087348154297,1.7392184865079858,5.0,2.0,4.0,4.790992258574791e-05,0.0,1474.0,0.0,0.0
0x169b6c7ed548e45ba9d87b2d32ff27e2d00051ef,1,ok,76,48.0,28.0,0.631578947368421,45.0,28.0,18.0,0.5921052631578947,0.4078947368421052,26.025580916968003,24.6762979755,0.5421996024368334,10.55,0.8812963562678572,3.1453,-1.349282941468001,0.4053703943692444,0.3026315789473684,30.58787126096052,102.0,28.35126046422928,72972.30263157895,0.1578947368421052,0.0,4806507,16595120,1870.42113316574,0.0406325605781452,24.93894844220987,0.0015230733349367,4.962200746294437,45.0,18.0,28.0,0.0001652454442791,0.004040404040404,1474.0,0.0,0.0
0xb8707cab852e3f7f9d3e06507b67cf06addaf83b,0,ok,3,2.0,1.0,0.6666666666666666,3.0,2.0,1.0,1.0,0.0,0.007449262,0.01,0.003724631,0.007449262,0.01,0.01,0.002550738,1.0,0.3333333333333333,41.709074881666666,78.0,25.688345528902556,44000.0,0.0,0.0,4178892,4274280,22.87571628815046,0.1311434344704646,11.43785814407523,0.2340336600001211,0.9795386813639272,3.0,1.0,2.0,1.5516793152892565e-05,0.0,740.0,0.0,0.0
0xe6c51d563f92a23dee9a7093bb1be33bd35c05d8,1,ok,5,0.0,4.0,0.0,3.0,0.0,3.0,0.6,0.25,0.0,0.0,0.0,0.0,0.0,0.0,0.0,0.0,1.0,4.6,11.0,3.2619012860600183,428511.4,0.0,0.0,5130534,5929829,137.14616588347212,0.0364574537522857,34.28654147086803,1.1846125925911797,1.5422281113547065,3.0,3.0,0.0,1.2882417832913967e-05,0.0,165.0,0.0,0.0
0x5439e2f42ce960f6ee54167e57267ea327c92b87,0,ok,7,5.0,2.0,0.7142857142857143,4.0,3.0,1.0,0.5714285714285714,0.4285714285714285,25.358548,25.360899999999997,5.0717096,16.8589,12.68045,17.8589,0.0023519999999983,0.6648211877115361,0.0,20.40620413942857,35.0,7.327731103392043,200285.7142857143,0.0,0.0,5713089,18122520,1929.4139683148128,0.0036280446368458,321.56899471913545,0.0204026814798514,1.386677343979137,4.0,1.0,3.0,1.9422624009597945e-05,0.0,435.0,0.0,0.0
0x52717026f312ac13d491e5a6df6f1cb88c218184,0,ok,64,16.0,48.0,0.25,5.0,2.0,3.0,0.078125,0.921875,71.95162395113957,71.96493674981024,4.496976496946223,21.488361760307395,1.4992695156210465,20.9,0.0133127986706682,0.2986501287990327,0.0,27.904196406453124,80.0,16.742089955922417,88921.875,0.0,0.0,3981460,5309058,260.5210930350009,0.2456614904168302,4.1352554450000145,0.008089921388913,5.7552983874322505,5.0,3.0,2.0,1.3501099540359894e-05,0.0,435.0,0.0,1.0
0xa0db4acb24e92167341320fcd882bbfb641cd12d,1,ok,7,0.0,6.0,0.0,3.0,0.0,3.0,0.4285714285714285,0.5,0.0,0.0,0.0,0.0,0.0,0.0,0.0,0.0,1.0,3.5714285714285716,7.0,1.6781914463529617,377535.5714285714,0.0,0.0,5119914,5830511,121.89277705041624,0.0574275208866947,20.31546284173604,0.0005150309729355,1.9774325387043803,3.0,3.0,0.0,1.3087360956317824e-05,0.0,165.0,0.0,0.0
0x93574d7c405717d80520944ee1cb72d327b01df5,1,ok,55,3.0,52.0,0.0545454545454545,52.0,3.0,49.0,0.9454545454545454,0.0545454545454545,58.18826051827922,58.192040518279214,19.39608683942641,20.0,1.1190777022746003,9.7,0.0037799999999919,0.3437119415817081,0.0,44.37818309090909,100.0,20.367279614501644,112863.65454545454,0.0,0.0,4937199,4954070,2.9546588453705662,18.614670213508873,0.0547159045438993,0.0010507944447022,1.4184671358451952,52.0,49.0,3.0,0.0005237055758056,0.0,292.0,0.0,0.0
0x2b4139ce58bb794e5a54968ed144264992ce5bae,0,ok,6,4.0,2.0,0.6666666666666666,4.0,3.0,2.0,0.6666666666666666,0.3333333333333333,1.2029043847078076,1.2049999999999998,0.3007260961769519,1.1940333321734784,0.6024999999999999,1.2,0.0020956152921922,0.9926253053467056,0.3333333333333333,26.753881077999996,50.0,10.52771676049682,55500.0,0.0,0.0,4095712,4272828,42.55926957999942,0.1409798631229253,8.511853915999884,0.5294650394441904,0.9027887868022288,4.0,2.0,3.0,1.562255583889085e-05,0.0,740.0,0.0,1.0
0x29e225d888cf11c5e67613bffd30bcf071eb3d4a,1,ok,100,63.0,37.0,0.63,91.0,54.0,37.0,0.91,0.09,120.8173848688412,23.277884256753712,1.917736267759384,102.0,0.6291320069392895,5.45718,-97.53950061208748,0.8442493612217377,0.58,36.91,61.0,13.019865590704075,105988.74,0.02,0.0,4759434,5284054,90.17115828555492,1.1090020567698489,0.9108197806621706,0.0001683403717146,8.511439377544331,91.0,37.0,54.0,0.000421903370827,0.0056166056166056,3798.0,1.0,1.0
0x1abe98b960faf23fdf86f7f67a602decf8faba80,0,ok,50,21.0,29.0,0.42,12.0,4.0,8.0,0.24,0.76,1.575520417907521,1.5930837700000002,0.07502478180512,0.61384802,0.0549339231034482,0.07565411,0.0175633520924791,0.3896160360874684,0.0,27.08680471354,90.0,21.103769599074308,72520.0,0.0,0.0,3667293,6198914,472.32035566564787,0.1058603538895423,9.639190931951996,0.0012017389359297,1.4106007471783537,12.0,8.0,4.0,3.243305364454236e-05,0.0,966.0,0.0,0.0
0x2177df6d27998e2732351c010de2332a32e3b067,0,ok,4,3.0,1.0,0.75,4.0,3.0,1.0,1.0,0.0,7444.391884053209,7444.393144053209,2481.4639613510694,7434.390924053208,7444.393144053209,7444.393144053209,0.001260000000002,0.9986565779776554,0.0,20.0,20.0,0.0,38250.0,0.0,0.0,3304400,3304461,0.0102094739813495,4.0,0.0034031579937831,0.0,1.147306767726891,4.0,1.0,3.0,2.2470017635115194e-05,0.0,54.0,0.0,1.0
0x36db23fd8e0fabb300ba95bfdf4a0f20b05eebfb,1,ok,73,55.0,18.0,0.7534246575342466,25.0,12.0,16.0,0.3424657534246575,0.6212121212121212,568.6966940977593,195.786707,10.339939892686532,249.0,10.877039277777778,100.0,-372.9099870977593,0.437843234511922,0.5205479452054794,27.315077020410957,316.0,34.90322642128949,269618.76712328766,0.0273972602739726,0.0,3925980,15104202,1838.321719179537,0.0397101330188171,25.532246099715792,0.0001926171752037,8.055152655962468,25.0,16.0,12.0,0.0003121741206836,0.0066666666666666,3798.0,1.0,3.0
0x4423b4d5174dd6fca701c053bf48faeaaaee59f0,1,ok,9,8.0,1.0,0.8888888888888888,8.0,7.0,1.0,0.8888888888888888,0.1111111111111111,986.0,0.15,123.25,350.0,0.15,0.15,-985.85,0.3549695740365111,0.2222222222222222,38.888888888888886,40.0,3.142696805273544,60777.77777777778,0.0,0.0,4080650,4081230,0.1396497148137401,9.0,0.0174562143517175,0.0,1.3803099825963163,8.0,1.0,7.0,2.3506716189355696e-05,0.0,314.0,1.0,1.0
0x18ec1d727320cbed7c0c63cd655ade997b292c5e,1,ok,50,25.0,25.0,0.5,15.0,8.0,7.0,0.3,0.7,19.46232577448592,19.483325774485923,0.7784930309794369,3.07916,0.779333030979437,3.08,0.0210000000000007,0.1582113071006454,0.0,34.9495,60.0,14.066803554823672,61920.0,0.0,0.0,5033362,5379860,58.52240947259245,0.8543735716045028,1.1943348871957642,0.0023692251852265,2.571015446064006,15.0,7.0,8.0,8.9327482266242e-05,0.0,2397.0,0.0,0.0
0x264061006671be97a674f583fd11b77f3b0015ee,0,ok,8,6.0,2.0,0.75,5.0,3.0,2.0,0.625,0.375,1.456670140503506,1.46,0.2427783567505843,1.437281940503506,0.73,1.45,0.0033298594964938,0.9866900546246534,0.5,29.225122128375,60.000000001,18.93048053102666,86812.5,0.0,0.0,4307914,6983534,465.3881925415744,0.0171899505148819,66.48402750593921,0.0018247013897807,1.944188210930959,5.0,2.0,3.0,2.3709015119360096e-05,0.2,3798.0,0.0,0.0
0x6526145dfb2fceb248513e4530dd0f20230a13c8,0,ok,5,3.0,2.0,0.6,5.0,3.0,2.0,1.0,0.0,1000.996913,1001.0,333.66563766666667,558.4053614381305,500.5,696.8334718200798,0.0030870000000504,0.5578492342844323,0.0,49.0,49.0,0.0,34800.0,0.0,0.0,3917528,3917564,0.0069342183349309,5.0,0.0017335545837327,0.0,0.9460770197424369,5.0,2.0,3.0,3.039627758632423e-05,0.0,41.0,0.0,1.0
0x7bb386c33486fe345168d0af94bef03897e16022,1,ok,7,2.0,5.0,0.2857142857142857,7.0,2.0,5.0,1.0,0.0,0.44,0.446,0.22,0.44,0.0892,0.1,0.006,1.0,0.1428571428571428,32.346459022285714,101.425213156,31.7355591113663,42391.71428571428,0.0,0.0,5000129,17183055,1919.3066354303696,0.0036471504192087,319.8844392383949,0.0112566518507621,2.109515264899928,7.0,5.0,2.0,6.051113924758602e-05,0.0,1443.0,0.0,0.0
0xc593e92ed9fd3c2f9db972860047affd2df83ae7,1,ok,8,0.0,7.0,0.0,4.0,0.0,4.0,0.5,0.4285714285714285,0.0,0.0,0.0,0.0,0.0,0.0,0.0,0.0,1.0,3.875,6.0,1.2686114456365274,349262.25,0.0,0.0,5191377,5823175,108.53964468856653,0.0737057876221582,15.505663526938074,0.0,1.9873168471329312,4.0,4.0,0.0,1.320133630883191e-05,0.0,165.0,0.0,0.0
0x3392a8c2ddd0259c5dd76c0c3d12c3cc90cf4838,0,ok,100,80.0,20.0,0.8,23.0,19.0,6.0,0.23,0.77,46.31248716469309,31.3849478698942,0.5789060895586636,5.0,1.56924739349471,5.6496262000673,-14.92753929479889,0.1079622431466348,0.46,10.817827777759998,41.0,4.096284389918813,148618.57,0.0,0.0,6835485,8003306,197.30326652745407,0.5068339808053068,1.9929622881561015,0.0003333773132827,3.2639787807006018,23.0,6.0,19.0,0.0001024107099739,0.0039525691699604,3798.0,0.0,0.0
0x45777f3821e0b4912dedd5bfe72251ef5fedb845,0,ok,14,7.0,7.0,0.5,7.0,3.0,4.0,0.5,0.5,39.51979678648898,39.52347298048899,5.645685255212712,22.1,5.646210425784141,22.160929633603097,0.0036761940000076,0.5592134018147468,0.0,11.714285714285714,16.0,2.2812456318101875,53071.42857142857,0.0,0.0,6523016,11354198,775.5346169437026,0.0180520633046303,59.656508995669434,0.0004911391657811,3.4635288588189015,7.0,4.0,3.0,5.460158561887365e-05,0.0476190476190476,301.0,0.0,0.0
0xc28f50625cfe028ab1a3458c7cebcf9657ff1438,1,ok,2,1.0,1.0,0.5,2.0,1.0,1.0,1.0,0.0,5.6546957,5.6556827,5.6546957,5.6546957,5.6556827,5.6556827,0.0009869999999994,1.0,0.0,35.2505,47.0,11.749499999999998,21000.0,0.0,0.0,11251829,11275378,3.61694324111221,0.5529531061662444,3.61694324111221,3.61694324111221,0.0,2.0,1.0,1.0,1.3085094893848697e-05,0.0,23.0,0.0,0.0
0x130e2ea84a98df7995c86a80347032daf6039b04,0,ok,5,3.0,2.0,0.6,2.0,1.0,1.0,0.4,0.6,0.0,0.00972,0.0,0.0,0.00486,0.00702,0.00972,0.0,0.6,51.5000002674,78.0,23.41367088312724,102000.0,0.0,0.0,4179858,4252503,17.48170808425932,0.2860132417210446,4.37042702106483,0.000481550740423,1.5747860264181874,2.0,1.0,1.0,2.3506716189355696e-05,0.0,373.0,0.0,0.0
0xc3dda50437604a1b1508c401e84af25d2f5a4409,0,ok,4,3.0,1.0,0.75,4.0,3.0,1.0,1.0,0.0,0.7873534299999999,0.79543,0.2624511433333333,0.78643,0.79543,0.79543,0.00807657,0.9988271721887336,0.0,33.5,60.0,16.332482971061076,70500.0,0.0,0.0,4663802,13010590,1348.0612850768505,0.0029672241494361,449.3537616922835,8.182956319445813,1.3052266053948751,4.0,1.0,3.0,2.3506716189355696e-05,0.0,5.0,0.0,0.0
0x38bfa205c92397dedef31f10a8e85b27b0d6df32,0,ok,8,6.0,2.0,0.75,5.0,4.0,1.0,0.625,0.375,6.99358,7.0,1.1655966666666666,4.99958,3.5,5.0,0.0064200000000003,0.7148813626211469,0.5,72.23506124725,146.41,58.86814772157755,51623.25,0.0,0.0,4744670,21278774,2537.5788344850007,0.0031526114149764,362.51126206928575,0.0003502648130611,2.4264597879492857,5.0,1.0,4.0,2.3506716189355696e-05,0.0,2397.0,0.0,0.0
0xc533aad3ccc924b2f74a373e904d498f2be2264c,0,ok,9,4.0,5.0,0.4444444444444444,4.0,1.0,3.0,0.4444444444444444,0.5555555555555556,5.2520762546938755,5.25505462,1.3130190636734689,1.9983872218239347,1.051010924,1.999,0.0029783653061246,0.3804947081714474,0.0,42.64688971466666,70.0,21.091977076642877,65555.55555555556,0.0,0.0,3909679,4156153,54.99517235625121,0.1636507281348121,6.874396544531402,0.0007223261120142,2.0241405584369256,4.0,3.0,1.0,4.4966341409369806e-05,0.0,818.0,0.0,1.0
0x8cf893f11f6037b14f0f827b9ed6aeef38931fb4,1,ok,23,1.0,22.0,0.0434782608695652,23.0,1.0,22.0,1.0,0.0,87.096356056,87.105356056,87.096356056,87.096356056,3.9593343661818183,29.0,0.0090000000000003,1.0,0.0,42.73913043478261,90.0,21.270958751320496,153304.34782608697,0.0,0.0,4333343,5015860,127.4373584183333,0.1804808282709286,5.7926072008333325,0.0,3.9257093863961794,23.0,22.0,1.0,0.0002483943336187,0.0,50.0,0.0,0.0
0xf958ef6980d6143c0f4da40d581c9f0002750438,0,ok,7,4.0,3.0,0.5714285714285714,3.0,1.0,2.0,0.4285714285714285,0.5714285714285714,0.0,0.00172134,0.0,0.0,0.00057378,0.001,0.00172134,0.0,0.5714285714285714,8.453361202285715,18.123528416,4.190117163915823,29893.14285714286,0.0,0.0,6449364,6824332,61.66892917722463,0.1135093489281019,10.278154862870773,0.0260303758333126,1.0506421831615864,3.0,2.0,1.0,1.985000696286201e-05,0.0,6.0,0.0,0.0
0xdf50f0b27441ab7acfa8d477ddd15f2df29da3df,0,ok,7,6.0,1.0,0.8571428571428571,7.0,6.0,1.0,1.0,0.0,0.982187796,0.9885,0.163697966,0.5,0.9885,0.9885,0.0063122039999999,0.5090676162300839,0.4285714285714285,27.714285714285715,41.0,9.003400718050703,83314.28571428571,0.0,0.0,3399755,6495721,567.7280676073167,0.012329846627984,94.62134460121943,0.0028034637040562,1.1482493134167322,7.0,1.0,6.0,1.2729182661614492e-05,0.0,3798.0,0.0,0.0
0xb7b8b81aefac203316ad3c6da8148c56f5448762,0,ok,100,9.0,91.0,0.09,71.0,8.0,63.0,0.71,0.29,9.705758892344704,8.023976379192625,1.078417654704967,8.0,0.0881755646065123,1.34756984,-1.6817825131520792,0.824252908889989,0.05,30.12959024567,150.0,28.493219553994408,44954.94,0.0,0.0,5590019,16864018,1774.0590535077783,0.0563679094009153,17.91978841927049,0.001689353334131,7.919610144024395,72.0,63.0,9.0,0.0006143670353068,0.0007824726134585,2397.0,0.0,1.0
0xfad17c9da2bebf758e3bc0c99d1abe8af7e96ed1,1,ok,7,2.0,5.0,0.2857142857142857,6.0,2.0,4.0,0.8571428571428571,0.1428571428571428,5.213,5.217306848514201,2.6065,3.4,1.04346136970284,5.0,0.0043068485142008,0.652215614809131,0.0,38.628571428571426,86.4,23.249560013392227,130428.57142857143,0.0,0.0,4292028,5880942,285.38924235935286,0.0245279042129619,47.56487372655881,0.0350778362955208,2.144276669278431,6.0,4.0,2.0,5.6417099227798855e-05,0.0,7.0,0.0,0.0
0x2ab30acf2d790f1a0d9418211460f90a3d7445d5,0,ok,37,29.0,8.0,0.7837837837837838,21.0,15.0,6.0,0.5675675675675675,0.4324324324324324,21.286189360078637,21.34068613,0.734006529657884,13.0,2.66758576625,6.5,0.0544967699213607,0.6107246243134978,0.5135135135135135,55.85904785124324,178.857142857,46.955239595588246,63144.83783783784,0.1081081081081081,0.0,4879614,13487530,1385.178951199074,0.0267113501601876,38.47719308886317,0.0025344881939667,2.959544921241691,21.0,6.0,15.0,3.761208797466028e-05,0.0,1474.0,0.0,1.0
0x66817272d39da7fd4c552f430fc0b694e357c157,1,ok,65,38.0,27.0,0.5846153846153846,49.0,28.0,24.0,0.7538461538461538,0.2461538461538461,276.76410855743524,276.7991522444352,7.283266014669349,175.0,10.2518204534976,115.04886539,0.0350436869999839,0.6323074220575219,0.3692307692307692,21.0,21.0,0.0,48896.73846153846,0.0,0.0,4030657,4075938,10.902549545742849,5.9619082424056264,0.1703523366522319,0.0,3.655538169326938,49.0,24.0,28.0,0.0002796699650161,0.0093537414965986,3798.0,1.0,2.0
0x7ec915b8d3ffee3deaae5aa90def8ad826d2e110,0,ok,100,94.0,6.0,0.94,63.0,57.0,6.0,0.63,0.37,64.3255,13.158762391265109,0.6843138297872341,25.0,2.193127065210851,4.0,-51.1667376087349,0.388648358737981,0.58,26.98450262284,195.100747058,20.88936697720327,296389.26,0.0,0.0,15988206,19747939,527.3914842827784,0.1896124662232537,5.327186709927053,0.0,3.498815077368973,63.0,6.0,57.0,5.7912161691290765e-05,0.0005120327700972,2450.0,0.0,0.0
0xdf04e5007cb8fd65831310ceda40f5642c1b39c3,1,ok,6,0.0,5.0,0.0,4.0,0.0,4.0,0.6666666666666666,0.2,0.0,0.0,0.0,0.0,0.0,0.0,0.0,0.0,1.0,4.5,11.0,2.9860788111948193,396110.1666666667,0.0,0.0,5130785,5982935,146.22076733078669,0.0410338429316716,29.244153466157343,2.8286856407423815,1.6247943804465124,4.0,4.0,0.0,2.385254551239502e-05,0.0,165.0,0.0,0.0
0x057793b1e5a8d88f45906075f0790d7636853374,0,ok,4,3.0,1.0,0.75,4.0,3.0,1.0,1.0,0.0,0.9858,0.99,0.3286,0.9818,0.99,0.99,0.0041999999999999,0.9959423818218706,0.25,41.25,80.0,24.5903944661325,28753.0,0.0,0.0,6482957,12450031,950.7408867205542,0.0042072451662381,316.9136289068514,0.0024736444458917,1.414195532775106,4.0,1.0,3.0,2.1490458522939025e-05,0.0,397.0,0.0,0.0
0xfbf6f29c126382cf15795bb209ee506a174cc709,1,ok,46,5.0,41.0,0.108695652173913,46.0,5.0,41.0,1.0,0.0,683.705509167,683.7081000000001,136.7411018334,683.65,16.675807317073172,100.0,0.0025908330001129,0.9999188112919148,0.0652173913043478,33.773390655173905,99.999997952,16.467667910360174,108589.30434782608,0.0,0.0,4237710,5271501,193.39289801259284,0.2378577521342314,4.297619955835397,0.0,6.20800809157971,46.0,41.0,5.0,0.0004388034870743,0.0,447.0,0.0,1.0
0x474aa9c6f46dc6379c638690fd8f5ade22df5205,1,ok,7,5.0,2.0,0.7142857142857143,2.0,2.0,2.0,0.2857142857142857,0.7142857142857143,9999.997165,9999.99937,1999.999433,4999.99937,4999.999685000001,5000.0,0.0022050000006856,0.5000000787500224,0.0,22.285714285714285,30.0,8.361720358092512,43571.42857142857,0.0,0.0,4046725,4782712,155.3961326861133,0.0450461660724813,25.89935544768555,0.001444652221269,1.8588227148895833,2.0,2.0,2.0,1.676624080238548e-05,0.0,59.0,0.0,0.0
0x7d4912617b986d73dbab608a4b2d7cbd5b37739a,0,ok,7,4.0,3.0,0.5714285714285714,4.0,2.0,2.0,0.5714285714285714,0.4285714285714285,4.0047981562516854,4.00997574,1.0011995390629214,3.49611943,1.33665858,3.5,0.0051775837483143,0.8729826806732786,0.0,32.533692390285715,51.0,12.1520287873968,79948.42857142857,0.0,0.0,4129272,19485055,2415.8091504937024,0.0028975798848056,402.6348584156171,0.0007110372240896,2.1886563359906215,4.0,2.0,2.0,2.024113297164639e-05,0.0,1541.0,0.0,0.0
0x1405cbdad3d9d76d84a63104f777bb6acf3cdb82,0,ok,9,7.0,2.0,0.7777777777777778,7.0,5.0,2.0,0.7777777777777778,0.2222222222222222,7.369081105999999,7.373,1.0527258722857142,3.0,3.6865,7.323,0.0039188940000007,0.4071063890933921,0.1111111111111111,32.333333333333336,100.0,24.97554359323892,24512.666666666668,0.0,0.0,4884887,6666397,302.1534846006472,0.029786186354578,37.7691855750809,0.0013538429610155,2.213415028385469,7.0,2.0,5.0,2.4564766389298426e-05,0.0,393.0,0.0,0.0
0xc3bdfb278a578490d517d9b51d9da464775b522e,0,ok,18,13.0,5.0,0.7222222222222222,14.0,11.0,3.0,0.7777777777777778,0.2222222222222222,0.26791819,0.2779528599999999,0.0206090915384615,0.1,0.0555905719999999,0.14597232,0.0100346699999999,0.3732482665697316,0.2222222222222222,22.22222222222222,60.0,12.27262335243029,48200.055555555555,0.0,0.0,3245343,8317865,895.7112418474561,0.0200957620704569,52.68889657926213,0.0010507944447022,2.5022788990507325,14.0,3.0,11.0,1.2961282411251618e-05,0.0329670329670329,1143.0,0.0,0.0
0x303e60a17470a7a9c4149f12fa4e7474da8495a4,0,ok,4,2.0,2.0,0.5,3.0,2.0,1.0,0.75,0.25,0.0139283321734782,0.015,0.0069641660867391,0.0139283321734782,0.0075,0.01,0.0010716678265217,1.0,0.25,22.320161098,25.0,1.6064613067527225,38250.0,0.0,0.0,4095712,4272880,42.57159422518478,0.0939593659293514,14.190531408394929,0.5294650394441904,0.6875708298782394,3.0,1.0,2.0,1.8496997795910488e-05,0.0,740.0,0.0,0.0
0x979f6a84df49198e890c37817a19a61ccc5f3108,0,ok,17,11.0,6.0,0.6470588235294118,10.0,5.0,6.0,0.5882352941176471,0.4117647058823529,150.043673842,148.06363661,13.640333985636364,90.003673842,24.677272768333335,48.995,-1.9800372320000008,0.5998498406322433,0.2352941176470588,56.78823529411765,250.0,69.86505381050412,49237.882352941175,0.0588235294117647,0.0,5222572,11888093,1078.3992490522674,0.0157641059328816,67.39995306576671,0.0038398055539087,1.8700627343202163,10.0,6.0,5.0,0.0002570283410667,0.0222222222222222,3798.0,0.0,0.0
0x6d67cbbbafb023819cd41417baecb53a34269336,0,ok,4,2.0,2.0,0.5,3.0,2.0,1.0,0.75,0.25,0.0139269783546144,0.015,0.0069634891773072,0.0139269783546144,0.0075,0.01,0.0010730216453855,1.0,0.25,22.320161098,25.0,1.6064613067527225,38250.0,0.0,0.0,4095712,4273516,42.72233411629719,0.0936278432051803,14.24077803876573,0.5294650394441904,0.6882344524761395,3.0,1.0,2.0,1.8496997795910488e-05,0.0,740.0,0.0,0.0
0x629f8d4e8fd65e33177cfe1f9b21c9193ce71252,0,ok,100,48.0,52.0,0.48,10.0,1.0,9.0,0.1,0.9,12335.28106369268,11705.10179015978,256.9850221602641,787.1025597737723,225.09811134922657,549.99,-630.1792735328982,0.0638090494825049,0.0,52.08435503638,100.0,36.84233943826622,108629.95,0.0,0.0,3350241,6459813,570.0935728678714,0.1754098007050794,5.758520938059307,0.0008809787034988,3.432251940236285,10.0,9.0,1.0,5.995411318069068e-05,0.0,966.0,0.0,1.0
0xed2d26eed06ecfbfd796d1ec551d2a649a31e576,1,ok,100,78.0,22.0,0.78,59.0,43.0,19.0,0.59,0.41,849.194391215075,735.6657128740749,10.88710757968045,131.0,33.439350585185224,515.221410635,-113.52867834100016,0.154263854489851,0.56,21.0,21.0,0.0,64599.88,0.03,0.0,4020096,4034555,3.481371080185528,28.724315132379058,0.0351653644463184,0.0002407753688317,7.328406934899826,61.0,21.0,43.0,0.0002300245293189,0.0158469945355191,3798.0,1.0,3.0
0xc4a2a202406e8e33d0f595313c4f3e250511bed8,0,ok,5,3.0,2.0,0.6,3.0,1.0,2.0,0.6,0.4,0.28961511,0.29040261,0.09653837,0.14302084,0.145201305,0.14717177,0.0007874999999999,0.4938307258899579,0.0,21.5,50.0,16.24807680927192,48600.0,0.0,0.0,4936749,6961166,341.9566473013908,0.014621736525546,85.4891618253477,0.0012259268539923,1.6769007029283325,3.0,2.0,1.0,3.447684386883675e-05,0.0,1148.0,0.0,0.0
0xce52d38539e1e557f184f1073a59f69c9ba95f28,1,ok,8,4.0,4.0,0.5,8.0,4.0,4.0,1.0,0.0,68.59664000000001,68.6,17.149160000000002,19.0,17.15,38.0,0.0033599999999864,0.2769814964697979,0.0,41.375,60.0,12.47935795624118,157000.0,0.0,0.0,3965207,3981535,3.145053248518595,2.543677123358155,0.4492933212169422,0.0023114061107238,0.888997774124215,8.0,4.0,4.0,5.093203538805833e-05,0.0,436.0,0.0,0.0
0x8d84e7e93dfab2ae00d8b2500d3bdb29cb6a8f7e,0,ok,40,20.0,20.0,0.5,21.0,2.0,19.0,0.525,0.475,79.72110272481962,79.7461343,3.9860551362409806,41.56550613,3.987306715,41.56288553,0.0250315751803782,0.5213864925260171,0.0,30.225176120624997,51.0,13.482239076601568,108946.85,0.0,0.0,4008520,19497178,2446.5823772866693,0.0163493370880735,62.732881468888955,0.0002370124089497,5.7954847631167095,21.0,19.0,2.0,0.000210384075044,0.0,1541.0,0.0,0.0
0x76da338b1f1687dfb770d7a62487ec85d7cd1e51,0,ok,7,2.0,5.0,0.2857142857142857,2.0,1.0,1.0,0.2857142857142857,0.7142857142857143,4.5,4.505835963261279,2.25,3.5,0.9011671926522558,4.48,0.0058359632612789,0.7777777777777778,0.0,21.0,21.0,0.0,21000.0,0.0,0.0,3878205,3917543,7.577174466572426,0.923827216976632,1.2628624110954043,0.0015409374071492,2.2284974244338387,2.0,1.0,1.0,2.3506716189355696e-05,0.0,1541.0,0.0,1.0
0x717d2041c516573a0e27f552cdb6c5c3ec7b4e09,1,ok,7,1.0,6.0,0.1428571428571428,7.0,1.0,6.0,1.0,0.0,3.83675,3.842,3.83675,3.83675,0.6403333333333333,1.25,0.0052499999999997,1.0,0.0,56.42857142857143,250.0,80.65421279025867,126714.28571428572,0.0,0.0,5175145,11914203,1090.4411489051388,0.0064194202566808,181.74019148418975,0.0,2.2352430956134373,7.0,6.0,1.0,7.835735458676095e-05,0.0,8.0,0.0,0.0
0x9f4010a9fc4fd010e06323a7b737e41e855b1eff,0,ok,4,3.0,1.0,0.75,4.0,3.0,1.0,1.0,0.0,0.0701,0.07412943,0.0233666666666666,0.07,0.07412943,0.07412943,0.0040294299999999,0.9985734664764622,0.25,35.75,41.0,9.093266739736606,86202.0,0.25,0.0,5438358,7122450,287.7670716381487,0.0139001310234333,95.92235721271622,34.65101230893698,0.4608475110539495,4.0,1.0,3.0,2.2171021332583623e-05,0.0,68.0,0.0,0.0
0x3949de10c99b75d36a473ebfd6d758029f70b728,0,ok,12,9.0,3.0,0.75,7.0,5.0,2.0,0.5833333333333334,0.4166666666666667,8.176720113000004,3.6948,0.9085244570000004,1.5,1.2316,2.7907,-4.481920113000003,0.1834476390619241,0.0,22.666666666666668,40.0,6.276056794587577,102942.16666666669,0.25,0.0,4125122,4748790,130.5904175112976,0.091890356342278,11.871856137390692,0.012520319259277,1.7894631906013787,7.0,2.0,5.0,4.843854032781166e-05,0.0,836.0,0.0,0.0
0xc1ac5620929d223f8bc897a8af727bb618e9f4b6,0,ok,10,5.0,5.0,0.5,4.0,2.0,2.0,0.4,0.6,11.971884889812996,11.977216282,2.394376977962599,5.84149241,2.3954432564,5.842216282,0.0053313921870046,0.4879342278817421,0.0,27.1915160907,51.0,11.997568161038163,69518.4,0.0,0.0,4136141,19497528,2415.9034385779637,0.0041392382825888,268.4337153975515,0.0026485290737063,2.822818558884903,4.0,2.0,2.0,2.0154820264408507e-05,0.1666666666666666,1541.0,0.0,1.0
0x1d64ea27764164debb4e891eb04d524f42904b08,1,ok,4,0.0,3.0,0.0,3.0,0.0,3.0,0.75,0.0,0.0,0.0,0.0,0.0,0.0,0.0,0.0,0.0,1.0,6.274999936,16.099999744,5.716368929871481,446773.0,0.0,0.0,5220479,7776053,434.3880092010178,0.0092083573102243,144.79600306700593,0.8129156485172333,1.3525769072618306,3.0,3.0,0.0,2.3725168948341032e-05,0.0,165.0,0.0,0.0
0x116574a18659f0063150e0064e4ea00349a1492c,1,ok,6,0.0,5.0,0.0,3.0,0.0,3.0,0.5,0.4,0.0,0.0,0.0,0.0,0.0,0.0,0.0,0.0,1.0,4.333333333333333,12.0,3.5433819375782165,398695.5,0.0,0.0,5119941,5929746,138.92457400657236,0.043188903352089,27.78491480131447,3.696837440740179,1.4491139873232284,3.0,3.0,0.0,1.295755569373233e-05,0.0,165.0,0.0,0.0
0x12960b864d021b449571fd3016a5510e2834e12a,0,ok,5,3.0,2.0,0.6,3.0,3.0,1.0,0.6,0.4,0.00749382,0.0085161,0.00249794,0.00749382,0.00425805,0.008,0.00102228,1.0,0.4,10.16,21.0,8.941051392313993,180200.0,0.0,0.0,5374858,6851937,249.34587748421288,0.0200524670808586,62.33646937105323,0.0011783825937244,1.591482473722967,3.0,1.0,3.0,1.7835604882143283e-05,0.0,182.0,0.0,0.0
0x326926e4081f9333af18d875152b3550d4c843ed,0,ok,7,4.0,3.0,0.5714285714285714,2.0,1.0,1.0,0.2857142857142857,0.7142857142857143,5.99379,6.0,1.4984475,3.994,2.0,4.0,0.0062100000000002,0.6663563454842429,0.0,67.57142857142857,100.0,34.27142559399737,85714.28571428571,0.0,0.0,6181390,7218469,179.008022612314,0.0391043926291517,29.834670435385664,0.0032981925926826,1.868669367640216,2.0,1.0,1.0,2.0524716937921135e-05,0.0,740.0,0.0,0.0
0x93d8d5bb1f1e4822f3c614d9a09e7c5e3fabc13a,1,ok,9,1.0,8.0,0.1111111111111111,9.0,1.0,8.0,1.0,0.0,39.30496699,39.305407990000006,39.30496699,39.30496699,4.913175998750001,25.0,0.0004410000000092,1.0,0.0,32.77777777777778,60.0,15.039043836167671,95000.11111111112,0.0,0.0,4025636,5259752,242.47726289703616,0.0371168821871009,30.30965786212952,0.0279299429638518,2.638782689402945,9.0,8.0,1.0,0.0001002976099457,0.0,10.0,0.0,0.0
0xd868a76a1dcc34854903376e734e3cfe461dd08c,1,ok,24,1.0,23.0,0.0416666666666666,22.0,1.0,21.0,0.9166666666666666,0.0833333333333333,22.66632847,22.667798470000005,22.66632847,22.66632847,0.9855564552173915,5.0,0.0014700000000047,1.0,0.0,30.84375,70.0,18.950018208544464,44333.333333333336,0.0,0.0,5234727,6605744,232.34084268222253,0.1032965178353308,10.101775768792283,0.000338460739564,4.653042186374122,22.0,21.0,1.0,0.000185823010319,0.0,2397.0,0.0,0.0
0x0ae775637e63fa95855246fd82e96802d05883fc,1,ok,100,10.0,90.0,0.1,88.0,4.0,85.0,0.88,0.12,211.615052295569,96.51316964731728,21.1615052295569,70.0,1.0723685516368586,9.0,-115.10188264825172,0.3307893235412617,0.0,24.349500000000003,50.0,10.71850151607024,95410.0,0.0,0.0,4519204,5833190,224.71378144305612,0.445010534546768,2.2698361761924866,0.0011611736124312,9.136561895925515,88.0,85.0,4.0,0.0011530179868039,0.0,800.0,0.0,0.0
0xaa5260dffbaf5d13ba7b870ec678946a9db61146,0,ok,5,3.0,2.0,0.6,5.0,3.0,2.0,1.0,0.0,1000.9969129999998,1001.0,333.6656376666666,694.6314884100797,500.50000000000006,691.933505967303,0.0030870000002778,0.6939396909109946,0.0,49.0,49.0,0.0,34800.0,0.0,0.0,3917519,3917529,0.0019261717603162,5.0,0.000481542940079,0.0001926171752037,0.8246211226218082,5.0,2.0,3.0,2.899178002909622e-05,0.0,41.0,0.0,1.0
0x62404bfb3e1c464f17e3af0c139e39d0703ae4a1,1,ok,21,1.0,20.0,0.0476190476190476,19.0,1.0,18.0,0.9047619047619048,0.0952380952380952,186.84832970308167,186.84866570308168,186.84832970308167,186.84832970308167,9.342433285154083,70.97937,0.0003360000000043,1.0,0.0,29.333333333333332,30.0,2.98142396999972,21000.0,0.0,0.0,4393361,4429708,8.614689972036414,2.437696547196328,0.4307344986018207,0.0,3.3619552346713215,19.0,18.0,1.0,0.0002099988867405,0.0,22.0,0.0,0.0
0x5915506f2ca414fbef59fc7d6e5857d076421600,0,ok,4,2.0,2.0,0.5,3.0,1.0,2.0,0.75,0.25,1.750644,1.751316,0.875322,1.000644,0.875658,1.001316,0.000672,0.571586227696779,0.0,19.55,25.2,5.225657853323349,38250.0,0.0,0.0,4153703,8420792,739.8851327405539,0.005406244595271,246.62837758018463,36.93456156944511,1.0111575896039569,3.0,2.0,1.0,2.354858690568959e-05,0.0,966.0,0.0,0.0
0x018bd90ba4dc0273ba64dbc0542cf7ee7e869620,0,ok,4,3.0,1.0,0.75,4.0,3.0,1.0,1.0,0.0,9.998180565992245,10.0,3.332726855330748,9.989033332173475,10.0,10.0,0.0018194340077553,0.9990851101599544,0.25,25.69033328475,40.607913392,8.624049221781025,38250.0,0.0,0.0,4015028,4272389,61.8819411161128,0.0646392134418434,20.627313705370938,0.6173480496307214,0.8056712062020951,4.0,1.0,3.0,2.3506716189355696e-05,0.0,740.0,0.0,0.0
0x4da9608f15c504a2b5c46491d9ccf257c5e2ff71,1,ok,11,1.0,10.0,0.0909090909090909,11.0,1.0,10.0,1.0,0.0,23.1343472104,23.1347882104,23.1343472104,23.1343472104,2.31347882104,10.0,0.0004410000000021,1.0,0.0,43.545454359272725,100.0,29.391908350752622,69654.63636363637,0.0,0.0,4277859,5260193,181.92724714462955,0.0604637302693595,18.19272471446296,0.0237012407404405,2.9228890175866455,11.0,10.0,1.0,0.0001113813202223,0.0,1148.0,0.0,0.0
0xa51378a11576d4767368996be4b5e000aeea0ff3,0,ok,32,20.0,12.0,0.625,23.0,13.0,10.0,0.71875,0.28125,6.30961201,6.05608447,0.3154806005,1.879628,0.5046737058333334,1.90019,-0.2535275400000003,0.2978991413451427,0.0,37.13785164721875,352.8,68.22309310629943,29193.8125,0.0,0.0,3917529,12141556,1375.6685737257865,0.0232614167475912,44.37640560405763,0.0012680509714064,2.1238061471619956,23.0,10.0,13.0,9.49087597215549e-05,0.0,575.0,0.0,2.0
0x1dc8e81ed0eea9975df1b172d2d15b119e196b4e,0,ok,21,11.0,10.0,0.5238095238095238,2.0,2.0,1.0,0.0952380952380952,0.9047619047619048,0.0030198,0.0082540872,0.0002745272727272,0.0030198,0.00082540872,0.002634968,0.0052342872,1.0,0.4761904761904761,26.267142857142854,100.0,18.602280234744686,85761.90476190476,0.0,0.0,4643743,7583595,503.1157254490753,0.0417398998635068,25.155786272453764,0.0004976458323222,3.393651721453134,2.0,1.0,2.0,2.389279332274948e-05,0.0,182.0,0.0,0.0
0x7ac6b90c0f799e712bc26e9d214ca42d7d845f11,0,ok,59,30.0,29.0,0.5084745762711864,10.0,2.0,8.0,0.1694915254237288,0.8305084745762712,413.05621547375887,413.09791499312087,13.768540515791962,73.23361731,14.24475568941796,73.23848543,0.0416995193619982,0.1772969745195674,0.0,29.44627611069491,90.0,23.188362344684887,91679.2372881356,0.0,0.0,3838919,19472224,2476.163281297546,0.0238271847602405,42.69247036719906,0.0004740248151399,6.794957454466554,10.0,8.0,2.0,0.0001064434332176,0.0,1541.0,0.0,0.0
0x38a2d9942c9b37b43d0d5fa3a19352ca13cc79b4,0,ok,100,50.0,50.0,0.5,3.0,2.0,1.0,0.03,0.97,10.108658860000002,10.1611588566482,0.2021731772,0.21505385,0.203223177132964,0.2161038534784756,0.0524999966481978,0.0212742217319222,0.0,27.0,50.0,23.0,108333.0,0.0,0.0,4052985,4368160,75.44174565277717,1.3255260616615754,0.7620378348765371,0.000481550740423,1.0102496925265965,3.0,1.0,2.0,1.366685709441388e-05,0.0,1393.0,0.0,1.0
0xb6814191247d98b17ecff25c55eb7f81c83d0dfa,0,ok,16,7.0,9.0,0.4375,5.0,2.0,3.0,0.3125,0.6875,2.7234630195234826,2.7338108095235727,0.3890661456462118,1.06000327306921,0.3037567566137303,1.0600559330693,0.0103477900000901,0.3892115536250887,0.0,27.5156250000625,50.5,21.952802488744844,77500.0,0.0,0.0,3967604,4968240,205.37835317944487,0.0779049970569213,13.691890211962994,0.0005778515283708,2.89426629186094,5.0,3.0,2.0,3.616366257133699e-05,0.0,1393.0,0.0,0.0
0xe4fa5149306b12d51dc0d04e5e95bc9704ccaad7,1,ok,50,36.0,14.0,0.72,43.0,35.0,13.0,0.86,0.14,127.61119533783808,127.63896002583807,3.5447554260510574,70.0,9.11706857327415,86.356172616,0.027764688000019,0.5485412139168659,0.38,21.0,21.0,0.0,50589.06,0.02,0.0,4112438,4198757,20.783489195000794,2.4057558156320966,0.4241528407143019,0.0002407753688317,2.260441969411844,43.0,13.0,35.0,0.0001472327494715,0.0,3798.0,0.0,0.0
0x39c507fb54fa49d7351a185b4689ce53510dcc55,0,ok,24,12.0,12.0,0.5,11.0,1.0,10.0,0.4583333333333333,0.5416666666666666,119.41392,119.424,9.95116,56.99916,9.952,57.0,0.010080000000002,0.4773242516450343,0.0,31.41972378570833,40.0,9.134582353403925,85916.625,0.0,0.0,2737238,3791083,178.58173971689686,0.1343922398675635,7.764423465952035,0.0003300665732887,1.7829307618165315,11.0,10.0,1.0,0.0001118455200804,0.0,1443.0,0.0,0.0
0x6af3bbb5442399bae6669627d33a9b784556ad3b,0,ok,10,9.0,1.0,0.9,9.0,8.0,1.0,0.9,0.1,0.0,0.03,0.0,0.0,0.03,0.03,0.03,0.0,0.9,35.89,55.0,15.936401726864192,216475.9,0.0,0.0,5668516,8595582,485.4189865288883,0.0206007599156916,53.93544294765426,0.0026385540763537,2.095576950315189,9.0,1.0,8.0,2.3506716189355696e-05,0.0,447.0,0.0,0.0
0x83d169f2c32c3c1cea9cba91dc63503e4b942547,0,ok,30,11.0,19.0,0.3666666666666666,4.0,2.0,2.0,0.1333333333333333,0.8666666666666667,76.26622028499999,76.27326232,6.933292753181817,44.38594723999999,4.014382227368421,12.0907352,0.0070420350000119,0.5819869802664104,0.0,48.2069809737,102.0,30.82094808559061,56500.0,0.0,0.0,4252126,5849678,289.47920200120245,0.1036343882137528,9.982041448317323,0.0,3.568880288877481,4.0,2.0,2.0,3.251540565652411e-05,0.0,966.0,0.0,0.0
0xcbcd4b518890429c0ffef3d782ed99b3adff009b,1,ok,30,1.0,29.0,0.0333333333333333,30.0,1.0,29.0,1.0,0.0,148.5909801402,148.5914211402,148.5909801402,148.5909801402,5.1238421082827585,20.0,0.000440999999995,1.0,0.0,32.127817103266665,200.0,33.304077331761306,85406.76666666666,0.0,0.0,4254988,5260189,187.3472845529627,0.160130423409041,6.460251191481472,0.0094804962972799,5.039377379026617,30.0,29.0,1.0,0.000325185227375,0.0,31.0,0.0,0.0
0x45029af827c652f47b1f678456b2cd009647c8ad,1,ok,6,0.0,5.0,0.0,1.0,0.0,1.0,0.1666666666666666,0.8,0.0,0.0,0.0,0.0,0.0,0.0,0.0,0.0,1.0,37.4,136.1,44.77737523943685,222586.5,0.0,0.0,4909514,5072534,28.121986701110448,0.2133561922125181,5.624397340222089,0.0045692200020507,1.8978779933294327,1.0,1.0,0.0,2.3506716189355696e-05,0.0,2.0,0.0,0.0
0x74104e8c7f546c7398d198f6678310ce9d1b8814,1,ok,4,2.0,2.0,0.5,2.0,2.0,2.0,0.5,0.5,0.598278,0.6,0.299139,0.499139,0.3,0.5,0.001722,0.8342927535359816,0.0,45.25,59.0,7.949056547792323,65750.0,0.0,0.0,5040478,5064253,4.023452055553595,0.9941711606775022,1.3411506851845318,0.0969690022203657,0.9346423261353388,2.0,2.0,2.0,8.443169258784911e-05,0.0,3.0,0.0,0.0
0x6edc681ffadcce2eea2198ca0d086ffc6d00d2f9,0,ok,18,5.0,13.0,0.2777777777777778,5.0,4.0,1.0,0.2777777777777778,0.7222222222222222,0.005330184487402,0.010014,0.0010660368974804,0.005330184487402,0.0007703076923076,0.00321,0.004683815512598,1.0,0.2222222222222222,51.124426630555554,92.0,23.581792578913294,72833.33333333333,0.0,0.0,4689595,20524461,2441.417606779166,0.0073727657038348,143.61280039877445,0.0814480347213921,3.765937370936266,5.0,1.0,4.0,1.3860086802120495e-05,0.0,1148.0,0.0,0.0
0xfddbfa1b0b93612b95e3296690b63b74d019370c,1,ok,58,4.0,54.0,0.0689655172413793,39.0,4.0,35.0,0.6724137931034483,0.3275862068965517,26.177497533409554,24.319820533409555,6.544374383352388,7.0,0.4503670469149917,1.01043204,-1.857676999999999,0.267405239598098,0.0172413793103448,32.61012931034483,105.0,22.80710546241667,129411.89655172414,0.0,0.0,5195314,5254492,10.01071697777896,5.793790807266258,0.1756266136452449,0.0,4.4922476683875825,39.0,35.0,4.0,0.0003938400677023,0.0,2397.0,0.0,0.0
0xc4d648c4af5acb10217f31c2ca7e9b5b60b8cbb1,0,ok,100,6.0,94.0,0.06,2.0,1.0,1.0,0.02,0.98,4.773297995936581,4.779551796,0.7955496659894301,1.032211773,0.0508462957021276,0.061784784,0.0062538000634191,0.2162470840661326,0.0,3.918000030199999,85.8,13.1630421441585,48260.0,0.0,0.0,10864079,11522286,101.21102810967577,0.9880346229823548,1.022333617269452,0.0092155333332441,0.3325697566829146,2.0,1.0,1.0,1.6020345272953087e-05,0.0,1541.0,0.0,0.0
0xf8e676094628776690dbf83fa31f08aa14fd3fb8,1,ok,17,15.0,2.0,0.8823529411764706,5.0,3.0,2.0,0.2941176470588235,0.6428571428571429,4.766684133,4.84141026,0.3177789422,4.266684133,2.42070513,4.04141026,0.0747261269999999,0.8951052794670252,0.7647058823529411,23.294117647058822,60.0,9.176470588235292,236187.17647058825,0.0,0.0,4248601,4297886,11.686420884259322,1.4546797662317337,0.7304013052662076,0.0002370124089497,1.8403100513359305,5.0,2.0,3.0,3.447684386883675e-05,0.0,6.0,0.0,0.0
0xff35866acb80ce4b169d1460cd48108955c1c445,1,ok,3,0.0,2.0,0.0,2.0,0.0,2.0,0.6666666666666666,0.0,0.0,0.0,0.0,0.0,0.0,0.0,0.0,0.0,1.0,9.333333333333334,22.0,8.993825042154695,540201.0,0.3333333333333333,0.0,5213366,9560702,721.1092862272235,0.0041602570613058,360.55464311361175,5.833709327407457,0.9838201797180316,2.0,2.0,0.0,2.355895489259132e-05,0.0,165.0,0.0,0.0
0x91337a300e0361bddb2e377dd4e88ccb7796663d,0,failed,0,0.0,0.0,0.0,0.0,0.0,0.0,0.0,0.0,0.0,0.0,0.0,0.0,0.0,0.0,0.0,0.0,0.0,0.0,0.0,0.0,0.0,0.0,0.0,0,0,0.0,0.0,0.0,0.0,0.0,16.0,10.0,6.0,0.0003159804365988,0.0,1541.0,0.0,16.0
0xd9b94291a042e99211036a0a25ae562513a9a75c,0,ok,8,4.0,4.0,0.5,5.0,1.0,4.0,0.625,0.375,3.79338827,3.80064827,0.9483470675,1.64241124,0.9501620675,1.64841124,0.00726,0.4329668157064238,0.0,20.0,40.0,8.660254037844387,57375.0,0.0,0.0,4777051,7159686,408.25758639648006,0.0195954717476597,58.32251234235429,0.0140461207401973,1.940461531157197,5.0,4.0,1.0,5.6417099227798855e-05,0.0,2397.0,0.0,0.0
0xb92f407b35424616e327d590960cb204521f4a98,0,ok,6,3.0,3.0,0.5,3.0,1.0,2.0,0.5,0.5,1.6204016650000002,1.62749475,0.5401338883333334,0.9991159575,0.54249825,1.0,0.0070930849999997,0.6165853683568018,0.0,27.91454973116667,35.5,5.286475631494494,73666.66666666667,0.0,0.0,4032537,4228414,47.16235722203498,0.1272201041977755,9.432471444406996,0.0031300798141294,1.5147581434631157,3.0,2.0,1.0,3.447684386883675e-05,0.0,740.0,0.0,0.0
0x122c7f492c51c247e293b0f996fa63de61474959,1,ok,33,26.0,6.0,0.7878787878787878,30.0,24.0,6.0,0.9090909090909092,0.0625,23.506360644440367,23.55488264444037,0.9040907940169371,11.0,3.925813774073395,10.42675563,0.0485220000000019,0.4679584460728367,0.0,51.333333333333336,60.0,16.054201124234545,29951.515151515152,0.0,0.0303030303030303,3964096,4001002,7.156984005556614,4.610880780839962,0.2236557501736442,0.0003852343504075,1.814248141853216,30.0,6.0,24.0,7.835735458676095e-05,0.0,3798.0,1.0,1.0
0xa13ebd388fcf8b6024a557d77a410929444e7b8e,0,ok,3,2.0,1.0,0.6666666666666666,2.0,2.0,1.0,0.6666666666666666,0.3333333333333333,0.007488116,0.008,0.003744058,0.007488116,0.008,0.008,0.0005118839999999,1.0,0.3333333333333333,10.023333333333332,21.0,7.853306451566896,153666.66666666666,0.0,0.0,6758783,6852040,15.544884123840818,0.1929895376575353,7.772442061920409,0.0060007916666843,0.9992279399937782,2.0,1.0,2.0,1.5186096696008964e-05,0.0,182.0,0.0,0.0
0xb9d414f768dca11a98b6b9e7359803272ea1fad0,0,ok,100,100.0,0.0,1.0,2.0,2.0,0.0,0.02,0.98,0.3964280169998492,0.0,0.0039642801699984,0.3964280169998492,0.0,0.0,-0.3964280169998492,1.0,0.99,9.52000000002,22.0,5.378624359445378,295003.37,0.03,0.0,8254663,8341697,13.52802502685123,7.392062019512386,0.1366467174429417,0.0004663013887626,2.676150870774188,2.0,0.0,2.0,1.2536588509874642e-05,0.0,3.0,0.0,0.0
0x8eb762213fa7744713df5b96523af1cc038dbc98,0,ok,3,2.0,1.0,0.6666666666666666,3.0,2.0,1.0,1.0,0.0,0.397454731329625,0.4,0.1987273656648125,0.39308715,0.4,0.4,0.002545268670375,0.9890111225622754,0.0,39.663470958333335,51.0,8.50898098384506,82182.0,0.0,0.0,4052303,19484137,2434.212726155743,0.001232431318662,1217.1063630778715,0.0043339566693261,0.9999964391307116,3.0,1.0,2.0,1.9986660353805056e-05,0.0,1541.0,0.0,1.0
0xfc66073f270f0d9070a54b6179191fb832d96c90,0,ok,100,51.0,49.0,0.51,3.0,2.0,1.0,0.03,0.97,0.00087520999999,0.02150136,1.7160980391960785e-05,0.00087520999999,0.0004388032653061,0.00083064,0.02062615000001,1.0,0.5,10.1,20.0,0.9949874371066204,36406.0,0.49,0.0,4211530,4840010,125.74988445185402,0.7952293589445572,1.2702008530490303,0.0033708551829611,9.830542697646084,3.0,1.0,2.0,1.504467333518252e-05,0.0,1143.0,0.0,0.0
0x1e3c07ce10973fcaebc81468af1d3f390d2a4c71,1,ok,100,15.0,85.0,0.15,58.0,15.0,43.0,0.58,0.42,196.65203065390537,90.93326557390536,13.110135376927024,100.0,1.0698031243988868,5.0,-105.71876508,0.5085124199708541,0.0,32.57199997952,99.999997952,19.324306280903052,27366.0,0.0,0.0,5217301,5223323,1.019105290370407,98.12528788232834,0.0102939928320243,0.0,2.037254186832296,58.0,43.0,15.0,0.0007417115201015,0.0012099213551119,2397.0,0.0,1.0
0x199eee5b6ca1aaf030c77f0b5c50e39908fd2072,1,ok,4,2.0,2.0,0.5,4.0,2.0,2.0,1.0,0.0,10.989,11.0,5.4945,5.989,5.5,10.0,0.0109999999999992,0.544999544999545,0.0,40.75,51.0,9.756408150543928,48250.0,0.0,0.0,3910346,3922866,2.411567042591395,1.6586725267657183,0.8038556808637983,0.4447530592122564,0.5851295201405775,4.0,2.0,2.0,3.447684386883675e-05,0.0,5.0,0.0,0.0
0xac513396ee50091972ee6fc07d120b6ad360b233,1,ok,14,0.0,14.0,0.0,14.0,0.0,14.0,1.0,0.0,0.0,8.251730313,0.0,0.0,0.5894093080714286,1.48,8.251730313,0.0,0.0,36.714285714285715,65.0,16.892215330604515,41928.57142857143,0.0,0.0,4954223,4960269,1.0588505351846969,13.221884992066382,0.0814500411680536,0.0010507944447022,0.9045615993208784,14.0,14.0,0.0,0.0001661183760226,0.0,15.0,0.0,0.0
0x2c59a1fb51d2bb55413e92a7d676082ed49b6e10,0,ok,40,28.0,12.0,0.7,19.0,15.0,4.0,0.475,0.525,347.4200178562379,279.56725077323796,12.407857780579926,100.0,23.29727089776983,80.0,-67.85276708299995,0.2878360337929057,0.225,32.225,100.0,23.97028107886931,123282.625,0.2,0.0,3943724,7395640,626.9210289905551,0.0638038894059854,16.074898179245004,0.0014220744454198,3.299287032943708,19.0,4.0,15.0,2.9761465960740616e-05,0.0,966.0,0.0,0.0
0x560833296ef7a7f41b30c1065225fa9b33830c19,1,ok,100,63.0,37.0,0.63,57.0,22.0,35.0,0.57,0.43,10.713098,10.789570083436583,0.1700491746031746,4.3,0.2916100022550428,2.0,0.0764720834365846,0.401377827403427,0.4,61.9805,425.0,71.88015612636077,66194.54,0.01,0.0,4879341,5150910,46.66985633796288,2.1427106883690263,0.4714126902824533,0.0,2.1500525575191296,57.0,35.0,22.0,0.0003683178351098,0.0,1474.0,0.0,0.0
0x8444173280e5fdc0525494638123b014cffcc521,1,ok,65,9.0,56.0,0.1384615384615384,63.0,9.0,54.0,0.9692307692307692,0.0307692307692307,3.64497175,3.71016795,0.4049968611111111,0.9,0.0662529991071428,0.361559,0.0651961999999999,0.2469154939266676,0.0,29.327543384615385,140.0,24.47740056027508,41411.38461538462,0.0,0.0,4696825,6305852,275.3391059558314,0.2360725323573433,4.302173530559866,0.0011611736124312,3.2022071826284892,63.0,54.0,9.0,0.0005146826937791,0.0,377.0,0.0,1.0
0xd22167d083a5cfc2f1ccadeb842a8093b2174c5f,1,ok,6,0.0,5.0,0.0,3.0,0.0,3.0,0.5,0.4,0.0,0.0,0.0,0.0,0.0,0.0,0.0,0.0,1.0,4.0,7.0,1.7320508075688772,398780.8333333333,0.0,0.0,5191318,5830301,109.7729995164358,0.0546582495370516,21.95459990328716,0.0006867079629942,1.9398649090728783,3.0,3.0,0.0,1.30351222530822e-05,0.0,165.0,0.0,0.0
0x5e7cb8c12eee653335d50a13d1de6c123c6d8777,0,ok,4,3.0,1.0,0.75,4.0,3.0,1.0,1.0,0.0,0.0045,0.005,0.0014999999999999,0.0043,0.005,0.005,0.0005,0.9555555555555556,0.25,15.60005,48.4,19.099194747619595,143500.0,0.0,0.0,5690595,7168455,253.04600003796045,0.0158074026042693,84.34866667932015,0.0460819185194042,1.4096782924789597,4.0,1.0,3.0,2.3506716189355696e-05,0.0,3798.0,0.0,0.0
0xe9ee84b3b818b2af67c4536248fbfc5c7a0ccfad,1,ok,5,0.0,4.0,0.0,3.0,0.0,3.0,0.6,0.25,0.0,0.0,0.0,0.0,0.0,0.0,0.0,0.0,1.0,4.6,11.0,3.2619012860600183,428485.8,0.0,0.0,5130506,5929834,137.15176271879562,0.0364559660108166,34.287940679698906,1.1825818281482767,1.5421929981127451,3.0,3.0,0.0,1.2882417832913967e-05,0.0,165.0,0.0,0.0
0xf2601c5a063c6a6ca86d8b6bd0543158f83a10ce,1,ok,8,0.0,7.0,0.0,3.0,0.0,3.0,0.375,0.5714285714285714,0.0,0.0,0.0,0.0,0.0,0.0,0.0,0.0,1.0,4.125,12.0,3.0998991919093113,347344.25,0.125,0.0,5119190,5929742,139.05097930675856,0.0575328562221147,19.864425615251225,0.0566921740742745,1.8278805377232972,3.0,3.0,0.0,1.306203310020358e-05,0.0,165.0,0.0,0.0
0xe824ec0f8384600f3187967f8b098014e31892f2,1,ok,7,0.0,6.0,0.0,4.0,0.0,4.0,0.5714285714285714,0.3333333333333333,0.0,0.0,0.0,0.0,0.0,0.0,0.0,0.0,1.0,7.428571428571429,20.0,6.586938219084859,346913.4285714286,0.0,0.0,5191496,5929667,126.80173237245393,0.0552042931041268,21.133622062075652,0.01252304740802,1.1413210261234277,4.0,4.0,0.0,2.3927683373213384e-05,0.0,165.0,0.0,0.0
0x3a3999e6501e2a36dd3c0b8fc2bd165fc4a22e54,1,ok,2,1.0,1.0,0.5,2.0,1.0,1.0,1.0,0.0,5.69485547,5.69575847,5.69485547,5.69485547,5.69575847,5.69575847,0.000903,1.0,0.0,35.000550000000004,43.0,7.99945,21000.0,0.0,0.0,11252044,11275398,3.586992757778477,0.5575701249083801,3.586992757778477,3.586992757778477,0.0,2.0,1.0,1.0,1.3085094893848697e-05,0.0,23.0,0.0,0.0
0x4cd7f7a3a2244fabfa9ba0059598566d33802467,0,ok,10,5.0,5.0,0.5,5.0,2.0,3.0,0.5,0.5,40.673170000000006,40.6753,8.134634000000002,24.99958,8.13506,15.0,0.0021299999999939,0.6146454775961647,0.0,38.3,68.0,22.378784596130323,83100.0,0.0,0.0,3885383,4350179,106.01471140736231,0.0943265313582275,11.779412378595811,0.1288608906942385,2.3523390914860793,5.0,3.0,2.0,1.600591326818035e-05,0.0,571.0,0.0,0.0
0x1283c93a3376aaaff6425c71245dc283aef7c171,0,ok,6,3.0,3.0,0.5,4.0,2.0,2.0,0.6666666666666666,0.3333333333333333,3.363,3.36732563,1.121,1.521,1.1224418766666666,1.52337735,0.0043256299999998,0.4522747546833184,0.0,26.333333333333332,51.0,11.04033010778613,63337.666666666664,0.0,0.0,4070919,4075065,0.998254685556447,6.0,0.1996509371112894,0.0021669783332833,1.7495939490328791,4.0,2.0,2.0,1.9131020443200257e-05,0.0,836.0,0.0,0.0
0x12857fbba334a62c31487c5ce36b789ac8d440de,0,ok,4,2.0,2.0,0.5,3.0,2.0,1.0,0.75,0.25,9.989118,9.99,4.994559,4.994559,4.995,4.995,0.0008820000000007,0.5,0.0,31.52343810025,50.0,11.931841372348192,77166.5,0.0,0.0,3925642,4005988,15.764390885278033,0.2537364132308784,5.254796961759343,0.3996806400462433,0.6536118747307471,3.0,1.0,2.0,1.2921776813354338e-05,0.0,836.0,0.0,0.0
0xaff9e40f9b245b15a1d1bb45516ca213e682fa81,1,ok,24,2.0,22.0,0.0833333333333333,23.0,2.0,21.0,0.9583333333333334,0.0416666666666666,17.3569,17.359905362694022,8.67845,10.3599,0.7890866073951828,3.48118565,0.0030053626940222,0.5968750180043672,0.0,31.59166666666667,60.0,14.151587563081236,136166.70833333334,0.0,0.0,4289112,4409791,28.602420313518355,0.8390898300538884,1.2435834918921025,0.0,3.794371380898473,23.0,21.0,2.0,0.0002360331821192,0.0,1443.0,0.0,0.0
0xeaceb8e777dc8b1c11b8730904d13fbda070846f,1,ok,3,1.0,2.0,0.3333333333333333,3.0,1.0,2.0,1.0,0.0,11.41544995,11.41628995,11.41544995,11.41544995,5.708144975000001,11.4,0.0008400000000001,1.0,0.0,80.0,100.0,28.284271247461906,107000.0,0.0,0.0,4730878,4738916,1.3333590694434112,2.2499565711525107,0.6666795347217056,0.0102846805530565,0.9845732769382972,3.0,2.0,1.0,3.447684386883675e-05,0.0,4.0,0.0,0.0
0x15f4a5d5bbc071fc20bd60b9b7d81aaa8a1142ab,1,ok,7,5.0,2.0,0.7142857142857143,5.0,3.0,2.0,0.7142857142857143,0.2857142857142857,0.897584,0.9,0.1795168,0.4,0.45,0.8,0.0024159999999999,0.4456407422592203,0.0,26.857142857142858,50.0,9.44803186502083,21000.0,0.0,0.0,5060226,5375154,53.183995020000474,0.1316185442136787,8.863999170000078,0.4008184218517056,1.7340772413228838,5.0,2.0,3.0,3.447684386883675e-05,0.0,6.0,0.0,0.0
0xcdd1c19dcc3f473eaef6edb0a28e1e796d6e1767,1,ok,94,90.0,4.0,0.9574468085106383,55.0,51.0,4.0,0.5851063829787234,0.4148936170212766,9.311456061612969,1.4895572,0.1034606229068107,9.0,0.3723893,0.9895572,-7.821898861612968,0.9665513041620886,0.9042553191489362,32.87234042553192,60.0,11.825175130324023,62805.12765957447,0.0319148936170212,0.0,3976737,4595389,139.75111060662127,0.67262435047544,1.502700114049691,0.0,3.1798847997072706,55.0,4.0,51.0,3.862044831135609e-05,0.0013468013468013,3798.0,0.0,0.0
0x96bcec18ea03e3cefcd80c7d313a4c0c5ce8a907,0,ok,6,3.0,3.0,0.5,3.0,3.0,1.0,0.5,0.5,0.132801,0.135741,0.044267,0.071843,0.045247,0.1356,0.0029399999999999,0.5409823721206919,0.0,48.333333333333336,50.0,3.72677996249965,140333.33333333334,0.0,0.0,6648177,11685439,805.9046980581488,0.0074450490417256,161.18093961162975,1.463431003612501,1.7160353494659657,3.0,1.0,3.0,2.3025269865439945e-05,0.3333333333333333,3798.0,0.0,0.0
0xf747726200c7fc14ef4ce267b1f070128c2260dd,1,ok,23,1.0,22.0,0.0434782608695652,21.0,1.0,20.0,0.9130434782608696,0.0869565217391304,9.75144552,9.75347552,9.75144552,9.75144552,0.4433397963636363,2.11245,0.0020299999999995,1.0,0.0,45.608695652173914,100.0,28.959850964117447,48378.260869565216,0.0,0.0,4933765,4953513,3.458514781481138,6.650253491225518,0.1572052173400517,0.0,3.998840457251158,21.0,20.0,1.0,0.0002238120483051,0.0,2397.0,0.0,0.0
0x8e6be4cc78557cf3087b15963bf7139b0154e0e0,1,ok,100,72.0,28.0,0.72,64.0,42.0,22.0,0.64,0.36,684.8240000000001,668.0893632561098,9.511444444444445,99.0,23.86033440200392,395.0,-16.73463674389029,0.1445626905599102,0.54,21.0,21.0,0.0,87148.75,0.03,0.0,4004033,4011842,1.8802148672220884,53.1854107439031,0.0189920693658796,0.0,3.1555019149209653,65.0,22.0,43.0,0.0002497685913633,0.0302884615384615,3798.0,1.0,4.0
0x15e97db60e1c06a954af6745dbf4ec853cfaa24c,0,ok,38,31.0,7.0,0.8157894736842105,22.0,18.0,4.0,0.5789473684210527,0.4210526315789473,125.1121451344681,125.10872309,4.035875649498971,50.00420123,17.872674727142858,50.0,-0.0034220444680812,0.3996750369538981,0.6578947368421053,29.778933307894732,87.0,19.525055902921725,87435.05263157895,0.0,0.0,4137448,22779226,2873.9369403944443,0.0132222803729244,77.673971362012,0.000331763887295,2.531230592204871,22.0,4.0,18.0,3.4901333093023246e-05,0.0086580086580086,3798.0,0.0,0.0
0xabc490af011c8e354b7d2112648883fe9e511695,1,ok,22,1.0,21.0,0.0454545454545454,22.0,1.0,21.0,1.0,0.0,51.89,51.89664248800198,51.89,51.89,2.471268689904856,10.98,0.0066424880019795,1.0,0.0,27.548168013,125.0,24.259352046096744,162872.86363636365,0.0,0.0,4291439,4330513,9.261022807036836,2.3755475457077657,0.4410010860493731,0.0,4.070534089558015,22.0,21.0,1.0,0.0002265454959904,0.0,314.0,0.0,0.0
0x3a99d4e3ebf8e8cc9d66264ad9e39f458d1cedda,0,ok,19,17.0,2.0,0.8947368421052632,3.0,2.0,1.0,0.1578947368421052,0.8421052631578947,0.0063890399999999,0.01,0.0003758258823529,0.0063890399999999,0.005,0.005,0.00361096,1.0,0.8421052631578947,12.736842105263158,40.0,9.51918895960961,54157.89473684211,0.0,0.0,6223239,7884317,279.6259404183786,0.0679479163183932,15.5347744676877,0.000844829397069,3.3735197370398704,3.0,1.0,2.0,2.3506716189355696e-05,0.0,45.0,0.0,0.0
0x8feecc04aa38c67c87681d5901265140778f7b52,0,ok,13,7.0,6.0,0.5384615384615384,10.0,6.0,4.0,0.7692307692307693,0.2307692307692307,8.597111345,8.607441999999999,1.2281587635714286,6.0,1.4345736666666664,3.148342,0.0103306549999988,0.697908839285831,0.1538461538461538,50.77153847546154,105.0,37.951161291760165,42651.0,0.0,0.0,4625347,12461176,1268.8645571874993,0.0102453803491959,105.73871309895829,0.0,3.033207127071079,10.0,4.0,6.0,2.815157815287026e-05,0.0,966.0,0.0,0.0
0xb2a3fcf38979898e695c88947e3373bf1c2e9b37,1,ok,3,1.0,2.0,0.3333333333333333,3.0,1.0,2.0,1.0,0.0,1.199622,1.2000000000000002,1.199622,1.199622,0.6000000000000001,1.1,0.0003780000000002,1.0,0.0,45.0,77.0,24.34474618201362,30666.666666666668,0.0,0.0,4890744,4974579,14.68222537499887,0.2043286983666964,7.341112687499434,2.419804473146796,0.6703763344666704,3.0,2.0,1.0,3.447684386883675e-05,0.0,4.0,0.0,0.0
0xcb142defc16c9b409272447d87c74b722b767f1f,1,ok,8,3.0,5.0,0.375,8.0,3.0,5.0,1.0,0.0,4.021599999999999,4.025275,1.3405333333333331,3.53,0.805055,1.999845,0.0036750000000003,0.8777600954843844,0.0,53.125,60.0,10.879309490955755,21000.0,0.0,0.0,5110698,5122920,2.068333586666871,3.86784803552508,0.2954762266666958,0.000338460739564,1.7318242314091117,8.0,5.0,3.0,7.68023067554002e-05,0.0,542.0,1.0,2.0
0xb3764761e297d6f121e79c32a65829cd1ddb4d32,1,ok,100,0.0,100.0,0.0,28.0,0.0,28.0,0.28,0.72,0.0,0.0248814622800025,0.0,0.0,0.0002488146228,0.017529885939699,0.0248814622800025,0.0,0.71,20.92042212102,222.19423937,34.24719155355473,31837.84,0.0,0.0,13920477,24839107,1557.7821520004172,0.0641938283036466,15.735173252529467,0.0,2.536655860741466,34.0,29.0,5.0,0.0002563804070962,0.0160427807486631,436.0,1.0,6.0
0xe76537daf0832662f6454365624b086b71e69a43,0,ok,28,9.0,19.0,0.3214285714285714,5.0,2.0,3.0,0.1785714285714285,0.8214285714285714,176.90336399999998,176.91,19.655929333333333,42.339895000000006,9.311052631578947,27.0,0.0066360000000145,0.2393391173725786,0.0,38.31371101257143,100.0,27.20447856205328,23250.0,0.0,0.0,4708076,12308297,1231.5292898101857,0.0227359594543753,45.612195918895765,0.0073555611101565,4.696833229756344,5.0,3.0,2.0,6.13384539080299e-05,0.0,880.0,0.0,0.0
0xcae77a05ab518492144944fb50572ebfa3595870,1,ok,4,2.0,2.0,0.5,2.0,1.0,2.0,0.5,0.5,4.0600819999999995,4.066502,2.030041,3.076082,2.033251,3.076502,0.0064200000000003,0.7576403629286306,0.0,30.0,90.0,35.17811819867572,51250.0,0.0,0.0,5067606,5450661,64.64595123222028,0.0618754914075168,21.5486504107401,0.0111104644421074,1.4133158750150552,2.0,2.0,1.0,2.270936159843692e-05,0.0,2397.0,0.0,0.0
0x16b9c4333559256ca7d87b28c6fb2e8415b4711f,1,ok,6,1.0,5.0,0.1666666666666666,6.0,1.0,5.0,1.0,0.0,3.930678,3.931539,3.930678,3.930678,0.7863078,2.0,0.000861,1.0,0.0,47.5,61.0,9.196919774214264,60500.0,0.0,0.0,5066214,5254135,31.798260280371263,0.1886895681429382,6.359652056074252,0.0013538429637749,1.9914731123609968,6.0,5.0,1.0,6.73872269072799e-05,0.0,7.0,0.0,0.0
0xa82c7c0ef05080463e4ac55db8b8531007f3a66c,1,ok,12,4.0,8.0,0.3333333333333333,9.0,1.0,8.0,0.75,0.25,0.71036036,0.71332136,0.17759009,0.21259407,0.08916517,0.2,0.0029609999999999,0.2992763700947502,0.0,27.333333333333332,59.0,15.876257605479813,49750.0,0.0,0.0,4984398,5012618,4.867764633703563,2.465197252330992,0.4425240576094147,0.0005076911107257,1.4109943436122183,9.0,8.0,1.0,8.942694975810324e-05,0.0,1143.0,0.0,0.0
0x371850498d1bd60d67110d1d046ffabc10f957ec,1,ok,6,0.0,5.0,0.0,3.0,0.0,3.0,0.5,0.4,0.0,0.0,0.0,0.0,0.0,0.0,0.0,0.0,1.0,4.5,11.0,2.9860788111948193,398684.8333333333,0.0,0.0,5130721,5929837,137.11589322013987,0.0437586034637646,27.423178644027978,1.185120283704665,1.473205970113251,3.0,3.0,0.0,1.295755569373233e-05,0.0,165.0,0.0,0.0
0xc4625787be3fccff6ac2971945806acc167c8cbd,1,ok,11,2.0,9.0,0.1818181818181818,11.0,2.0,9.0,1.0,0.0,7.27,7.279750918130968,3.635,3.64,0.8088612131256631,3.6385,0.009750918130968,0.500687757909216,0.0,71.27272727272727,405.0,107.0429743005464,97909.09090909093,0.0,0.0,5162241,5171696,1.60007315185059,6.874685690012219,0.160007315185059,0.0018615340745007,1.754828258807894,11.0,9.0,2.0,0.0001004519644846,0.0,1143.0,0.0,0.0
0x28c575d32daf3b8d8b85a73390971cc969d570f6,0,ok,100,91.0,9.0,0.91,11.0,2.0,9.0,0.11,0.89,3.1790658467406305,0.270699217,0.0349347895246223,3.1790658467406305,0.0300776907777777,0.037045804,-2.9083666297406303,1.0,0.9,42.84483661472999,132.0,18.2410004766723,128040.0,0.0,0.0,7744360,12428380,732.5910950555569,0.136501795715134,7.399910051066232,0.000154254955274,5.105175843475184,11.0,9.0,2.0,0.0001112677376252,0.0,3798.0,0.0,0.0
0x1c50139c266559b29d7cb27635e0da13bef76a09,1,ok,17,2.0,15.0,0.1176470588235294,16.0,2.0,14.0,0.9411764705882352,0.0588235294117647,27.39,27.396502353002493,13.695,14.49,1.8264334902001664,7.0,0.0065023530024923,0.5290251916757941,0.0,24.000000011764705,60.0,14.624717172529204,165000.0,0.0,0.0,4288318,4403544,27.309991655923703,0.6224827972919793,1.7068744784952312,0.00165908685161,3.526042311335368,16.0,14.0,2.0,0.0001661183760226,0.0,17.0,0.0,0.0
0xb4021b68255217cf13d81956e6467382bcc23ae8,0,ok,24,12.0,12.0,0.5,4.0,2.0,2.0,0.1666666666666666,0.8333333333333334,3.696147485882707,3.701208485882707,0.3080122904902255,1.46958,0.3084340404902255,1.47,0.0050609999999999,0.397597770547037,0.0,12.875,24.0,8.202197368185349,34291.666666666664,0.0,0.0,3933912,4122104,42.129319746295614,0.5696745198956196,1.8317095541867656,0.0007704687035746,1.2667300567294104,4.0,2.0,2.0,2.3755375277954327e-05,0.0,1541.0,0.0,0.0
0x490c8d7df0b726a594e3124954b32b73ffb98be8,0,ok,6,4.0,2.0,0.6666666666666666,5.0,4.0,2.0,0.8333333333333334,0.1666666666666666,0.00011951279563,0.00041,2.98781989075e-05,0.00011951269563,0.000205,0.00021,0.00029048720437,0.9999991632695104,0.3333333333333333,2.3022745665,3.0,0.725211450932633,82785.83333333333,0.1666666666666666,0.0,6035623,21734505,2379.2159100264366,0.0025218392222054,475.8431820052873,0.07535878231404,1.728740219776917,5.0,2.0,4.0,2.859682629466663e-05,0.0,9.0,0.0,0.0
0xe1b5d4a21ad87e59826b400ad5fcf1e94f78bc97,0,ok,7,4.0,3.0,0.5714285714285714,4.0,3.0,2.0,0.5714285714285714,0.4285714285714285,0.50664111,0.6082134,0.1266602775,0.50664111,0.2027378,0.6,0.10157229,1.0,0.5714285714285714,72.15933248500001,116.000002115,30.948594791057904,78857.14285714286,0.0,0.0,4760398,17942176,2067.9834711166664,0.0033849400141579,344.66391185277774,0.0017513240735839,1.4248751597268128,4.0,2.0,3.0,2.7072265550500146e-05,0.0,880.0,0.0,0.0
0x8b3b831d767fad1ab0ad52a38777acb98630f8a7,1,ok,10,7.0,3.0,0.7,6.0,3.0,3.0,0.6,0.4,0.372,0.384,0.0531428571428571,0.333,0.128,0.234,0.012,0.8951612903225807,0.4,20.5,25.0,8.090117428072352,217100.0,0.0,0.0,4273939,4280444,1.5417657101844195,6.486069792539258,0.1713073011316021,0.00165908685161,1.1611815857046763,6.0,3.0,3.0,4.54469715483178e-05,0.0,3798.0,0.0,0.0
0x8ad8e18bedba64f7fa01e68669db4a9629a36ae8,0,ok,5,3.0,2.0,0.6,4.0,3.0,2.0,0.8,0.2,10.112389,10.11404406535118,3.3707963333333333,5.102789,5.05702203267559,5.10323007,0.0016550653511799,0.5046076649147891,0.2,23.456244042,30.0,3.510006612449895,46800.0,0.0,0.0,4136785,4164586,6.69379607166681,0.7469603116778188,1.6734490179167023,0.0096310148139794,0.6383880793408051,4.0,2.0,3.0,3.08711529129439e-05,0.0,1143.0,0.0,0.0
0xe9aa3a74e3d62274f221eca42736cadc14ccffaf,1,ok,8,1.0,7.0,0.125,8.0,1.0,7.0,1.0,0.0,16.249559,16.25,16.249559,16.249559,2.3214285714285716,6.0,0.0004409999999985,1.0,0.0,25.454850688,50.0,10.605814473514918,73050.25,0.125,0.0,4290754,5260204,178.87282389518563,0.0447245133485887,25.55326055645509,0.0109025707399403,2.433413203349887,8.0,7.0,1.0,8.9327482266242e-05,0.0,1148.0,0.0,0.0
0x3de08b35c0e7f255f37a5dace9bd8eb78e99e985,1,ok,81,55.0,26.0,0.6790123456790124,80.0,55.0,25.0,0.9876543209876544,0.0123456790123456,27.65860248845891,27.6836764884589,0.5028836816083438,21.7310205684589,1.06475678801765,5.0,0.0250739999999893,0.7856875840898537,0.0,21.706296296296298,60.0,5.9791994270764794,52718.53086419753,0.0123456790123456,0.0,4303139,4343699,9.613223244445743,8.425893994170954,0.1201652905555717,0.0009480496302798,4.414607495758315,80.0,25.0,55.0,0.0002690571477548,0.0,92.0,0.0,0.0
0xdefb014b9e2f3bd81cdb084821f99b681cfca695,1,ok,4,2.0,2.0,0.5,4.0,2.0,2.0,1.0,0.0,5.997999999999999,6.0,2.9989999999999997,5.898,3.0,5.0,0.0020000000000006,0.9833277759253084,0.0,56.5,84.0,17.67059704707229,68250.0,0.0,0.0,5023829,5058626,5.888709197778392,0.6792660098598624,1.9629030659261308,0.0096461311120677,0.8195781055562873,4.0,2.0,2.0,3.447684386883675e-05,0.0,5.0,0.0,0.0
0xa0d67bf1ae91b6b705abd4f695cc13edaacd0d02,1,ok,2,1.0,1.0,0.5,2.0,1.0,1.0,1.0,0.0,0.9990928,1.0,0.9990928,0.9990928,1.0,1.0,0.0009071999999999,1.0,0.0,46.1,49.0,2.8999999999999986,110500.0,0.0,0.0,4558215,4709699,25.128460472223384,0.079591027958548,25.128460472223384,25.128460472223384,0.0,2.0,1.0,1.0,2.3506716189355696e-05,0.0,7.0,0.0,0.0
0x07faacbe52a8b5d3d22f49206bdd9d9c1f71991d,1,ok,8,0.0,7.0,0.0,4.0,0.0,4.0,0.5,0.4285714285714285,0.0,0.086235,0.0,0.0,0.0123192857142857,0.086235,0.086235,0.0,0.875,8.25,41.0,12.47747971346778,334013.625,0.125,0.0,5119898,5830401,121.87660026736282,0.0656401637594933,17.41094289533755,0.0012017389359297,2.171073234967972,4.0,4.0,0.0,2.4057488635798873e-05,0.0,165.0,0.0,0.0
0x7ebc1c8fdd3589dcfc389aee55e07682801bf0d7,0,ok,23,4.0,19.0,0.1739130434782608,3.0,2.0,1.0,0.1304347826086956,0.8695652173913043,3.002,3.05292648208449,0.7505,2.0,0.1606803411623415,0.200912713737239,0.0509264820844901,0.6662225183211193,0.0,47.213043543913045,345.50000151,100.54083466060663,44956.52173913043,0.0,0.0,4301063,11586708,1202.1633622609272,0.0191321751452677,54.6437891936785,0.0035307023149949,2.9622382864226906,3.0,1.0,2.0,1.2966090571999554e-05,0.0,1393.0,0.0,0.0
0x1310c3425511ff14daaf25872c6b138deadc400f,0,ok,3,2.0,1.0,0.6666666666666666,2.0,2.0,1.0,0.6666666666666666,0.3333333333333333,0.007481972,0.008,0.003740986,0.007481972,0.008,0.008,0.000518028,1.0,0.3333333333333333,10.1,21.0,7.785884663928692,153666.66666666666,0.0,0.0,6758782,6852090,15.55338524536954,0.19288405402889,7.77669262268477,0.0061674803247054,0.9992069275945517,2.0,1.0,2.0,1.5186096696008964e-05,0.0,182.0,0.0,0.0
0x5fa4a011669597f84944050d6fa062789d3fc254,0,ok,32,29.0,3.0,0.90625,11.0,10.0,2.0,0.34375,0.65625,11.6370317058739,5.1,0.401276955374962,2.83,1.7,2.0,-6.5370317058739005,0.2431891629694135,0.46875,85.470875,800.0,182.3492827549217,292361.6875,0.03125,0.0,6040218,24545949,2770.8343128028705,0.0115488680980098,89.38175202589905,0.0,5.4152460352595195,11.0,2.0,10.0,3.058069319344579e-05,0.0,164.0,0.0,1.0
0xb5a9f1332c0c6f4cf25440d459e9d24e6b74a47c,0,ok,6,3.0,3.0,0.5,3.0,1.0,2.0,0.5,0.5,30.07,30.089999999999996,10.023333333333332,20.0,10.03,20.0,0.019999999999996,0.6651147322913202,0.1666666666666666,50.0,75.0,21.11871208194287,130708.66666666669,0.0,0.0,4024726,4862838,174.7256093348149,0.034339556879167,34.94512186696298,0.0038524059261436,1.973152295051402,3.0,2.0,1.0,2.3733881383701495e-05,0.0,3798.0,0.0,0.0
0x93aebe50a59dfd4c1f7ed56f5177c6ced54a33af,1,ok,4,0.0,3.0,0.0,3.0,0.0,3.0,0.75,0.0,0.0,0.0,0.0,0.0,0.0,0.0,0.0,0.0,1.0,2.25,4.0,1.0897247358851685,526400.75,0.25,0.0,5220502,9780890,753.8709086188867,0.0053059482124441,251.29030287296223,0.784297785554771,1.378713323290386,3.0,3.0,0.0,2.3725168948341032e-05,0.0,165.0,0.0,0.0
0x57a56996e99aa932a77968881d21e9649ce90fdb,0,ok,66,64.0,2.0,0.9696969696969696,8.0,6.0,2.0,0.1212121212121212,0.8787878787878788,0.4079848449794389,0.447,0.0063747632028037,0.39,0.2235,0.397,0.0390151550205611,0.9559178601833966,0.9242424242424242,15.905774823939392,72.000001459,9.127790055457917,57949.545454545456,0.0,0.0,6955239,23724470,2504.3673475812484,0.026353961236455,38.5287284243269,0.0002791411098506,5.18449583493921,8.0,2.0,6.0,2.6949733939217343e-05,0.1071428571428571,880.0,0.0,0.0
0x9d0b8447f16d6bc1de2b52d63e9c487bd778a91d,1,ok,4,1.0,3.0,0.25,4.0,1.0,3.0,1.0,0.0,0.868729,0.87,0.868729,0.868729,0.29,0.5,0.001271,1.0,0.0,43.5,51.0,4.387482193696061,40750.0,0.0,0.0,4689256,4696041,1.1255089930555335,3.5539476136399353,0.3751696643518445,0.0140999652776453,1.197101950296522,4.0,3.0,1.0,4.54469715483178e-05,0.0,39.0,0.0,0.0
0xc9f32ce1127e44c51cbd182d6364f3d707fd0d47,1,ok,10,2.0,8.0,0.2,8.0,2.0,6.0,0.8,0.2,199.329,199.35,99.6645,198.685,24.91875,113.8,0.0209999999999865,0.9967691605335902,0.0,19.5771424616,24.057143296,5.274301134278945,104300.0,0.0,0.0,3890693,3945648,10.58527690300787,0.9447083993767268,1.1761418781119857,0.0001926171779632,2.798614281135357,8.0,6.0,2.0,7.835735458676095e-05,0.0,51.0,0.0,0.0
0x171bc588b8f085ba7bafcac9c0f7d2aa9161eecd,0,ok,19,3.0,16.0,0.1578947368421052,19.0,3.0,16.0,1.0,0.0,1000.9959088393862,1001.0,333.6653029464621,661.9702402855988,62.56249999999999,690.8732831173028,0.0040911606137115,0.6613116341835266,0.0,49.24328975905263,51.311252711,0.7093054407721999,24631.57894736842,0.0,0.0,3917526,3917583,0.0109791790280077,19.0,0.0006099543904448,0.0,2.793443054473592,19.0,16.0,3.0,0.0001649365106873,0.0,41.0,0.0,3.0
0x64f3502c4b6b7e7f106e7ab1f175a4e2c2fde45f,1,ok,100,43.0,57.0,0.43,97.0,42.0,55.0,0.97,0.03,71.51865729875676,15.838334321,1.6632245883431809,69.2,0.2778655144035087,9.9,-55.68032297775677,0.9675796863876936,0.4,44.01,60.0,18.982357598570307,73006.51,0.0,0.0,4876722,5272558,67.694987587777,1.477214245298953,0.6837877534118887,0.0003366807406699,8.308733547559662,97.0,55.0,42.0,0.0006085801924283,0.0,3798.0,0.0,0.0
0xcec962222291e09a07c0bd0a110d2211e0358b28,1,ok,18,0.0,17.0,0.0,8.0,0.0,8.0,0.4444444444444444,0.5294117647058824,0.0,0.3,0.0,0.0,0.0176470588235294,0.1,0.3,0.0,0.8333333333333334,16.833333333333332,41.0,14.48083024016387,193394.11111111112,0.1666666666666666,0.0,5136130,7070428,328.36651640148074,0.0548167949560122,19.315677435381215,0.0010001319453672,1.375980343550158,8.0,8.0,0.0,6.786043279437322e-05,0.0,165.0,0.0,0.0
0xcd957fd3f42239a1b7ef41d7a2a931a9ec7b3057,0,ok,16,9.0,7.0,0.5625,11.0,4.0,7.0,0.6875,0.3125,12.134429180320634,12.08524157,1.348269908924515,6.12721661,1.7264630814285713,6.12763661,-0.0491876103206347,0.5049447748178375,0.125,38.3759818903125,91.0,29.9612613286732,54902.625,0.0,0.0,4890667,18125075,2070.791760286112,0.0077265132626321,138.05278401907415,0.0018517440750643,2.197890863684973,11.0,7.0,4.0,8.9327482266242e-05,0.0,2397.0,0.0,0.0
0x338958ea31baa7f37f7a6c2d0f30e297d7b51306,0,ok,7,3.0,4.0,0.4285714285714285,3.0,2.0,2.0,0.4285714285714285,0.5714285714285714,21.465598672204464,21.4688,7.155199557401488,21.465598672204464,5.3672,10.501,0.0032013277955371,1.0,0.2857142857142857,30.531164956142863,78.0,19.488776237493735,40714.71428571428,0.0,0.0,4178892,4239385,14.565224479814924,0.4805967810314824,2.427537413302487,0.0028893044425381,0.8137418448302322,3.0,2.0,2.0,4.237840319208571e-05,0.0,2397.0,0.0,0.0
0xbc66e774ce25000950786241b8c5ee3275311bd7,1,ok,78,37.0,41.0,0.4743589743589743,72.0,35.0,37.0,0.9230769230769232,0.0769230769230769,22.486282127709643,22.51523440770963,0.6077373548029633,22.1,0.5491520587246252,8.123223,0.0289522799999915,0.9828214319505656,0.4487179487179487,20.153846153846153,41.0,10.185556544940365,78730.96153846153,0.0128205128205128,0.0,5164893,5279297,19.33455696185154,4.03422742780709,0.2510981423617083,0.0005076911107257,2.0875648998220973,72.0,37.0,35.0,0.0003946627026784,0.0,3798.0,0.0,0.0
0xecfe748992496039bfc9dd21128411bf3c274d13,0,ok,11,5.0,6.0,0.4545454545454545,7.0,2.0,5.0,0.6363636363636364,0.3636363636363636,11.66433468904187,11.669670989999998,2.332866937808374,10.24855613,1.944945165,10.24928,0.0053363009581275,0.8786232908447035,0.0,26.349441377181815,51.0,11.669796780047744,83107.63636363637,0.0,0.0,3958861,19496905,2456.5195986726385,0.0044778800079363,245.65195986726383,0.0009630858787783,2.9392321132878516,7.0,5.0,2.0,5.78448255597736e-05,0.0,1541.0,0.0,0.0
0xdead43577c24ea541fed879d66122d29b61fd2eb,0,ok,10,5.0,5.0,0.5,7.0,2.0,5.0,0.7,0.3,50.37740793437991,50.38355461,10.075481586875982,24.2284792,10.076710922,24.23,0.0061466756200871,0.4809393772613169,0.0,66.304827285,292.82,78.51679212486064,75720.0,0.0,0.0,3968185,22578603,2885.1580853859723,0.003466014583621,320.5731205984414,0.0,2.627607831739097,7.0,5.0,2.0,6.537096924086322e-05,0.0,1541.0,0.0,0.0
0x38a66ec687d86b41e720d137cdacab0b75d2f23c,0,ok,6,3.0,3.0,0.5,5.0,3.0,3.0,0.8333333333333334,0.1666666666666666,73.40348597835461,73.405,24.467828659451538,73.39401097835461,24.468333333333337,52.9,0.0015140216453914,0.9998709189369728,0.1666666666666666,21.671071641333334,25.0,1.490952780741602,45750.0,0.0,0.0,4095712,4272967,42.59221430462819,0.1408708163676764,8.51844286092564,0.5294650394441904,0.8981659361231088,5.0,3.0,3.0,3.182685784729678e-05,0.0,740.0,0.0,1.0
0x17eec5f381f5d7d7a6600a35c3015e1f6f50590a,0,ok,26,21.0,5.0,0.8076923076923077,25.0,21.0,4.0,0.9615384615384616,0.0384615384615384,31.995725029745856,32.0,1.5236059537974218,6.66406594,6.4,10.0,0.0042749702541442,0.2082798853223215,0.0,12.906538926999998,60.0,14.669822086226098,31615.384615384617,0.0,0.0,5026404,7478686,420.6830591195352,0.0618042477261063,16.827322364781413,0.0,4.431137393083645,25.0,4.0,21.0,4.55307129809856e-05,0.0,966.0,0.0,0.0
0x8f0bca6b1b2b522082d46f3eec31340f113b029a,1,ok,30,3.0,27.0,0.1,30.0,3.0,27.0,1.0,0.0,7.885877354356,7.887998354355999,2.628625784785333,7.481633864356,0.2921480871983703,1.0189573,0.0021209999999998,0.9487382986273932,0.0,27.763333333366667,70.0,16.733548803344277,63566.666666666664,0.0,0.0,4974907,11342499,1036.6524652031503,0.0289393031965837,35.74663673114312,0.0075306935194465,4.761954561859035,30.0,27.0,3.0,0.0002594849490736,0.0,373.0,0.0,2.0
0x0156bfe0c52f0d3573600af34c4a38831c3a9785,0,ok,6,5.0,1.0,0.8333333333333334,6.0,5.0,1.0,1.0,0.0,10.999706000000002,11.0,2.1999412000000005,5.24828232,11.0,11.0,0.0002939999999984,0.477129326911101,0.0,2.8333333333333335,3.0,0.3726779962499649,21000.0,0.0,0.0,5368639,9293528,653.8867645759245,0.0091759006682009,130.7773529151849,0.0005050211096251,1.9999884149418712,6.0,1.0,5.0,2.3506716189355696e-05,0.0,7.0,0.0,0.0
0x18e81898ac31a43850fb8d0224477349de6d8d9a,1,ok,3,0.0,2.0,0.0,2.0,0.0,2.0,0.6666666666666666,0.0,0.0,0.0,0.0,0.0,0.0,0.0,0.0,0.0,1.0,3.0,4.0,0.816496580927726,662539.6666666666,0.0,0.0,5220531,5294898,12.545195733333628,0.2391353681336952,6.272597866666814,0.6770649696279455,0.892059879491728,2.0,2.0,0.0,1.2755041268859982e-05,0.0,165.0,0.0,0.0
0x2b985eb5a5b9e0bf97f305b0ec2cb463eb112ddf,0,ok,93,59.0,34.0,0.6344086021505376,50.0,35.0,18.0,0.5376344086021505,0.4623655913978494,107.22779532058924,84.14383137518772,1.8174202596710043,9.3,2.474818569858462,33.61663001,-23.083963945401536,0.0867312432582885,0.1505376344086021,55.07550926008602,1000.0,101.21228376810323,84752.98924731182,0.086021505376344,0.0,4906335,14217114,1494.3577178261098,0.0622340948827768,16.243018672022934,0.0003517703684391,4.226948162327183,50.0,18.0,35.0,0.0002501491827476,0.0040816326530612,1474.0,0.5,2.0
0x52b34625687d6266a3b98fd5d214828f0670d7ed,1,ok,49,1.0,48.0,0.0204081632653061,43.0,1.0,42.0,0.8775510204081632,0.1224489795918367,26.662892945332334,26.248312945332337,26.662892945332334,26.662892945332334,0.5468398530277571,3.094,-0.4145800000000008,1.0,0.0,27.14510204081633,99.0,25.152822061205157,53391.83673469387,0.0,0.0,5146312,5223047,12.985892470371391,3.7733255617046257,0.2705394264660707,0.0011846125926132,3.099540738947912,43.0,42.0,1.0,0.0003781149556917,0.0,1148.0,0.0,1.0
0xa153a6ef80fb5d60de18688bdc82684d48fc8de1,1,ok,9,0.0,8.0,0.0,2.0,0.0,2.0,0.2222222222222222,0.75,0.0,0.0,0.0,0.0,0.0,0.0,0.0,0.0,1.0,5.981111122222222,10.0,3.4209759523443775,192032.22222222225,0.3333333333333333,0.0,6596445,6715379,19.471048549444035,0.4622247218554124,2.433881068680505,0.0009822783343217,2.1743491870250256,2.0,2.0,0.0,3.447684386883675e-05,0.0,3.0,0.0,0.0
0x0a53e6340bd1d3e261ccd1de220f7516ab78b95e,0,ok,3,2.0,1.0,0.6666666666666666,2.0,1.0,1.0,0.6666666666666666,0.3333333333333333,12.043459,12.04516,6.0217295,12.04336,12.04516,12.04516,0.0017009999999988,0.999991779770247,0.0,40.333333333333336,61.0,16.73983937265296,44000.0,0.0,0.0,3279183,3987882,126.82688793648173,0.023654290102131,63.41344396824086,0.0016736842581519,0.9999736067913456,2.0,1.0,1.0,1.6630628529661814e-05,0.0,1443.0,0.0,0.0
0xc72048684f303a483798cf7240cc4d1175aa238e,0,ok,6,3.0,3.0,0.5,2.0,1.0,1.0,0.3333333333333333,0.6666666666666666,17.768654449404288,17.77,5.922884816468096,12.32958,5.923333333333333,12.33,0.0013455505957118,0.6938949730328827,0.0,21.178972981833333,22.073836554,0.7024883924723709,21000.0,0.0,0.0,4052303,4185042,31.96028188759254,0.187733012527943,6.392056377518508,0.0012038768524373,1.2839548703417198,2.0,1.0,1.0,7.263574972905442e-05,1.0,1443.0,0.0,1.0
0x38c36d3faab64c0770af26cc6ee95d91312bc53c,1,ok,32,0.0,31.0,0.0,16.0,0.0,16.0,0.5,0.4838709677419355,0.0,0.0,0.0,0.0,0.0,0.0,0.0,0.0,1.0,7.78125,43.0,9.554888719263037,251579.28125,0.0,0.0,5136138,5929877,136.2060393834721,0.2349381873582547,4.393743205918455,0.0011846125926132,1.9281683880470688,16.0,16.0,0.0,0.0001483080357772,0.0,165.0,0.0,0.0
0xd68cc94c79254c071fcb41b54fa764f64dafd22a,0,ok,4,2.0,2.0,0.5,2.0,1.0,1.0,0.5,0.5,0.1492712738,0.15024152,0.0746356369,0.1288648769,0.07512076,0.12935,0.0009702461999999,0.863293208528914,0.0,39.05,55.0,15.95,55500.5,0.0,0.0,4256006,4256301,0.0699186601848514,4.0,0.0233062200616171,0.0094804962972799,0.8317596939073978,2.0,1.0,1.0,6.307020380219348e-05,0.0,1393.0,0.0,0.0
0xf0a924661b0263e5ce12756d07f45b8668c53380,1,ok,100,0.0,100.0,0.0,36.0,0.0,36.0,0.36,0.64,0.0,79.61073112321594,0.0,0.0,0.7961073112321594,15.0,79.61073112321594,0.0,0.52,21.0431725072,100.0,12.682275860118011,206615.12,0.3,0.0,4081097,24506404,3128.56806629352,0.0319635046708355,31.601697639328485,0.0,8.874396109229988,38.0,38.0,0.0,0.0003784405263183,0.0,314.0,0.5,2.0
0x1de23f02e185fdc4f6bacc98d6c6419370e38538,1,ok,31,0.0,30.0,0.0,28.0,0.0,28.0,0.9032258064516128,0.0666666666666666,0.0,180.99390648764376,0.0,0.0,6.033130216254792,76.0,180.99390648764376,0.0,0.032258064516129,29.967741935483872,60.0,15.509588857028024,349561.87096774194,0.064516129032258,0.0,4222374,4226784,1.0618193833336786,29.195172443238583,0.0353939794444559,0.0,1.319116439689388,28.0,28.0,0.0,0.0003035078208574,0.0,314.0,1.0,1.0
0x905475cbca398e8fee6e35bcb2f530a3474b78ce,1,ok,31,5.0,26.0,0.1612903225806451,29.0,5.0,24.0,0.935483870967742,0.064516129032258,154.93600153501052,154.9385853750105,30.987200307002105,154.93,5.9591763605773265,50.0,0.0025838399999713,0.999961264425627,0.0967741935483871,40.744442721000006,100.0,24.286787640876906,70921.0,0.0,0.0,3921519,5284032,267.85387306828744,0.1157347461318835,8.92846243560958,0.000385234353167,5.218878975874659,29.0,24.0,5.0,0.0002758196528174,0.0,373.0,0.0,0.0
0x46a4c800484b47edf8867dee0ae2b077a1455d2c,0,ok,9,8.0,1.0,0.8888888888888888,7.0,6.0,1.0,0.7777777777777778,0.2222222222222222,1.2490227648,0.497567633,0.1561278456,0.71809022,0.497567633,0.497567633,-0.7514551318,0.574921642933373,0.3333333333333333,11.566666666666666,41.0,10.95607391155954,62687.88888888889,0.0,0.0,5771430,12741529,1115.866818021064,0.0080654786526953,139.48335225263298,1.6051798634258685,1.4238456915331057,7.0,1.0,6.0,2.3506716189355696e-05,0.0,3798.0,0.0,0.0
0x9546748f47a77408dfbff0dc22505b2e9a75fda4,1,ok,9,2.0,7.0,0.2222222222222222,7.0,2.0,5.0,0.7777777777777778,0.2222222222222222,6.687277958999999,6.689,3.3436389794999997,3.344,0.9555714285714286,3.099,0.0017220410000007,0.5000539861663017,0.1111111111111111,36.77777777777778,41.0,6.679617051195173,28555.555555555555,0.0,0.0,5100786,5126192,4.299466789629724,2.093282827932971,0.5374333487037155,0.0003384607423234,0.8885128947074015,7.0,5.0,2.0,6.73872269072799e-05,0.0,25.0,0.0,0.0
0xdf967ff95cd5ff35a27786dbd906fbb9ded116af,1,ok,4,2.0,2.0,0.5,3.0,2.0,1.0,0.75,0.25,0.584677,0.586,0.2923385,0.488887,0.293,0.49,0.0013229999999999,0.8361659514569583,0.0,31.031250075,58.125,24.72226578375883,35500.0,0.0,0.0,5894287,5987753,16.045961616574616,0.2492839067911152,5.348653872191538,0.0063520486570066,1.4122390057469578,3.0,1.0,2.0,1.322222148984221e-05,0.0,1148.0,0.0,0.0
0xe3d479b5f01b332c45ae5e894873d978c396681d,0,ok,10,5.0,5.0,0.5,5.0,3.0,3.0,0.5,0.5,2.450869894444496,2.457,0.4901739788888992,1.6996,0.4913999999999999,1.7,0.0061301055555036,0.6934680636669308,0.1,17.1341269838,38.095238095,9.29959920377296,35220.0,0.0,0.0,6335960,8980465,433.3257237613422,0.0230773283275183,48.14730264014913,0.0009894577772529,2.7901125202680737,5.0,3.0,3.0,3.286834228036254e-05,0.0,1739.0,0.0,0.0
0xa8454096f4a18e0252b411f670b3dd9d21465e75,1,ok,11,3.0,8.0,0.2727272727272727,9.0,1.0,8.0,0.8181818181818182,0.1818181818181818,8.133677,8.135,2.711225666666667,6.134559,1.016875,4.8,0.0013229999999992,0.7542171886097764,0.0,38.77053965963636,57.475936256,14.326647289102974,122181.81818181818,0.0,0.0,3903716,3912659,1.722575404304597,6.385787218667907,0.1722575404304597,0.0,0.7815025278777794,9.0,8.0,1.0,9.245600025050812e-05,0.0,9.0,0.0,0.0
0xe051ee9bd6270ff52d85ffe09685ee3a9755f04a,1,ok,5,0.0,4.0,0.0,3.0,0.0,3.0,0.6,0.25,0.0,0.0,0.0,0.0,0.0,0.0,0.0,0.0,1.0,6.0,15.0,4.516635916254486,428473.0,0.0,0.0,5201665,5929684,125.08374724499882,0.0399732188243977,31.2709368112497,0.0018615340745007,1.7138305498056248,3.0,3.0,0.0,1.2882417832913967e-05,0.0,165.0,0.0,0.0
0x508e1101755a4a6ae228b0e18002a816ce3418ce,1,ok,10,1.0,9.0,0.1,8.0,1.0,7.0,0.8,0.2,4.639444277777778,4.640305270000001,4.639444277777778,4.639444277777778,0.5155894744444445,1.143845,0.0008609922222229,1.0,0.0,37.65,50.0,14.338845839188036,42000.0,0.0,0.0,5211785,5497793,48.18070399888963,0.2075519693574933,5.353411555432182,0.0196307229636995,2.60178795377709,8.0,7.0,1.0,6.57064665850352e-05,0.0,2397.0,0.0,0.0
0xd821dfb705333d2c16e0c0c0be75ce360cca566a,1,ok,4,1.0,3.0,0.25,4.0,1.0,3.0,1.0,0.0,5.499,5.5,5.499,5.499,1.8333333333333333,3.0,0.0010000000000003,1.0,0.0,33.0,60.0,16.015617378046965,123000.0,0.0,0.0,4266354,4313139,11.088625480554722,0.3607300117597529,3.69620849351824,0.0528537668508512,1.3927670275503623,4.0,3.0,1.0,4.54469715483178e-05,0.0,447.0,0.0,0.0
0x15a99893dc47bfae5b06e9b4c8941aaca60f8af5,1,ok,15,10.0,5.0,0.6666666666666666,8.0,3.0,5.0,0.5333333333333333,0.4666666666666667,11.555009488318367,11.565,1.1555009488318366,3.2,2.3129999999999997,11.0,0.0099905116816323,0.2769361637681965,0.0,26.8,50.0,9.332380903785127,45573.333333333336,0.0,0.0,4953132,5426270,80.18905534814905,0.1870579461857476,5.727789667724933,0.0126922777791817,1.5974759264868648,8.0,5.0,3.0,5.6417099227798855e-05,0.0714285714285714,2397.0,1.0,1.0
0xf9a5139e42c3ca13d5b24d23ab2b18c278805dc4,1,ok,5,1.0,4.0,0.2,5.0,1.0,4.0,1.0,0.0,29.499559,29.5,29.499559,29.499559,7.375,15.0,0.0004409999999985,1.0,0.0,40.4,60.0,16.25546062097288,148400.0,0.0,0.0,4333756,4342613,2.0992188924054305,2.3818383200003757,0.5248047231013576,0.0037921985183601,1.7132811481865085,5.0,4.0,1.0,5.6417099227798855e-05,0.0,6.0,0.0,0.0
0xbbf84f9b823c42896c9723c0be4d5f5ede257b52,1,ok,2,1.0,1.0,0.5,2.0,1.0,1.0,1.0,0.0,5.56731327,5.56819527,5.56731327,5.56731327,5.56819527,5.56819527,0.0008820000000007,1.0,0.0,35.3,42.0,6.699999999999999,21000.0,0.0,0.0,11252159,11275410,3.5711727588872115,0.5600401142797713,3.5711727588872115,3.5711727588872115,0.0,2.0,1.0,1.0,1.3085094893848697e-05,0.0,23.0,0.0,0.0
0x9be3767a1a38b10dd74e2b10e2d5700b9664f147,0,ok,31,15.0,16.0,0.4838709677419355,9.0,5.0,5.0,0.2903225806451613,0.7096774193548387,185.69151145770007,185.70146136,12.379434097180004,107.12454036,11.606341335,107.12524036,0.0099499022999225,0.5768951931031194,0.0967741935483871,20.60403225770968,71.0,15.225671819929204,47709.67741935484,0.032258064516129,0.0,6334067,8979935,433.55182654902615,0.0715024089432466,14.451727551634203,0.0,3.1550248541513195,9.0,5.0,5.0,7.734832261164143e-05,0.0,1739.0,0.0,0.0
0xc315f677f6a8f7b42d8fb32500e790cbf3dfbce8,1,ok,7,0.0,6.0,0.0,3.0,0.0,3.0,0.4285714285714285,0.5,0.0,0.0,0.0,0.0,0.0,0.0,0.0,0.0,1.0,3.5714285714285716,7.0,1.6781914463529617,377398.4285714286,0.0,0.0,5120029,5830848,121.9311707037025,0.0574094381248111,20.321861783950418,0.0012017389359297,2.047003430817818,3.0,3.0,0.0,1.311026011390056e-05,0.0,165.0,0.0,0.0
0xd0c9d045103f94b51203d253a7ae5681eda00bd5,0,ok,3,2.0,1.0,0.6666666666666666,3.0,2.0,1.0,1.0,0.0,0.636688643586966,0.6378,0.318344321793483,0.63495353,0.6378,0.6378,0.001111356413034,0.99727478477205,0.0,20.15057798466667,21.0,1.2012641342626864,82182.0,0.0,0.0,3812234,19494716,2484.4556743837975,0.001207507958758,1242.2278371918987,0.0019261717603162,0.9999984494215132,3.0,1.0,2.0,2.0900837660428475e-05,0.0,1541.0,0.0,1.0
0x303f41f4e6a1e1fc9cc2738c722b73b3d9fe54cb,1,ok,5,0.0,4.0,0.0,3.0,0.0,3.0,0.6,0.25,0.0,0.0,0.0,0.0,0.0,0.0,0.0,0.0,1.0,4.8,12.0,3.6551333764994136,428541.8,0.0,0.0,5129841,5929744,137.24884998592515,0.03643017774293,34.31221249648128,0.0588921688883392,1.5598461404413242,3.0,3.0,0.0,1.2882417832913967e-05,0.0,165.0,0.0,0.0
0x90216dee8d732a0712fa0c4282cc36f304da4807,0,ok,6,4.0,2.0,0.6666666666666666,6.0,4.0,2.0,1.0,0.0,3000.998236,3001.0,750.249559,2713.45838023538,1500.5,2652.286357348587,0.0017640000000938,0.9041852633182887,0.0,21.0,21.0,0.0,32500.0,0.0,0.0,4054246,4054275,0.006982485740273,6.0,0.0013964971480546,0.0002407753715912,0.7586206897264073,6.0,2.0,4.0,2.899178002909622e-05,0.0,19.0,0.0,1.0
0xd561f945f4204b8b882416ac9e129812281490f1,0,ok,4,2.0,2.0,0.5,4.0,2.0,2.0,1.0,0.0,1.9906167,2.0,0.99530835,0.99895,1.0,1.0,0.0093833,0.50182940794177,0.0,35.25,50.0,14.7542366796795,107416.75,0.0,0.0,1874348,4154646,399.05521103926,0.0100236756452391,133.01840367975333,0.0019262029644515,1.4141865648362568,4.0,2.0,2.0,3.447684386883675e-05,0.0,1393.0,0.0,1.0
0xb1781768c7f73aac43189d97efe42058c900fe17,0,ok,4,2.0,2.0,0.5,4.0,2.0,2.0,1.0,0.0,1.28466987,1.3853000000000002,0.6423349349999999,1.2826,0.6926500000000001,1.2853,0.1006301300000003,0.9983887922894932,0.0,108.4724449875,215.908240828,74.14544542595453,87750.0,0.0,0.0,5390755,18535674,2043.1271011807412,0.0019577832420158,681.042367060247,0.0015400183338809,1.4142039234037802,4.0,2.0,2.0,1.813523494678807e-05,0.1666666666666666,740.0,0.0,0.0
0x3681828da105fc3c44e212f6c3dc51a0a5a6f5c6,1,ok,96,43.0,53.0,0.4479166666666667,74.0,34.0,45.0,0.7708333333333334,0.2291666666666666,1086.052264271542,1086.0929108765422,25.257029401663768,1084.5,20.492319073142305,236.06148934086048,0.0406466050001199,0.9985707278345548,0.3645833333333333,44.260416666666664,60.0,18.898988504495563,74155.95833333333,0.0,0.0,4174189,7997527,669.0916502936129,0.1434781019279989,7.043070003090662,0.0,6.841310789205675,74.0,45.0,34.0,0.0005382529868507,0.0,3798.0,0.0,0.0
0x7db728f08f401ee95df23464b3d86806daedcde8,0,ok,5,3.0,2.0,0.6,5.0,3.0,2.0,1.0,0.0,1000.9986491911914,1001.0,333.6662163970638,728.0501835868301,500.5,748.6616228052607,0.0013508088086382,0.7273238422200629,0.0,21.326213697,21.522992742,0.1670093545548058,34800.0,0.0,0.0,4097899,4097916,0.0040931812977349,5.0,0.0010232953244337,0.0,1.157195033643909,5.0,2.0,3.0,3.447684386883675e-05,0.0,23.0,0.0,1.0
0xbb00b48c627a369e7fc16991b3ac856b769dc48b,0,ok,5,3.0,2.0,0.6,3.0,2.0,1.0,0.6,0.4,0.46438691115263,0.46482617,0.1547956370508766,0.247911,0.232413085,0.257995,0.00043925884737,0.5338457954912496,0.0,15.383417594,28.0,10.544525834647809,48600.0,0.0,0.0,5745167,9485087,618.0498703440747,0.0080899620563247,154.5124675860187,0.0072112925930155,1.7318753326578318,3.0,1.0,2.0,1.4103749606943363e-05,0.3333333333333333,559.0,0.0,0.0
0x2de429a784549b6c1f3128164c88913616c3eb45,0,ok,4,2.0,2.0,0.5,3.0,2.0,1.0,0.75,0.25,3.09123,3.091776,1.545615,3.083376,1.545888,2.239492,0.0005459999999999,0.9974592637882008,0.0,29.331249999999997,47.225,17.31849963730981,55500.0,0.0,0.0,5689957,6956765,212.34244331180497,0.0188374963460619,70.78081443726832,0.4599397592605264,1.3805742659829283,3.0,1.0,2.0,1.2598639545861625e-05,0.0,1739.0,0.0,0.0
0x4a06a038308f95bfceeaaa6fb421724303cf900a,0,ok,78,58.0,20.0,0.7435897435897436,22.0,13.0,10.0,0.282051282051282,0.717948717948718,8.430793476928681,6.378373462907944,0.1453585082229083,4.0,0.3189186731453972,3.675,-2.052420014020737,0.4744511902641447,0.5641025641025641,16.837179521717946,100.0,16.142030827479967,91690.46153846152,0.0769230769230769,0.0,4516297,12291942,1260.8159486273153,0.0618646996692266,16.374233099056042,0.0006596385190884,3.655095958368474,22.0,10.0,13.0,7.975537479125451e-05,0.0,542.0,0.0,0.0
0x30bdc6b54ba12ebf29984f10059db70a69f05d69,0,ok,100,45.0,55.0,0.45,58.0,21.0,41.0,0.58,0.42,64.5576730440394,57.776642900000006,1.434614956534209,7.51,1.0504844163636364,7.310672,-6.7810301440393985,0.1163300913103991,0.15,28.911253194109996,130.0,22.01711640452749,55156.47,0.0,0.0,4896193,10321076,893.0008331929644,0.1119819783845503,9.020210436292569,0.0010507944447022,6.580240620209157,58.0,41.0,21.0,0.0004329198322178,0.0,1474.0,0.0,2.0
0xd670a0c022a9aaf2dc99ca6d1b86cca259637a77,0,ok,8,5.0,3.0,0.625,5.0,4.0,1.0,0.625,0.375,9.073949403,5.882,1.8147898806,3.2,1.9606666666666663,2.338,-3.1919494030000006,0.3526579064835898,0.0,20.625,21.0,0.4841229182759271,78250.0,0.125,0.0,4054269,4842562,164.0613978753708,0.0487622323325393,23.4373425536244,0.0054512853699701,1.4279470606695248,5.0,1.0,4.0,1.981884655351663e-05,0.0,966.0,0.0,1.0
0x0620a4b3b1a36178015ae2c7204498ffb160853b,0,ok,6,3.0,3.0,0.5,4.0,3.0,1.0,0.6666666666666666,0.3333333333333333,6.041479079999999,6.112256005919212,2.01382636,6.0,2.0374186686397375,6.0,0.0707769259192128,0.993134283931014,0.0,84.71858776266667,207.311526576,71.96947776229823,93130.0,0.0,0.0,4383112,13621443,1498.2120515928252,0.0040047735523293,299.64241031856506,0.0004740248151399,1.999945256708854,4.0,1.0,3.0,4.23368758855963e-05,0.0,7.0,0.0,0.0
0x1ccc9b2769741ab0e1620721df7cf8ff1d70716b,1,ok,4,2.0,2.0,0.5,4.0,2.0,2.0,1.0,0.0,0.88,0.88828353,0.44,0.44,0.444141765,0.48227353,0.00828353,0.5,0.0,88.25,105.0,22.219079638904937,23250.0,0.0,0.0,5208483,5289389,13.656696135186486,0.292896609868473,4.552232045062162,0.0003366807406699,1.308401016302323,4.0,2.0,2.0,2.22043216889264e-05,0.0,800.0,0.0,0.0
0x0999171042f44059d207a206e4400c7767367a61,0,ok,4,2.0,2.0,0.5,4.0,2.0,2.0,1.0,0.0,15.99575,15.998,7.997875,15.99575,7.999,9.999,0.0022500000000018,1.0,0.25,30.0,70.0,23.45207879911715,55639.5,0.0,0.0,5678628,8056415,399.6918954518492,0.010007708551303,133.23063181728307,0.022337418515925,0.7831577800366789,4.0,2.0,2.0,2.9491395871924752e-05,0.0,373.0,0.0,1.0
0x390de26d772d2e2005c6d1d24afc902bae37a4bb,0,ok,100,53.0,47.0,0.53,90.0,52.0,38.0,0.9,0.1,31359.77135817194,57.400536976878826,591.6937992107913,31006.44693982661,1.221288020784656,39.995632,-31302.37082119506,0.9887331953313728,0.07,112.94870946071,208.0,94.33716088602714,45928.99,0.0,0.0,5915773,25295132,2896.6535079717114,0.0345225964116163,29.25912634314859,0.0,4.095997182022934,122.0,38.0,84.0,0.0003810814782065,0.0028451429345617,966.0,0.34375,32.0
0x902d0d5bb6a34307bbd1da33e61ae1654b6cbe1e,1,ok,7,0.0,6.0,0.0,6.0,0.0,6.0,0.8571428571428571,0.0,0.0,2.0851816899999993,0.0,0.0,0.3475302816666665,1.0,2.0851816899999993,0.0,0.1428571428571428,40.285714285714285,60.0,18.289062193517942,815904.7142857143,0.1428571428571428,0.0,4501751,4512307,1.7510498055567345,3.9976018830454665,0.2918416342594557,0.0004976458350817,0.8099398137482551,6.0,6.0,0.0,7.835735458676095e-05,0.0,7.0,0.0,0.0
0x4df464e1982be8eff340673d16f991d25a433d97,0,ok,4,2.0,2.0,0.5,2.0,1.0,1.0,0.5,0.5,4.49916,4.5,2.24958,3.49958,2.25,3.5,0.0008400000000001,0.777829639310449,0.0,20.5,21.0,0.5,21000.0,0.0,0.0,3917529,3917548,0.0036597263426692,4.0,0.0012199087808897,0.0007704687035746,0.4144214661611778,2.0,1.0,1.0,3.292179603747599e-05,0.0,1541.0,0.0,1.0
0x3e65303043928403f8a1a2ca4954386e6f39008c,0,ok,100,68.0,23.0,0.68,84.0,63.0,22.0,0.84,0.0769230769230769,1230.662991905037,107.59255755605392,18.097985175074072,940.0,4.6779372850458225,44.9998089,-1123.070434348983,0.7638159318863587,0.08,13.37599395673,225.14144412,23.046798720817225,65144.8,0.0,0.09,5871622,24433733,2784.007281804907,0.0359194462793102,28.12128567479704,0.0,6.560117856331541,94.0,23.0,73.0,0.0002550654770147,0.0025165865934568,559.0,0.1,10.0
0xda1cc010259496d407a764c381d0e82182d68d89,1,ok,2,1.0,1.0,0.5,2.0,1.0,1.0,1.0,0.0,10.09979,10.1,10.09979,10.09979,10.1,10.1,0.0002099999999991,1.0,0.0,15.5,21.0,5.5,21000.0,0.0,0.0,4491156,4675990,31.28970113388918,0.0639187952432643,31.28970113388918,31.28970113388918,0.0,2.0,1.0,1.0,2.3506716189355696e-05,0.0,3.0,0.0,0.0
0xddb8c8575436891ecb4d21337f72c603db30f878,0,ok,10,3.0,7.0,0.3,6.0,2.0,4.0,0.6,0.4,1.5355480759711568,1.5409615579442917,0.5118493586570523,0.76170522,0.2201373654206131,0.59,0.0054134819731348,0.4960477837974951,0.0,123.26840902899998,260.0,67.62970530052337,34200.0,0.0,0.0,4758411,18126046,2094.090185661297,0.0047753435207672,232.6766872956996,0.3479880935174447,1.632395150607666,6.0,4.0,2.0,5.305774484536879e-05,0.0,2397.0,0.0,0.0
0x620a3e5cddd2748e111a11810757f419d10b1aac,0,ok,100,98.0,2.0,0.98,93.0,91.0,2.0,0.93,0.07,1818.03667945702,2.001,18.551394688336934,1274.46650359702,1.0005,2.0,-1816.03567945702,0.7010125362144265,0.0,11.47279518244,105.75,9.769472533871618,88620.04,0.0,0.0,8303501,16348451,1248.0902467287967,0.0801224112295538,12.606972189179762,0.0004663013887626,6.434612972776208,96.0,2.0,94.0,3.447684386883675e-05,0.0,447.0,0.3333333333333333,3.0
0x629b2aa7fdda8f7527d6f8ea742c1d5774e567ea,1,ok,29,2.0,27.0,0.0689655172413793,29.0,2.0,27.0,1.0,0.0,27.404613413,27.405579413,13.7023067065,13.7025482065,1.0150214597407408,13.0,0.0009660000000017,0.5000088123848477,0.0,35.495636263689654,60.0,14.847767514613798,35596.137931034486,0.0,0.0,5059156,5096400,6.302815914074028,4.601118039199548,0.2251005683597867,0.0,1.5302650613331128,29.0,27.0,2.0,0.0002813353027704,0.0,292.0,0.0,1.0
0xa490730ce2a97ec9f81f08fdb0eede36d6319bbd,1,ok,6,0.0,5.0,0.0,4.0,0.0,4.0,0.6666666666666666,0.2,0.0,0.0,0.0,0.0,0.0,0.0,0.0,0.0,1.0,4.666666666666667,11.0,2.9814239699997196,396167.5,0.0,0.0,5130714,5929887,137.12566168226854,0.0437554862189288,27.425132336453707,0.930767037037898,1.4546218932649768,4.0,4.0,0.0,2.385254551239502e-05,0.0,165.0,0.0,0.0
0xc29fe981209e892c78b9f25d9a015c1bbc79ad34,0,ok,4,2.0,2.0,0.5,3.0,2.0,2.0,0.75,0.25,67.86740761167013,67.87,33.933703805835066,67.86740761167013,33.935,67.86,0.002592388329873,1.0,0.25,37.087071992999995,78.0,23.737084504457258,38250.0,0.0,0.0,4178892,4239385,14.565224479814924,0.27462673201799,4.855074826604974,0.2340336600001211,0.6731060292941877,3.0,2.0,2.0,2.6486920832373616e-05,0.0,740.0,0.0,0.0
0xd0e42a0fd6905cbacb2deb00f3d5db89c0d9150b,0,ok,4,2.0,2.0,0.5,4.0,2.0,2.0,1.0,0.0,16.27270877,16.27405277,8.136354385,16.22270877,8.137026385,16.17078291,0.0013439999999995,0.9969273708079764,0.0,38.75,70.0,20.154093876927337,55500.0,0.0,0.0,3879409,11564980,1294.3522281491205,0.0030903489119958,431.45074271637344,0.1298239765757763,1.4021958097503433,4.0,2.0,2.0,2.700321536953338e-05,0.0,373.0,0.0,1.0
0x08389b19ad52f0d983609ab785b3a43a0e90355f,1,ok,22,4.0,18.0,0.1818181818181818,16.0,4.0,12.0,0.7272727272727273,0.2727272727272727,17.07633249,17.07869749,4.2690831225,7.0,0.9488165272222222,4.985,0.002365000000001,0.409924086691287,0.0,33.63636363636363,50.0,17.158473799860403,33136.36363636364,0.0,0.0,5220842,5224407,0.6033062703714327,22.0,0.0287288700176872,0.000676921479128,0.9454964611150906,16.0,12.0,4.0,0.0001276220258805,0.0,2397.0,0.0,0.0
0x4de76b3dfd38292ba71cf2465ca3a1d526dcb567,1,ok,38,11.0,27.0,0.2894736842105263,14.0,8.0,6.0,0.3684210526315789,0.631578947368421,910.336972,10000.000011,82.75790654545455,149.19377200000002,370.3703707777778,10000.0,9089.663039,0.1638885122640059,0.6842105263157895,21.491341801842104,222.19423937,42.96309253832999,357098.15789473685,0.0263157894736842,0.0,4045872,25623722,3292.994072707036,0.011539650288153,88.99983980289286,0.0004605263885524,2.6894975297988593,14.0,6.0,8.0,8.177834178806279e-05,0.0329670329670329,436.0,0.0,0.0
0xc9af68f68960a05e2ef9689a20c46d2f92692abf,0,ok,3,2.0,1.0,0.6666666666666666,3.0,2.0,1.0,1.0,0.0,691.3685826673028,691.3706406673028,345.6842913336514,690.8732831173028,691.3706406673028,691.3706406673028,0.0020580000000336,0.9992835955199336,0.0,49.0,49.0,0.0,44000.0,0.0,0.0,3917519,3917529,0.0019261717603162,3.0,0.0009630858801581,0.0005778515283708,0.3999999997134758,3.0,1.0,2.0,2.3506716189355696e-05,0.0,41.0,0.0,1.0
0x8fc09fdc122ca3701a6383afaab4aa13e3fc4680,0,ok,73,65.0,8.0,0.8904109589041096,19.0,15.0,5.0,0.2602739726027397,0.7397260273972602,4.36823487,0.47986,0.0672036133846153,0.6,0.0599825,0.31336,-3.88837487,0.1373552516877371,0.4794520547945205,5.962265642205479,50.000001459,10.612339644670625,221994.87671232875,0.0273972602739726,0.0,5295714,11529191,1010.9267672852758,0.0722109675620053,14.04064954562883,0.0003366807406699,4.622892165373739,19.0,5.0,15.0,5.390469010059358e-05,0.0,740.0,0.0,0.0
0xa046758bbfafec2e079a70529a01f871fd541004,0,ok,18,5.0,13.0,0.2777777777777778,16.0,3.0,13.0,0.8888888888888888,0.1111111111111111,7.336992770000001,7.33868277,1.4673985540000003,4.9945363,0.5645140592307692,1.18935627,0.001689999999999,0.6807334362413443,0.0,26.11111111111111,121.0,33.304802604777734,49444.444444444445,0.0,0.0,4200034,7100606,513.9620264755548,0.0350220426272214,30.23306038091499,0.5979020388893507,1.7623912869962544,16.0,13.0,3.0,0.0001333092286282,0.0,2397.0,0.0,0.0
0x1e4a0c56259f9d38325268d128edfd9de7d56061,0,ok,5,3.0,2.0,0.6,2.0,2.0,1.0,0.4,0.6,0.00315105,0.00456636,0.00105035,0.00315105,0.00228318,0.0039,0.00141531,1.0,0.4,24.75,30.0,10.5,72200.0,0.0,0.0,5219057,7622161,410.64247374064666,0.0121760419823447,102.66061843516168,0.0005076911107257,1.7071052910624065,2.0,1.0,2.0,1.4807829472449613e-05,0.0,182.0,0.0,0.0
0xf5c86c5ba5291da78a2b4119dd7aef99e3508362,1,ok,11,9.0,2.0,0.8181818181818182,9.0,7.0,2.0,0.8181818181818182,0.1818181818181818,0.498919384,0.500257,0.0554354871111111,0.344949,0.2501285,0.5,0.0013376159999999,0.6913922590748649,0.1818181818181818,17.272727272727273,140.0,38.947729328353795,49082.545454545456,0.2727272727272727,0.0,4989040,6098809,189.8980299521762,0.0579258247322009,18.989802995217616,0.0013517270375181,2.052063658689058,9.0,2.0,7.0,3.447684386883675e-05,0.0,571.0,0.0,0.0
0x1b01a0750bc55b00cf06da4ad0801f167887e745,0,ok,3,2.0,1.0,0.6666666666666666,3.0,2.0,1.0,1.0,0.0,0.007497355968589,0.01,0.0037486779842945,0.007497355968589,0.01,0.01,0.002502644031411,1.0,0.3333333333333333,41.10415474533333,78.0,26.09287765781717,44000.0,0.0,0.0,4178892,4272668,22.493652287409812,0.1333709600232046,11.246826143704908,0.2340336600001211,0.9791911373920263,3.0,1.0,2.0,1.5516793152892565e-05,0.0,740.0,0.0,0.0
0xf193a9afb00715aacf7ca9ebffafe02c77517c2e,1,ok,22,0.0,21.0,0.0,2.0,0.0,2.0,0.0909090909090909,0.9047619047619048,0.0,0.0,0.0,0.0,0.0,0.0,0.0,0.0,1.0,9.951818193454546,45.0,10.40486496366308,166346.0,0.0,0.0,6614116,10598098,644.2101590487968,0.0341503462666343,30.676674240418897,0.0121147661104246,1.8334797264657667,2.0,2.0,0.0,1.7663930794849484e-05,0.0,13.0,0.0,0.0
0xb23464c6fd16b3df8479ac8d3bcb8a7124bb062c,0,ok,19,9.0,10.0,0.4736842105263157,9.0,5.0,4.0,0.4736842105263157,0.5263157894736842,10.5101,10.51396814,1.167788888888889,5.25,1.0513968139999998,2.0,0.003868139999998,0.4995195098048543,0.0526315789473684,47.77525508047368,150.0,43.436315836391046,56400.0,0.0,0.0,4864266,7286577,417.0674234591204,0.0455561833202307,23.170412414395575,0.0008756620354122,2.649675128547058,9.0,4.0,5.0,2.913183412701979e-05,0.0,1148.0,0.0,1.0
0xe009321b26350c2cff5db607068c1f6813df40d7,1,ok,14,1.0,13.0,0.0714285714285714,12.0,1.0,11.0,0.8571428571428571,0.1428571428571428,12.65562456,12.65757756,12.65562456,12.65562456,0.9736598123076924,3.0,0.0019530000000003,1.0,0.0,31.700714285714287,93.0,26.299348298358417,50571.42857142857,0.0,0.0,5156344,5938411,134.25166195874965,0.1042817630391917,10.32705091990382,0.0,3.4630419877463745,12.0,11.0,1.0,0.0001054569621161,0.0,1474.0,0.0,1.0
0xf3ae45d5a0b8efb41444101267b56e6795051fac,1,ok,23,5.0,18.0,0.217391304347826,18.0,4.0,14.0,0.782608695652174,0.217391304347826,12.07732383,12.07971783,2.4154647660000004,10.56683583,0.671095435,4.99232273,0.0023939999999988,0.8749318954048448,0.0,23.904347826086955,98.0,16.70281096522039,75521.78260869565,0.0,0.0,4368158,5166069,144.60569615740744,0.1590532089065415,6.572986188973065,0.0502466303689612,2.641827926173331,18.0,14.0,4.0,0.0001661183760226,0.0,46.0,0.0,0.0
0xcfca3e1d49f5053e76fa3eb910ce10e7b2d0aa18,0,ok,6,4.0,2.0,0.6666666666666666,5.0,4.0,2.0,0.8333333333333334,0.1666666666666666,0.000122098213234,0.00041,3.0524553308500005e-05,0.000122098113234,0.000205,0.00021,0.0002879017867659,0.999999180987196,0.3333333333333333,2.285314974333333,3.0,0.7466667905392294,82785.83333333333,0.1666666666666666,0.0,6035623,21734508,2379.2163287381027,0.002521838778394,475.84326574762053,0.07535878231404,1.728745231630871,5.0,2.0,4.0,2.859682629466663e-05,0.0,9.0,0.0,0.0
0x0a9f58ee19a7131ed031ea66a032c05c7efe965a,1,ok,57,11.0,46.0,0.1929824561403508,40.0,4.0,38.0,0.7017543859649122,0.2982456140350877,52.29114716,52.29961015999999,4.753740650909091,12.5,1.1369480469565216,5.2343729,0.0084629999999918,0.2390461995747121,0.0,38.265789473684215,128.0,28.97556314318068,42919.59649122807,0.0,0.0,5195892,5231528,6.030693478518062,9.45164933403426,0.1076909549735368,0.0008461518502897,1.6769987190651994,40.0,38.0,4.0,0.0004580879131764,0.0025641025641025,966.0,0.0,2.0
0xf855fee50a8915634a105385cb6cb9e442d15457,1,ok,4,2.0,2.0,0.5,3.0,2.0,1.0,0.75,0.25,0.857,0.8600000000000001,0.4285,0.587,0.43,0.66,0.0030000000000001,0.6849474912485414,0.0,33.75,51.0,12.376893794486564,115250.0,0.0,0.0,4795480,4889794,16.517437872221624,0.2421683090890895,5.505812624073875,0.160246152775707,1.29233271474069,3.0,1.0,2.0,2.3506716189355696e-05,0.0,4.0,0.0,0.0
0xa29887b8d1eaf7a61d5786c4160d39a797c82552,0,ok,3,2.0,1.0,0.6666666666666666,3.0,2.0,1.0,1.0,0.0,0.007459246,0.01,0.003729623,0.007459246,0.01,0.01,0.002540754,1.0,0.3333333333333333,41.709074881666666,78.0,25.688345528902556,44000.0,0.0,0.0,4178892,4274051,22.82144044685419,0.1314553306565508,11.410720223427097,0.2340336600001211,0.9794900185599474,3.0,1.0,2.0,1.5516793152892565e-05,0.0,740.0,0.0,0.0
0x77b501e183df597396ca41037e08062d319e10ce,0,ok,18,9.0,9.0,0.5,5.0,1.0,4.0,0.2777777777777778,0.7222222222222222,118.65373729,118.66129729,13.183748587777778,62.98996398,13.184588587777778,62.99080398,0.007559999999998,0.5308721446004442,0.0,30.569759074333337,40.0,9.51536225272848,21116.666666666668,0.0,0.0,3407667,3794847,68.1408665449531,0.2641586600329664,4.008286267350182,0.0003347368510784,1.524579657856218,5.0,4.0,1.0,1.4064099127702452e-05,0.0,1443.0,0.0,3.0
0xde5886e65cbf1a9d21267f5ef7d5ed444cc63938,1,ok,3,0.0,2.0,0.0,2.0,0.0,2.0,0.6666666666666666,0.0,0.0,0.0,0.0,0.0,0.0,0.0,0.0,0.0,1.0,3.0,4.0,0.816496580927726,569497.0,0.0,0.0,5213564,5294402,13.640726900001368,0.2199296285302581,6.820363450000684,0.5944098477783026,0.9128477753222604,2.0,2.0,0.0,1.2755041268859982e-05,0.0,165.0,0.0,0.0
0xd124a1f875cd267f82eb22095b95864b41312dfb,0,ok,10,3.0,7.0,0.3,9.0,3.0,6.0,0.9,0.1,0.4633232820259425,0.4847378189986169,0.1544410940086475,0.36398787,0.0692482598569452,0.16167645,0.0214145369726744,0.7856023733761333,0.1,84.6309183115,303.0,100.44379367265842,54724.2,0.0,0.0,5035588,16162005,1769.992354582962,0.0056497419178718,196.66581717588463,0.0013538429637749,1.601837557532653,9.0,6.0,3.0,7.637181979228728e-05,0.0,2397.0,0.0,0.0
0xa7ce02b8195fe8e3116a7e1248f2725eaac86fec,1,ok,31,3.0,28.0,0.0967741935483871,23.0,3.0,20.0,0.7419354838709677,0.2580645161290322,26.05999981,27.900571480000004,8.686666603333334,25.0,0.9964489814285716,5.49,1.8405716700000028,0.9593246424509472,0.0,34.32459677419355,99.0,24.744696500012516,26531.451612903227,0.0,0.0,5235582,5546232,52.65657995407504,0.5887203465746723,1.7552193318025011,0.000338460739564,4.615904534239982,23.0,20.0,3.0,0.0002082670518373,0.0,2397.0,0.0,0.0
0x2f141d0cd81011436df8fa04bdac01cb6cf51a65,1,ok,18,2.0,16.0,0.1111111111111111,13.0,1.0,13.0,0.7222222222222222,0.2777777777777778,0.15,9.047944384,0.075,0.1,0.5654965240000001,2.0,8.897944384,0.6666666666666666,0.0,30.27777777777778,70.0,21.581384868434792,57611.11111111111,0.0,0.0,5171874,5174542,0.4515066281485337,18.0,0.0265592134205019,0.0006769214818874,2.476933477947819,13.0,13.0,1.0,0.0004160119553933,0.0128205128205128,16.0,1.0,1.0
0x560644f0980300b31dcde7b5f78d0d53e375371f,1,ok,23,7.0,16.0,0.3043478260869565,20.0,5.0,16.0,0.8695652173913043,0.1304347826086956,17.977837218233613,17.980924218233614,2.568262459747659,17.558719218233612,1.1238077636396009,4.0,0.0030870000000007,0.9766869621238464,0.0,22.82608695652174,50.0,9.374582536388967,64260.913043478264,0.0,0.0,4294781,4301521,1.5974636259261106,14.397823917064793,0.0726119829966413,0.0004740248151399,1.7854383893166432,20.0,16.0,5.0,0.0002188483906944,0.0,92.0,0.0,0.0
0xe54659243f8542d6abfd15bbff69f62465786756,1,ok,5,2.0,3.0,0.4,3.0,1.0,3.0,0.6,0.4,26.282935385,26.284615385,13.1414676925,25.282935385,8.761538461666666,15.384615385,0.0016799999999967,0.9619524993935528,0.0,32.2,40.0,15.6,61000.0,0.0,0.0,4560081,4727571,27.783566874999693,0.1799624944664364,6.945891718749923,0.0109482083331655,1.7257776146371964,3.0,3.0,1.0,0.0001120394203352,0.0,4.0,0.0,0.0
0x1086feeb031e45e8fcd770662aa8302d7c23ba1f,1,ok,100,81.0,19.0,0.81,45.0,33.0,15.0,0.45,0.55,62.66,44.413069858403226,0.7735802469135802,14.6,2.3375299925475383,17.0,-18.24693014159677,0.2330035110118097,0.65,16.4560946787,230.60946787,24.117923099605967,150666.55,0.08,0.0,4257920,4725235,94.73838334212977,1.05553838341181,0.9569533670922196,0.0,5.271543659468172,45.0,15.0,33.0,0.0001667438090854,0.0,3798.0,0.0,0.0
0x3853ba76ec6ae97818e2d0e0839c9eda6c396690,1,ok,100,6.0,94.0,0.06,96.0,5.0,91.0,0.96,0.04,208.5,207.45856746352345,34.75,96.4,2.207006036845994,66.97,-1.0414325364765773,0.4623501199040767,0.02,33.59900812504,100.0,22.150965292730195,90352.41,0.0,0.0,4603130,6294559,289.01909029314913,0.3459979058773281,2.91938475043585,0.0001758851855993,5.505133208511405,96.0,91.0,5.0,0.0009689839249587,0.0,127.0,0.0,0.0
0x9b15fa70c36b5e3532a8df7c5d3e30582138de9f,0,ok,5,3.0,2.0,0.6,5.0,3.0,2.0,1.0,0.0,2000.998677,2001.0,666.999559,1201.4165765134987,1000.5,1308.5246823281543,0.0013229999999566,0.6004084811863665,0.0,21.0,21.0,0.0,34800.0,0.0,0.0,3812225,3812241,0.0030818748142984,5.0,0.0007704687035746,0.0,1.0155048004692804,5.0,2.0,3.0,3.447684386883675e-05,0.0,1541.0,0.0,1.0
0x2f77f4523a13138b472ac6faef624cce68da2c46,1,ok,2,1.0,1.0,0.5,2.0,1.0,1.0,1.0,0.0,5.64021103,5.64119803,5.64021103,5.64021103,5.64119803,5.64119803,0.0009870000000002,1.0,0.0,36.0,47.0,11.0,21000.0,0.0,0.0,11251878,11275383,3.6101851833308185,0.5539882023876587,3.6101851833308185,3.6101851833308185,0.0,2.0,1.0,1.0,1.3085094893848697e-05,0.0,23.0,0.0,0.0
0x8608441c4bb50c869753716a64275ec0c69e94e1,0,ok,9,5.0,4.0,0.5555555555555556,6.0,2.0,4.0,0.6666666666666666,0.3333333333333333,5.443926172103026,5.4517488499999995,1.0887852344206053,2.13149518,1.3629372125,2.13325315,0.0078226778969732,0.3915363861697243,0.0,40.99280958,55.0,12.983419243501118,94909.33333333331,0.0,0.0,4097911,19484049,2423.219109277223,0.0037140677727176,302.90238865965284,0.0061296342589237,2.4564524629705935,6.0,4.0,2.0,5.336414300714168e-05,0.0,1541.0,0.0,1.0
0xdb388833bd73920002b7a5d72dc25b072bdcb281,0,ok,17,14.0,3.0,0.8235294117647058,5.0,3.0,2.0,0.2941176470588235,0.7058823529411765,1.32235906,1.275413,0.0944542185714285,0.279674,0.4251376666666666,0.985413,-0.04694606,0.2114962633522547,0.2352941176470588,33.8870237612353,60.0,20.36823864146003,546551.0588235294,0.0588235294117647,0.0,6096089,25618363,2911.0714379076385,0.0058397742420979,181.94196486922735,0.0035482834721053,3.846816894003834,5.0,2.0,3.0,2.219279027135264e-05,0.0,237.0,0.0,0.0
0xc4dca8f7d121ad79057a8382fc9fa9898727ddd8,1,ok,8,0.0,7.0,0.0,4.0,0.0,4.0,0.5,0.4285714285714285,0.0,0.0,0.0,0.0,0.0,0.0,0.0,0.0,1.0,10.0125,21.0,8.26444757681964,326590.625,0.0,0.0,5119949,5929692,138.91394960610955,0.0575896086943319,19.844849943729937,0.0147743555572297,1.4852149765362384,4.0,4.0,0.0,2.0270974146719695e-05,0.0,165.0,0.0,0.0
0xeae11424e7e4441dc1e725f51a5f6a6cca2edcbd,0,ok,11,8.0,3.0,0.7272727272727273,11.0,8.0,3.0,1.0,0.0,1.361049662239662,1.3830056722396618,0.1701312077799577,1.270733552239662,0.4610018907465539,1.2767679,0.0219560099999998,0.9336423111472794,0.4545454545454545,31.354545454545452,51.9,11.145432300140932,75433.27272727272,0.0,0.0,4202340,12530767,1371.1602988432871,0.0080224026390492,137.1160298843287,0.0015530115724713,2.405904900030431,11.0,3.0,8.0,1.3985993725135755e-05,0.0727272727272727,836.0,0.0,1.0
0xe350160e3c8a07e92ec58ddcb8df81a73aedc6f9,1,ok,18,2.0,16.0,0.1111111111111111,17.0,2.0,15.0,0.9444444444444444,0.0555555555555555,12.0,12.026,6.0,10.0,0.751625,3.0,0.0259999999999998,0.8333333333333334,0.0,45.44444444444444,99.0,27.713258403840292,232611.11111111112,0.0,0.0,5048647,5345084,50.081518541480655,0.3594140218630006,2.9459716789106274,0.0077845970348075,2.661269710450905,17.0,15.0,2.0,0.000177088503702,0.0,18.0,0.0,0.0
0xaf2caeae60d5ff3304a5da6edf6617c78f92c412,0,ok,7,4.0,3.0,0.5714285714285714,6.0,4.0,2.0,0.8571428571428571,0.1428571428571428,65.698145058788,65.71352838,16.424536264697,65.675952506,21.90450946,65.67586338,0.0153833212119991,0.9996622042712447,0.2857142857142857,132.3501102857143,439.0,187.1025318605935,37857.142857142855,0.0,0.0,6449673,15693377,1463.861408169863,0.0047818734484922,243.97690136164383,0.0033907999070706,1.214852816961507,6.0,2.0,4.0,1.35782378357976e-05,0.0,880.0,0.0,0.0
0xf35347c64cf8f78364d001c9a647eabbb638c0a7,0,ok,33,16.0,17.0,0.4848484848484848,15.0,4.0,11.0,0.4545454545454545,0.5454545454545454,34.7221563764,34.726313125831005,2.170134773525,17.768948932500003,2.042724301519471,17.76914208,0.0041567494310044,0.5117466997118078,0.0606060606060606,26.674204594090902,180.0,33.35242034222106,78127.18181818182,0.0,0.0,5529702,10481938,810.1002087700947,0.0407357011425797,25.31563152406546,0.0015476726850977,3.0389331316681667,15.0,11.0,4.0,9.68226857793226e-05,0.0,435.0,0.0,1.0
0x815904c9fc78e48f2a59c8578b4e7a910afa4265,0,ok,22,16.0,6.0,0.7272727272727273,9.0,8.0,4.0,0.4090909090909091,0.5909090909090909,9.4023336,9.4200627,0.58764585,2.0,1.5700104499999998,7.3960627,0.0177290999999986,0.2127131502757996,0.2727272727272727,15.972727272727274,55.0,17.028910759437682,37001.954545454544,0.1818181818181818,0.0,5051571,12782332,1245.5568524429643,0.0176627826797712,59.312231068712585,0.0,3.659618563270523,9.0,4.0,8.0,3.458537140333762e-05,0.1666666666666666,1474.0,0.0,1.0
0x557df24b95a7728d2a7bfa34556218f7ee8826e2,0,ok,18,4.0,14.0,0.2222222222222222,4.0,3.0,1.0,0.2222222222222222,0.7777777777777778,1.524731580945936,1.52749222,0.3811828952364839,0.90964979,0.1091065871428571,0.18646247,0.0027606390540642,0.5965966740425602,0.0555555555555555,21.06896471516667,30.0,3.573100803152629,80055.55555555556,0.0,0.0,3592854,19983970,2592.673568422593,0.0069426402996623,152.51020990721133,0.1242400911119249,3.3555137124147234,4.0,1.0,3.0,1.2681110098389362e-05,0.0,1541.0,0.0,0.0
0x9fc4804dbf234fa9e35cf7e70fddcf9f9cc3aa38,0,ok,100,7.0,93.0,0.07,7.0,3.0,4.0,0.07,0.93,106.1696,20.97209902254121,15.167085714285715,30.0,0.2255064411025936,1.095,-85.19750097745879,0.2825667611067575,0.0,23.49961878189,361.500002189,51.041529182412894,47125.0,0.0,0.0,7716599,11015539,519.5741497498612,0.192465310385713,5.248223734847083,0.1231476875477367,6.0342789067201,7.0,4.0,3.0,1.8671688062559854e-05,0.0,1393.0,0.0,0.0
0x7e160f5cf87e44cbe6b1337bb883f453445391de,1,ok,9,0.0,8.0,0.0,4.0,0.0,4.0,0.4444444444444444,0.5,0.0,0.0,0.0,0.0,0.0,0.0,0.0,0.0,1.0,13.77777777777778,59.0,19.88733699718256,299965.3333333333,0.0,0.0,5127508,11191849,987.53057886986,0.0091136418381086,123.44132235873248,0.0010300619431115,2.2943481615462646,4.0,4.0,0.0,2.4057488635798873e-05,0.0,165.0,0.0,0.0
0x3e60f7eec7b181618104c0c14a0abbdc0d9f6d56,0,ok,3,2.0,1.0,0.6666666666666666,3.0,2.0,1.0,1.0,0.0,0.007454254,0.01,0.003727127,0.007454254,0.01,0.01,0.002545746,1.0,0.3333333333333333,41.709074881666666,78.0,25.688345528902556,44000.0,0.0,0.0,4178892,4273026,22.578502729259156,0.1328697494237447,11.289251364629578,0.2340336600001211,0.979269337492708,3.0,1.0,2.0,1.5516793152892565e-05,0.0,740.0,0.0,0.0
0x20e3a1dbc90ecf1bd30ee77fc6d3c1f2cd13c3ba,0,ok,10,5.0,5.0,0.5,5.0,2.0,4.0,0.5,0.5,60.05176662,60.07397162,12.010353324,39.999895,12.014794324,40.0,0.0222049999999995,0.6660902293368701,0.0,34.1378666715,63.0,19.03528710022993,50100.0,0.0,0.0,5368657,16149647,1712.0061015596295,0.0058411006776728,190.22290017329215,0.0099572654620364,1.2901618735325446,5.0,4.0,2.0,3.9931846366867346e-05,0.0,2397.0,0.0,0.0
0x774148e22f021972bfe082e1548e5d9dc6e1d76e,1,ok,8,3.0,5.0,0.375,7.0,3.0,5.0,0.875,0.125,1.187895,1.1979373999999998,0.395965,0.837937,0.2395874799999999,0.8479374,0.0100423999999996,0.7053965207362604,0.0,26.875,100.0,33.031944765635586,29625.0,0.0,0.0,4978383,4985041,1.166031568519495,6.860877712048194,0.1665759383599278,0.0005253972223511,2.23684279284201,7.0,5.0,3.0,6.614390944637398e-05,0.0,1443.0,0.0,0.0
0xbb3a480257bf6f4f5d6dd7e677b03c7dd0f9e2d2,0,ok,11,9.0,2.0,0.8181818181818182,5.0,3.0,2.0,0.4545454545454545,0.5454545454545454,0.6531101703574308,0.6604363878574309,0.0725677967063812,0.6353050153574308,0.3302181939287154,0.6354123878574308,0.0073262175,0.972737899655956,0.6363636363636364,18.863636363636363,50.0,18.528958795614685,62872.63636363636,0.0,0.0,5313657,9049418,620.1269489587982,0.017738303452977,62.01269489587982,0.000724600556272,1.8602132973029903,5.0,2.0,3.0,3.447684386883675e-05,0.0,2450.0,0.0,0.0
0x80bc95cf4235493b0e4f46dc6f1c9b079d8e489b,0,ok,9,4.0,5.0,0.4444444444444444,7.0,2.0,5.0,0.7777777777777778,0.2222222222222222,7.81342572,7.82183486,1.95335643,5.7681944,1.564366972,5.0,0.0084091400000003,0.7382414073810379,0.1111111111111111,52.67512222222222,177.1561,57.861237895383574,232689.11111111112,0.0,0.0,4852121,7142356,391.6528337150012,0.0229795349994815,48.956604214375155,0.018953801481812,1.580758283507883,7.0,5.0,2.0,5.689202360255508e-05,0.0,2397.0,0.0,0.0
0x2d146aa23645950fdefbb23f636a5d1674fe1047,1,ok,24,8.0,16.0,0.3333333333333333,20.0,8.0,12.0,0.8333333333333334,0.1666666666666666,9996.0,10000.0000020306,1249.5,1500.0,625.0000001269125,10000.0,4.000002030599717,0.1500600240096038,0.125,20.102328677125,178.032235042,33.35033067737559,21428.666666666668,0.0,0.0,4045869,24414786,3124.262925882039,0.0076818118607045,135.83751851661037,0.0002791411126101,2.8131908185522625,20.0,12.0,8.0,0.0001599796805317,0.0105263157894736,436.0,0.0,0.0
0x983bda798a24720bb4fe3dba287ec352e7b440fc,1,ok,8,0.0,7.0,0.0,1.0,0.0,1.0,0.125,0.8571428571428571,0.0,0.0,0.0,0.0,0.0,0.0,0.0,0.0,1.0,7.125,20.0,5.206666399914632,249426.125,0.125,0.0,7275596,7298340,3.771398497405979,2.1212290362587014,0.5387712139151399,0.0051404042128059,1.9185122681115916,1.0,1.0,0.0,2.3506716189355696e-05,0.0,2.0,0.0,0.0
0xa58c3c3014a5891ac42daa78c8c9b0d1b62baad1,0,ok,5,3.0,2.0,0.6,5.0,3.0,2.0,1.0,0.0,1000.9986491911912,1001.0,333.6662163970637,732.2773301244476,500.5,755.0650803875554,0.0013508088088656,0.731546771532738,0.0,21.326213697,21.522992742,0.1670093545548058,34800.0,0.0,0.0,4097899,4097917,0.0043339566665667,5.0,0.0010834891666416,0.0,1.048220126398986,5.0,2.0,3.0,3.447684386883675e-05,0.0,23.0,0.0,1.0
0x557f152a982f65058d4cc81e52912e4c10f52534,0,ok,15,8.0,7.0,0.5333333333333333,9.0,2.0,7.0,0.6,0.4,323.2817321143799,323.28787879,40.41021651429749,149.99939168,46.18398268428571,150.0,0.0061466756200729,0.4639896931353018,0.0,29.571777221733335,120.0,29.044987527857877,58800.0,0.0,0.0,3068544,22578603,3043.1248812227777,0.0049291437536972,217.36606294448413,0.0011715789801544,3.174896851083043,9.0,7.0,2.0,8.9327482266242e-05,0.0,1541.0,0.0,0.0
0x602026bd56bf9ca9d86926669e4353035aca2a88,1,ok,7,2.0,5.0,0.2857142857142857,6.0,2.0,4.0,0.8571428571428571,0.1428571428571428,2.3296219999999996,2.3299999999999996,1.1648109999999998,1.1649055,0.4659999999999999,1.0,0.0003779999999999,0.5000405645207678,0.0,30.142857142857142,49.0,15.715584361923508,40571.42857142857,0.0,0.0,5071982,5096447,4.140221011111581,1.6907309975031055,0.6900368351852636,0.0005076911134852,1.4113692209770428,6.0,4.0,2.0,5.093203538805833e-05,0.0,292.0,0.0,0.0
0x4f69a54fa4ee6318f69c555982e63f6f3c4a5253,0,ok,60,28.0,32.0,0.4666666666666667,18.0,15.0,3.0,0.3,0.7,5.7730999999999995,5.802408135499423,0.2061821428571428,1.0,0.1813252542343569,0.998,0.0293081354994235,0.1732171623564463,0.0333333333333333,18.322889822283333,257.142857143,32.94348252318168,39474.38333333333,0.0,0.0,3798337,21321081,2742.360683319304,0.0218789601108841,46.480689547784806,0.0066993866667703,3.650579004557107,18.0,3.0,15.0,2.4298459937252137e-05,0.0065359477124183,1393.0,1.0,1.0
0xdd46e511d1148b58fe98fc79e45ef246efddc35d,0,ok,3,2.0,1.0,0.6666666666666666,3.0,2.0,1.0,1.0,0.0,0.38437164,0.38460264,0.19218582,0.38339003,0.38460264,0.38460264,0.0002309999999999,0.9974461955621908,0.0,20.333333333333332,50.0,21.171259344267224,21000.0,0.0,0.0,6963702,7650764,120.86672296620354,0.0248207275449906,60.43336148310177,0.1650217708310595,0.9972693597248068,3.0,1.0,2.0,2.3506716189355696e-05,0.0,818.0,0.0,0.0
0xe977419ef28e71ed541ff6318cea9a6392709a48,1,ok,18,1.0,17.0,0.0555555555555555,18.0,1.0,17.0,1.0,0.0,7.094720566,7.095581566,7.094720566,7.094720566,0.4173871509411764,1.47835281,0.0008609999999995,1.0,0.0,35.0,105.0,24.44494948973214,42944.444444444445,0.0,0.0,5123365,5144133,3.514576331851659,5.1215276893749175,0.2067397842265681,0.0089692096301802,1.720485742466557,18.0,17.0,1.0,0.0001717732463184,0.0,182.0,0.0,0.0
0xe344e4b209e8eabaa2a6ddd1b0aa120b7599af25,1,ok,24,1.0,23.0,0.0416666666666666,24.0,1.0,23.0,1.0,0.0,29.386905216,28.387325216,29.386905216,29.386905216,1.2342315311304348,5.0,-0.999579999999998,1.0,0.0,17.723958333333332,60.0,19.096314924785812,52258.333333333336,0.0,0.0,5300749,5433528,22.352066037406523,1.073726247937691,0.9718289581481095,0.0005050211096251,2.525705545561189,24.0,23.0,1.0,0.000217986236657,0.0,298.0,0.0,0.0
0x57dcf20135b0cb9d167e8ebfe13b84bfd67645ed,1,ok,11,0.0,11.0,0.0,11.0,0.0,11.0,1.0,0.0,0.0,9.61679,0.0,0.0,0.8742536363636364,5.0,9.61679,0.0,0.0,27.55320148854545,60.0,17.0711126707391,61954.63636363636,0.0,0.0,4103270,4758954,137.62069363333285,0.0799298398343177,13.762069363333282,0.112799722223922,2.4539200977489988,11.0,11.0,0.0,0.0001025662588897,0.0,182.0,0.0,1.0
0x570ac27d1048dcba1a4c58fe80109b9cf9b0e2ef,1,ok,68,34.0,34.0,0.5,37.0,8.0,29.0,0.5441176470588235,0.4558823529411764,39.401063415,39.437288415,1.1588548063235296,7.998866,1.1599202475,8.0,0.0362249999999946,0.2030114242285863,0.0,46.438235294117646,122.0,21.450277863357037,155463.23529411765,0.0,0.0,4994241,5129334,22.895828255740582,2.969973361105669,0.3417287799364265,0.0,3.173313127554488,37.0,29.0,8.0,0.0003094725792985,0.0,2397.0,0.0,1.0
0x6642cec9d02e4e669103a3ed4f3505f437b8fe73,1,ok,100,0.0,100.0,0.0,72.0,0.0,72.0,0.72,0.28,0.0,0.3945000000000001,0.0,0.0,0.003945,0.01,0.3945000000000001,0.0,0.02,5.8020375,45.0,7.878662623771802,99003.88,0.05,0.0,5172665,5866741,119.1855631575485,0.8390277928863954,1.2038945773489746,0.0,7.946649601015817,72.0,72.0,0.0,0.000802713023664,0.0,294.0,0.0,0.0
0x4a3309f1ce4df14fab930656044fd09f2c85930a,0,ok,3,2.0,1.0,0.6666666666666666,1.0,1.0,1.0,0.3333333333333333,0.6666666666666666,199.999118,200.0,99.999559,199.998236,200.0,200.0,0.00088199999999,0.9999955899805518,0.0,20.666666666666668,21.0,0.4714045207910317,21000.0,0.0,0.0,3091989,3092075,0.01424181898159,3.0,0.007120909490795,0.0028152432872189,0.6046511627681675,1.0,1.0,1.0,1.31047133425289e-05,0.0,2450.0,0.0,0.0
0xdae1224506784eeceb7c2c26faa0321ff7fdb1f1,0,ok,54,46.0,8.0,0.8518518518518519,7.0,6.0,1.0,0.1296296296296296,0.8703703703703703,0.003824245,0.04,8.313576086956521e-05,0.003824245,0.005,0.005,0.036175755,1.0,0.8333333333333334,37.351851851851855,55.0,8.596203743098865,78500.0,0.0,0.0,4862669,7822231,502.9716931528709,0.1073619067138784,9.49003194628058,0.0001692303684022,6.123056459031201,7.0,1.0,6.0,1.3603534871585362e-05,0.0476190476190476,397.0,0.0,1.0
0x49311a81f5f5df6c109599ed5d7413d85b8bca18,1,ok,4,1.0,3.0,0.25,2.0,1.0,1.0,0.5,0.5,1.499559,1.5,1.499559,1.499559,0.5,0.5,0.0004409999999999,1.0,0.0,23.5,25.0,1.6583123951777,21000.0,0.0,0.0,4365535,4365801,0.0630453003694613,4.0,0.0210151001231537,0.0004740248151399,1.3743468324798944,2.0,1.0,1.0,2.3506716189355696e-05,0.0,6.0,0.0,0.0
0x6a7142debef604ebecb7f38ba70a2838704073ba,0,ok,58,46.0,10.0,0.7931034482758621,17.0,14.0,4.0,0.293103448275862,0.6964285714285714,4.759810535366503,4.233941236951443,0.1034741420731848,1.5,0.4233941236951443,2.5227,-0.5258692984150599,0.3151385940374412,0.6551724137931034,53.287677943155174,396.0,68.41918854289094,211433.5172413793,0.0344827586206896,0.0344827586206896,5207340,17770320,1966.890039266668,0.0294881761776701,34.506842794152064,0.0,4.983608324796135,17.0,4.0,14.0,4.171194618949096e-05,0.0,447.0,0.0,0.0
0x920adc9a060cda345fdec2fdebad6ebf38edf83d,1,ok,11,2.0,9.0,0.1818181818181818,11.0,2.0,9.0,1.0,0.0,14.288677,14.289559,7.1443385,11.789559,1.5877287777777778,10.0,0.0008820000000007,0.8250980129230999,0.0,22.563636363636363,34.0,5.408288710568206,92363.63636363635,0.0909090909090909,0.0,4281112,4532389,57.25192213120284,0.192133287242157,5.725192213120284,0.1554801392582831,2.0209978482944777,11.0,9.0,2.0,0.000100339480662,0.0,966.0,0.0,0.0
0x68d41d0c11bf5536d6d8c186ccfaf3de1a022d67,1,ok,6,0.0,5.0,0.0,3.0,0.0,3.0,0.5,0.4,0.0,0.0,0.0,0.0,0.0,0.0,0.0,0.0,1.0,4.833333333333333,15.0,4.597704741377907,379881.6666666667,0.0,0.0,5119988,5929680,138.90528949777837,0.0431948993569173,27.781057899555673,0.0035538377778397,1.7882641127785273,3.0,3.0,0.0,1.2934656536149592e-05,0.0,165.0,0.0,0.0
0x6d8a1bc0ae09ae5cfd4a7a2a59194598734ceea5,1,ok,9,3.0,6.0,0.3333333333333333,6.0,1.0,5.0,0.6666666666666666,0.3333333333333333,2.846054,2.8473770000000003,0.9486846666666668,1.0,0.4745628333333334,1.0,0.0013230000000001,0.3513636775690131,0.0,22.0,30.0,2.8284271247461903,21000.0,0.0,0.0,4442345,4581942,27.25764864074135,0.3301825523771671,3.407206080092669,0.0047402481486399,1.8906305557903431,6.0,5.0,1.0,6.051113924758602e-05,0.0,1148.0,0.0,0.0
0xddd6854a002a6fbcdf695385cd5ed630c9e27c3e,1,ok,100,46.0,54.0,0.46,53.0,29.0,29.0,0.53,0.47,1419.6429204701224,1361.0013982510911,30.861802618915704,205.101,25.20372959724243,185.0,-58.64152221903123,0.1444736539326943,0.0,21.235687499999997,50.0,7.408067724985291,23880.0,0.0,0.0,6670565,7279059,109.3735465383778,0.9142978641998344,1.1047832983674524,0.0,1.7322362221955765,53.0,29.0,29.0,0.0004340429315862,0.0,601.0,0.0,0.0
0xb7480215192ea51f5c8696d8d5be190700ce9f06,0,ok,23,17.0,6.0,0.7391304347826086,16.0,10.0,6.0,0.6956521739130435,0.3043478260869565,11.465308809199998,11.4875410892,0.674429929952941,5.10238485,1.9145901815333335,5.05719354,0.0222322800000025,0.4450281222173224,0.5217391304347826,22.58135069373913,120.0,23.47763629763713,58136.260869565216,0.0,0.0,5185176,16162701,1744.7747562333334,0.0131822173136279,79.30794346515152,0.0032699022221344,2.7399313133959873,16.0,6.0,10.0,6.752846715596045e-05,0.0,2397.0,0.0,0.0
0x990fdee1f4537224c7e4df8e7f7a5551dd84f3a2,0,ok,3,2.0,1.0,0.6666666666666666,2.0,2.0,1.0,0.6666666666666666,0.3333333333333333,0.007489616,0.008,0.003744808,0.007489616,0.008,0.008,0.000510384,1.0,0.3333333333333333,10.0,21.0,7.874007874011811,153666.66666666666,0.0,0.0,6758783,6852035,15.544050680553472,0.1929998854000893,7.772025340276736,0.0060007916666843,0.9992278985973468,2.0,1.0,2.0,1.5186096696008964e-05,0.0,182.0,0.0,0.0
0x8c38a4e5104a2925d9e23d5f269afd1c2e09b8f9,1,ok,16,4.0,12.0,0.25,12.0,2.0,10.0,0.75,0.25,2.023068,2.025,0.505767,1.199517,0.1687499999999999,1.0,0.001932,0.5929197634483864,0.0,29.375,65.0,15.991697064414396,49200.0,0.0,0.0,5218070,5295495,13.062170875925156,1.2249112457631026,0.8708113917283439,0.0109999740730833,1.4627524460683738,12.0,10.0,2.0,0.0001194434775912,0.0,2397.0,0.0,0.0
0x50c31702fb2e2f55e9814d43073424d00554d6cc,0,ok,7,3.0,4.0,0.4285714285714285,6.0,2.0,4.0,0.8571428571428571,0.1428571428571428,3.852996046836118,3.8561204,1.2843320156120397,2.80100368,0.9640301,2.8023,0.0031243531638818,0.7269677014851962,0.0,78.80500465785714,161.051,60.82628177090192,58714.28571428572,0.0,0.0,3668784,22578602,2941.494037624813,0.0023797430524973,490.2490062708021,0.0026429361104965,2.022522566640818,6.0,4.0,2.0,4.6160834714305175e-05,0.0,1541.0,0.0,0.0
0x0fc1c25b450e94a9acab987927c185840fedeaf3,0,ok,100,11.0,89.0,0.11,3.0,1.0,2.0,0.03,0.97,10.882371415861764,10.623202982811458,0.9893064923510696,1.1784717873388002,0.1193618312675444,0.1975362915869334,-0.2591684330503074,0.1082918182356008,0.0,5.77600535893,120.0,12.31282458120523,47310.0,0.0,0.0,6198295,20530722,2183.700419063659,0.0457938273615749,22.05757999054201,0.02433654398002,5.308419824028274,3.0,2.0,1.0,1.4297044856096275e-05,0.0,880.0,0.0,0.0
0x5b67a30108e1a5f3d5a809d57e76cd16fdfde7a7,1,ok,100,98.0,2.0,0.98,46.0,45.0,2.0,0.46,0.54,54.616082220659486,0.112201126501525,0.5573069614353009,29.2,0.0561005632507625,0.1,-54.50388109415796,0.5346410583246594,0.94,31.54,60.0,7.203360326958522,192174.53,0.02,0.0,4595497,4934224,57.89285068472226,1.7273290020660474,0.5847762695426492,0.0,7.327674884722754,49.0,4.0,46.0,3.641487694181174e-05,0.0187074829931972,3798.0,1.0,3.0
0xb8b65a2c5f567b627f6de37a0b145166ac0a9f28,0,ok,5,3.0,2.0,0.6,5.0,3.0,2.0,1.0,0.0,2000.9986770000005,2001.0,666.9995590000001,1269.766353165499,1000.5,1302.3030874241545,0.0013229999997292,0.6345663131917696,0.0,21.0,21.0,0.0,34800.0,0.0,0.0,3812225,3812241,0.0030818748142984,5.0,0.0007704687035746,0.0,0.8477912480226762,5.0,2.0,3.0,2.899178002909622e-05,0.0,1443.0,0.0,1.0
0xe9ab68e4aa12bf290529626e5f32725cf5abfba8,1,ok,6,0.0,5.0,0.0,3.0,0.0,3.0,0.5,0.4,0.0,0.0,0.0,0.0,0.0,0.0,0.0,0.0,1.0,5.333333333333333,15.0,4.459696053419884,398784.8333333333,0.0,0.0,5191508,5929669,126.80004496198838,0.0473185952086898,25.36000899239767,0.0113384348154067,1.635625157495098,3.0,3.0,0.0,1.295755569373233e-05,0.0,165.0,0.0,0.0
0xc57f1148855e67763a694f7f2c0e68230adc686e,1,ok,69,48.0,21.0,0.6956521739130435,52.0,37.0,20.0,0.7536231884057971,0.2463768115942029,60.33907252216171,60.37957003516171,1.2570640108783688,50.0,2.8752176207219864,25.277638062,0.0404975130000053,0.8286504566611576,0.5072463768115942,21.0,21.0,0.0,82998.14492753622,0.0144927536231884,0.0,3976710,4007016,6.175334025833894,11.173484658699495,0.0908137356740278,0.0,4.475127803069382,52.0,20.0,37.0,0.0002567519489075,0.0422322775263951,3798.0,1.0,4.0
0x607a3ab4b49cd7be76caf65250c7dba301ea435e,0,ok,17,8.0,9.0,0.4705882352941176,6.0,5.0,4.0,0.3529411764705882,0.6470588235294118,748.9711440458834,678.975,93.62139300573544,300.0,75.44166666666666,299.995,-69.9961440458834,0.4005494769523743,0.0,18.039179650411764,23.100000011,6.066271554267259,101059.0588235294,0.0,0.0,3342017,3868428,93.30156812879498,0.1822048690171308,5.831348008049687,0.0001673684269189,2.249472195638235,6.0,4.0,5.0,6.628982642837882e-05,0.0,800.0,0.0,0.0
0x26f7eb488661c33c43089ad61944f3231222b32f,1,ok,10,4.0,6.0,0.4,9.0,3.0,6.0,0.9,0.1,4.2423231900000005,4.244360189999999,1.0605807975,2.0854,0.7073933649999998,2.0013,0.0020369999999987,0.491570280386865,0.0,36.2,100.0,33.775138785799236,49366.6,0.0,0.0,4918376,11640909,1092.374574895835,0.0091543690505187,121.3749527662039,0.0394306762958014,2.7224807677952088,9.0,6.0,3.0,6.184929572126776e-05,0.0,298.0,0.0,0.0
0x2375d29f0b3ef02c5c5034a700054c7ab5c4109a,0,ok,10,7.0,3.0,0.7,8.0,5.0,3.0,0.8,0.2,6.4251e-05,0.0015299999999999,9.178714285714288e-06,6.4251e-05,0.0005099999999999,0.00065,0.0014657489999999,1.0,0.6,3.71,6.0,1.8267183690979845,46666.9,0.0,0.0,6209948,25544760,2881.5603402183315,0.0034703420436589,320.1733711353702,0.0204487940751844,2.7964357815149534,8.0,3.0,5.0,4.54469715483178e-05,0.0,601.0,0.0,0.0
0x26112b98392c806d44661c34065a32d39e50c79a,0,ok,11,7.0,4.0,0.6363636363636364,6.0,4.0,3.0,0.5454545454545454,0.4545454545454545,13.017772927844998,13.02,1.859681846835,6.997102,3.255,7.0,0.0022270721550015,0.5375037680241916,0.1818181818181818,40.29681818181818,138.0,40.27779572559051,75181.81818181818,0.0,0.0,4873609,6991368,358.04883833611177,0.0307220658810627,35.80488383361118,0.0553418407396033,1.8625629171234273,6.0,3.0,4.0,3.5731491522738466e-05,0.0,1474.0,0.0,0.0
0x2a6d8021861f27ab992572d8689017b7a83c989d,1,ok,100,3.0,97.0,0.03,90.0,2.0,88.0,0.9,0.1,573.2622100059498,133.96359804834773,191.0874033353166,369.2622100059497,1.381068021116987,29.43,-439.298611957602,0.6441419014906237,0.02,35.54924,105.0,21.062739261131256,47894.01,0.0,0.0,5008680,6280319,217.0556745199997,0.4607112908756776,2.1924815608080777,0.0,6.3944131011005645,90.0,88.0,2.0,0.0009331402621196,0.0,292.0,0.0,1.0
0x8dc2c980d25b586c5c110ec3c477e985b9acad8b,1,ok,7,0.0,6.0,0.0,3.0,0.0,3.0,0.4285714285714285,0.5,0.0,0.0,0.0,0.0,0.0,0.0,0.0,0.0,1.0,3.4285714285714284,6.0,1.3997084244475304,361318.0,0.0,0.0,5118804,5833829,122.65024701680574,0.0570728569265812,20.441707836134288,0.0015450929160471,1.9513483810420829,3.0,3.0,0.0,1.3087360956317824e-05,0.0,165.0,0.0,0.0
0x119240ef17333e8dcb19a0dd4f5fc848981b0ff4,1,ok,25,2.0,23.0,0.08,25.0,2.0,23.0,1.0,0.0,43.650111091095,43.67529409109501,21.8250555455475,22.630111091095,1.8989258300476093,22.725938,0.0251830000000126,0.5184433790756546,0.0,51.056,146.4,30.81238815801203,103600.0,0.0,0.0,4860253,4983080,21.510988204630987,1.1621967230040078,0.896291175192958,0.0,2.561109607276488,25.0,23.0,2.0,0.0002394624341416,0.0,447.0,0.0,0.0
0xbb7357215f3d9ddf4b95f0c3514315b8a56aa166,0,ok,5,2.0,3.0,0.4,3.0,2.0,1.0,0.6,0.4,16.997942,17.0,8.498971,9.998971,5.666666666666667,7.0,0.0020580000000016,0.5882459770718126,0.0,49.0,49.0,0.0,21000.0,0.0,0.0,3917512,3917529,0.0032744919922616,5.0,0.0008186229980654,0.0,0.9611843901039282,3.0,1.0,2.0,2.3506716189355696e-05,0.0,41.0,0.0,1.0
0x52005b77fbebf53cfd9527a388f58d0431aaaa3e,1,ok,41,17.0,24.0,0.4146341463414634,26.0,7.0,20.0,0.6341463414634146,0.3658536585365853,39.55273468486365,39.563929784863646,2.326631452050803,12.8,1.6484970743693186,11.91696624486365,0.0111950999999947,0.3236185842011679,0.0,30.07317073170732,61.0,17.37014574254321,92756.0975609756,0.0,0.0,4507223,5166058,112.15747952120172,0.3655574302759679,2.803936988030043,0.000331763887295,3.2749234766265025,26.0,20.0,7.0,0.0003513389570008,0.0,46.0,0.0,0.0
0x08c4e66204d5c0fe8e6c471523f639f494a855f9,0,ok,9,4.0,5.0,0.4444444444444444,3.0,2.0,2.0,0.3333333333333333,0.6666666666666666,5.95027509,5.95755369,1.4875687725,5.80489509,1.191510738,5.90216329,0.0072786000000002,0.9755675161566352,0.1111111111111111,105.33333333333331,128.0,31.496031496047245,147333.33333333334,0.0,0.0,4858952,8075514,543.1785735125923,0.0165691366318067,67.89732168907403,0.0203153592596451,2.4648873265160987,3.0,2.0,2.0,0.0002984082331362,0.0,376.0,0.0,1.0
0xe0b13c073e8173b06062c69a160ebb54e2af86c3,1,ok,40,3.0,37.0,0.075,32.0,3.0,30.0,0.8,0.2,35.140285161,35.142868161,11.713428387,17.327,0.9498072475945948,8.44083643,0.0025830000000013,0.4930808022932652,0.2,26.925,47.0,15.299325965545016,33792.5,0.0,0.0,4970637,5012481,7.254577131296197,5.513760385486877,0.186014798238364,0.0008756620354122,4.466971965975174,32.0,30.0,3.0,0.0004452207833505,0.0,377.0,0.0,0.0
0xb2172027cb233198a3945a2c864f1ec5b7e3b3da,1,ok,14,7.0,7.0,0.5,13.0,7.0,7.0,0.9285714285714286,0.0714285714285714,1.1955730000000002,1.2016,0.1707961428571429,0.57321175,0.1716571428571428,0.987,0.0060269999999997,0.4794452116265589,0.0,36.785714285714285,99.0,23.24766830528716,29500.0,0.0,0.0,4992600,5230130,40.24096494814588,0.3479041821695942,3.0954588421650677,0.003046146667114,2.438068151252554,13.0,7.0,7.0,9.887734261318612e-05,0.0,14.0,0.0,0.0
0x6d4b1518acb343aa439668fab2771c345b98e1dc,0,ok,42,24.0,18.0,0.5714285714285714,25.0,10.0,16.0,0.5952380952380952,0.4047619047619047,43.273737119,43.405497486,1.8030723799583337,6.0,2.411416527,7.1,0.1317603669999982,0.1386522264878668,0.0952380952380952,49.40374648945238,197.0,37.04304193206454,43880.5,0.0,0.0,4603651,15936362,1812.5520606741668,0.0231717482279534,44.20858684571139,0.0009952916674039,3.5503589729526928,25.0,16.0,10.0,0.0002186388972704,0.0,2450.0,0.0,0.0
0x43d70d8f6b977ba4d74b6cee9e2e845a16e022c6,0,ok,62,35.0,27.0,0.5645161290322581,33.0,27.0,6.0,0.532258064516129,0.4677419354838709,16.645790074296,16.715063784164883,0.4755940021227428,13.1989591,0.6190764364505512,13.1991229,0.0692737098688844,0.7929307675447316,0.4677419354838709,52.1756707795,210.0,41.175470440586,57009.20967741936,0.0,0.0,4731838,20117161,2377.5376649983336,0.026077399703379,38.976027295054635,0.0,3.1856437926567693,33.0,6.0,27.0,4.969519839477913e-05,0.0075757575757575,880.0,0.0,0.0
0x0b21fd643aaaf5af800af67e14ebf4886be20164,1,ok,3,2.0,1.0,0.6666666666666666,3.0,2.0,1.0,1.0,0.0,9999.999118,10000.0,4999.999559,5000.0,10000.0,10000.0,0.0008820000002742,0.5000000441000039,0.0,21.0,21.0,0.0,21000.0,0.0,0.0,4045863,4192112,35.21315714129695,0.0851954281736836,17.606578570648477,0.4887740018522298,0.9722391264213562,3.0,1.0,2.0,5.6547048125256377e-05,0.0,436.0,0.0,0.0
0x68b31edbfecc691d5ff7b4f28568fabc114dee8f,0,ok,10,6.0,4.0,0.6,9.0,5.0,4.0,0.9,0.1,20.59468148683203,20.74219635,3.432446914472006,14.835474586832031,5.1855490875,16.38992178,0.1475148631679665,0.7203546506081019,0.2,23.4916122694,75.0,26.089341619184925,259634.7,0.0,0.0,4532527,25471786,3157.9905421163885,0.0031665705981811,350.8878380129321,0.000139570556305,2.7840275617181023,9.0,4.0,5.0,1.5015502389897129e-05,0.0555555555555555,1143.0,0.0,0.0
0x40b942240fec55473388cbf7dbcc5482e64b4367,1,ok,100,82.0,18.0,0.82,16.0,9.0,8.0,0.16,0.84,11.776537119751303,2.36014287,0.1436163063384305,0.8,0.1311190483333333,0.45,-9.416394249751304,0.0679316841500257,0.06,20.993963123470003,51.0,12.357642670331408,204540.1,0.03,0.0,4262013,5195748,174.7859663038894,0.5721283127853426,1.7655148111503978,0.0,6.781595813550329,16.0,8.0,9.0,8.21879972721282e-05,0.025,1148.0,1.0,1.0
0x13c7fa200212fbdf3c421d877d698dfc03bdd0ef,0,ok,100,50.0,50.0,0.5,2.0,1.0,1.0,0.02,0.98,4.95349165,5.005991651245028,0.099069833,0.09929668,0.1001198330249005,0.1003466735318793,0.0525000012450282,0.0200457953734513,0.0,25.5,50.0,24.5,108333.0,0.0,0.0,6183947,6954464,127.3982041916196,0.7849404207424309,1.2868505473900969,0.0003333773132827,1.0378489844632586,2.0,1.0,1.0,1.2600944532868195e-05,0.0,1541.0,0.0,0.0
0x6c91283c9903bef315cf5077324b648f4ec97325,0,ok,22,18.0,4.0,0.8181818181818182,9.0,6.0,4.0,0.4090909090909091,0.5909090909090909,1.74731,1.752797,0.0970727777777777,1.0005,0.43819925,1.01,0.005487,0.5725944451757272,0.4545454545454545,18.12429403409091,133.0,36.573624269058186,57790.90909090909,0.0,0.0,6180811,7770670,269.0238959836573,0.081777122138386,12.810661713507493,0.0042876503699355,3.371113538394604,9.0,4.0,6.0,3.1428002083889184e-05,0.0833333333333333,1739.0,0.0,1.0
0xd50fcd07007255599a9a8cedd881f863bcd65eb1,1,ok,2,1.0,1.0,0.5,2.0,1.0,1.0,1.0,0.0,0.48,0.5,0.48,0.48,0.5,0.5,0.02,1.0,0.0,33.0,45.0,12.0,110500.0,0.0,0.0,4605821,4643807,6.301191541665682,0.3174002864022305,6.301191541665682,6.301191541665682,0.0,2.0,1.0,1.0,2.3506716189355696e-05,0.0,3.0,0.0,0.0
0x4566b8b849dcdbe04f64bf1909db313cf60d6e41,1,ok,6,0.0,5.0,0.0,3.0,0.0,3.0,0.5,0.4,0.0,0.0,0.0,0.0,0.0,0.0,0.0,0.0,1.0,4.166666666666667,6.0,1.674979270186815,398738.1666666667,0.0,0.0,5190997,5822774,108.53510975601772,0.0552816504584345,21.707021951203544,0.0008583849530529,1.938208626006753,3.0,3.0,0.0,1.30351222530822e-05,0.0,165.0,0.0,0.0
0x915c95415d3449212fd0991ccf5eb42864118ec9,1,ok,37,3.0,34.0,0.081081081081081,21.0,2.0,20.0,0.5675675675675675,0.4324324324324324,23.283530400000004,23.2861134,7.761176800000001,21.69583051,0.6848856882352942,2.6973,0.0025829999999977,0.9318101738557654,0.0,40.91891891891892,116.0,21.262043809083167,54621.62162162162,0.0,0.0,5200926,5208645,1.3062892288880217,28.32450821897708,0.0362858119135561,0.0,1.4531289445396691,21.0,20.0,2.0,0.0002556415118594,0.0047619047619047,2397.0,0.0,1.0
0xa4fcbc4a0508b11d5ef34d41d72020a5def1c712,1,ok,46,43.0,3.0,0.9347826086956522,42.0,41.0,1.0,0.9130434782608696,0.0869565217391304,742.2,742.3688628849808,17.26046511627907,540.0,247.45628762832692,739.0,0.1688628849807401,0.7275666936135812,0.8695652173913043,59.34782608695652,60.0,4.374915608151762,174478.26086956522,0.0434782608695652,0.0,4000188,4031337,7.499912011667534,6.133405289080497,0.1666647113703896,0.0,5.026905989348681,42.0,1.0,41.0,1.4836273220303358e-05,0.0708478513356562,3798.0,1.0,2.0
0x1a2c53d132ff8a6e26f6b32c0abdc179b94f0721,1,ok,6,0.0,5.0,0.0,3.0,0.0,3.0,0.5,0.4,0.0,0.0,0.0,0.0,0.0,0.0,0.0,0.0,1.0,3.3333333333333335,7.0,1.9720265943665387,398795.5,0.0,0.0,5126446,5833703,121.33535722560352,0.0494497246078401,24.267071445120703,0.0032618628249124,1.7610737970648704,3.0,3.0,0.0,1.30351222530822e-05,0.0,165.0,0.0,0.0
0xf60cad593733f780ee9f7a756b122b494571622e,0,ok,3,2.0,1.0,0.6666666666666666,3.0,2.0,1.0,1.0,0.0,0.3709490499999789,0.37258179,0.1854745249999894,0.37038179,0.37258179,0.37258179,0.001632740000021,0.9984707872955086,0.0,14.000000000333335,21.0,9.201449160757234,50666.666666666664,0.0,0.0,4398500,7805457,585.6079892117585,0.0051228809293364,292.80399460587927,0.0026071364791304,0.999991095966834,3.0,1.0,2.0,2.3506716189355696e-05,0.0,7.0,0.0,0.0
0x4c191dca6cecfa1e55caa3cf178eea52728b13e7,1,ok,7,1.0,6.0,0.1428571428571428,5.0,1.0,4.0,0.7142857142857143,0.2857142857142857,2.42583779,2.42688779,2.42583779,2.42583779,0.4044812983333333,1.0,0.0010499999999997,1.0,0.0,41.47574428571428,50.0,8.221130906189867,40714.28571428572,0.0,0.0,4730628,4937548,36.05919777222254,0.1941252283042277,6.009866295370422,0.0006635277773495,2.1879380611483414,5.0,4.0,1.0,4.613175973621784e-05,0.0,3798.0,0.0,1.0
0x2efa465ef5df5d2d939b6eb889a9cba755ac04fd,0,ok,3,2.0,1.0,0.6666666666666666,2.0,2.0,1.0,0.6666666666666666,0.3333333333333333,0.007500115999979,0.008,0.0037500579999895,0.007500115999979,0.008,0.008,0.000499884000021,1.0,0.3333333333333333,9.500000000333332,21.0,8.19552723514479,153666.66666666666,0.0,0.0,6758789,6852387,15.601724956019057,0.1922864304079798,7.800862478009528,0.0050006597240765,0.9993589606613148,2.0,1.0,2.0,1.5186096696008964e-05,0.0,182.0,0.0,0.0
0x51dcd13361c5d921d2c4818e419011301e7be34e,1,ok,2,1.0,1.0,0.5,2.0,1.0,1.0,1.0,0.0,0.140189,0.14063,0.140189,0.140189,0.14063,0.14063,0.0004409999999999,1.0,0.0,20.5,21.0,0.5,55500.0,0.0,0.0,4669609,4732837,10.488383583332654,0.1906871525158794,10.488383583332654,10.488383583332654,0.0,2.0,1.0,1.0,2.3506716189355696e-05,0.0,3.0,0.0,0.0
0x84ae79ac197c97627e7d7f0e9b32bc1b68163abe,0,ok,4,3.0,1.0,0.75,3.0,2.0,1.0,0.75,0.25,1.0111691986e-05,0.00025,3.3705639953333336e-06,1.0111691986e-05,0.00025,0.00025,0.000239888308014,1.0,0.5,1.8329726725,2.0,0.2892998174824463,40737.75,0.0,0.0,6035092,23715385,2655.778152997408,0.0015061499001659,885.2593843324694,0.0131793386130421,1.4141313705826002,3.0,1.0,2.0,2.3506716189355696e-05,0.0,601.0,0.0,0.0
0x2668247b93064bb591e60b6793afa500575139f5,0,ok,9,5.0,4.0,0.5555555555555556,5.0,2.0,3.0,0.5555555555555556,0.4444444444444444,2.143485756189992,2.1497137991841293,0.4286971512379984,1.68899824,0.5374284497960323,1.69,0.0062280429941372,0.7879680259700743,0.0,32.891482369777776,51.0,9.00238954963985,92687.11111111112,0.0,0.0,4060922,19484604,2432.2029364018526,0.0037003491219011,304.02536705023164,0.0011850620392296,2.553030918921712,5.0,3.0,2.0,3.4659679330161434e-05,0.0,1541.0,0.0,0.0
0x0083cfb2ff669295beef5f74438d10f2146bba0f,0,ok,12,9.0,3.0,0.75,7.0,4.0,3.0,0.5833333333333334,0.4166666666666667,277.3949865115,50.05,30.821665167944445,49.99,16.683333333333334,49.0,-227.3449865115,0.1802123413572492,0.1666666666666666,40.23132723216667,60.0,11.85812337650339,128809.08333333331,0.1666666666666666,0.0,3902597,4052303,31.35476498319319,0.382716949287684,2.85043318029029,0.001444652221269,3.031548643844406,7.0,3.0,4.0,4.54469715483178e-05,0.0,393.0,0.0,0.0
0xbca6294a6c80ee0f20173547b8d85d4948a0cb39,1,ok,45,18.0,27.0,0.4,28.0,13.0,17.0,0.6222222222222222,0.3777777777777777,18.73957652669216,18.749186019955907,1.041087584816231,5.0,0.6944142970354039,4.0,0.0096094932637491,0.2668149940783417,0.0,25.466666666666665,80.0,12.588530935383648,21844.444444444445,0.0,0.0,5347448,5782177,75.17600700810276,0.598595240568573,1.7085456138205173,0.0011783825937244,1.3798890524946892,28.0,17.0,13.0,0.0002206823119535,0.0,1443.0,0.0,0.0
0xd5475aa4479245daa033bfd811d3a17a20e3464b,0,ok,11,7.0,4.0,0.6363636363636364,10.0,6.0,4.0,0.9090909090909092,0.0909090909090909,9.158486601,9.16179636,1.3083552287142857,7.15834039,2.2904490899999996,7.16379058,0.0033097589999986,0.7816073442983902,0.0909090909090909,20.90909090909091,40.0,9.567506994125722,25818.18181818182,0.0,0.0,5380197,11670700,1018.42774403037,0.0108009626254564,101.842774403037,0.0087785785176135,1.6916412826652951,10.0,4.0,6.0,2.452036098784035e-05,0.0,2397.0,0.0,0.0
0xc9ef7c203b95a2b4a57413b4f93c9b2ad7c0b02b,0,ok,28,20.0,8.0,0.7142857142857143,20.0,13.0,7.0,0.7142857142857143,0.2857142857142857,4.906770571769528,4.474019753759528,0.2453385285884763,1.70098374,0.559252469219941,1.1,-0.4327508180099997,0.3466605408018037,0.5714285714285714,86.97060802335714,263.0,83.05810926538089,63297.92857142857,0.0,0.0,4754409,22779260,2745.3461895601868,0.010199078027564,101.67948850222912,0.0003080875923236,1.8652711907493773,20.0,7.0,13.0,8.9327482266242e-05,0.0052631578947368,2397.0,0.0,0.0
0x0acb99fc37c7a139de4f25eed26ac964abb75557,0,ok,7,6.0,1.0,0.8571428571428571,2.0,1.0,1.0,0.2857142857142857,0.7142857142857143,0.588517,0.4,0.0980861666666666,0.347703,0.4,0.4,-0.1885169999999999,0.5908121600565489,0.4285714285714285,90.85714285714286,480.0,159.78774186081856,617278.4285714285,0.1428571428571428,0.0,6108339,7264420,200.03311521587824,0.0349942057966027,33.338852535979704,0.0343000735646044,1.498282480222078,2.0,1.0,1.0,2.3506716189355696e-05,0.0,237.0,0.0,0.0
0x9441a81fb67f44ce7b31c311317e136e7067f8ca,1,ok,3,1.0,2.0,0.3333333333333333,3.0,1.0,2.0,1.0,0.0,0.1497,0.15,0.1497,0.1497,0.075,0.1,0.0003,1.0,0.0,34.764178432,50.292535296,15.271921952214612,45400.0,0.0,0.0,4774024,4843735,12.208655252776763,0.2457273088547302,6.104327626388382,0.1758329370369513,0.9711953637159244,3.0,2.0,1.0,3.447684386883675e-05,0.0,4.0,0.0,0.0
0x0059b14e35dab1b4eee1e2926c7a5660da66f747,1,ok,100,29.0,71.0,0.29,89.0,26.0,63.0,0.89,0.11,38.133767060568154,33.47390443082156,1.3149574848471777,36.7,0.4714634426876276,15.72906777069797,-4.659862629746591,0.9624016410890932,0.26,34.02,90.0,15.046581006992916,56713.7,0.02,0.0,4984850,5279305,49.8940631185196,2.0042464724201254,0.503980435540602,0.0001751324065305,8.542597796670096,89.0,63.0,26.0,0.0006835427315714,0.0,3798.0,0.0,0.0
0xbe3364dfb8158a3e452ff96aeb247bf3f5f019b5,1,ok,8,1.0,7.0,0.125,7.0,1.0,6.0,0.875,0.125,121.99,122.0,121.99,121.99,17.428571428571427,32.0,0.0100000000000051,1.0,0.0,23.375,40.0,7.983381175917883,252750.0,0.0,0.0,4270536,4490435,52.11879137648201,0.153495501118046,7.445541625211715,0.0047402481486399,2.4396275625211703,7.0,6.0,1.0,7.287229074702043e-05,0.0,84.0,0.0,0.0
0x1c8d42233e39f7dfa7c77af56b173a241ef69b7e,0,ok,7,4.0,3.0,0.5714285714285714,5.0,2.0,3.0,0.7142857142857143,0.2857142857142857,4.3696815339361565,4.37305033,1.0924203834840391,3.30628835,1.4576834433333332,3.30701222,0.0033687960638433,0.7566428638614621,0.0,25.18198002614286,39.773860183,6.972242184932109,99662.57142857143,0.0,0.0,4154646,19491008,2410.534068882592,0.0029039207909825,401.7556781470987,0.0007223261120142,2.2337927308132635,5.0,3.0,2.0,5.039706929976443e-05,0.0,1541.0,0.0,1.0
0x05e5061133f752ea565f40f1e755d9604c313bc9,1,ok,3,2.0,1.0,0.6666666666666666,3.0,2.0,1.0,1.0,0.0,0.996682,1.0,0.498341,0.896682,1.0,1.0,0.003318,0.8996670954226123,0.0,56.0,79.0,32.526911934581186,80666.66666666667,0.0,0.0,4285530,5133226,158.63152430259242,0.0189117517037625,79.31576215129621,0.0010153822214515,0.9999871982290288,3.0,1.0,2.0,2.3506716189355696e-05,0.0,4.0,0.0,0.0
0x05dd62c007cde143b402fa5da3937c40c70b4b14,1,ok,100,8.0,92.0,0.08,95.0,5.0,90.0,0.95,0.05,625.9903130405735,146.3232611005735,78.24878913007169,250.0,1.5904702293540596,30.0,-479.66705194,0.3993672023225003,0.02,27.9540625,60.0,15.085201030702866,116634.86,0.01,0.0,4333156,4824092,93.99049454222124,1.0639373745935474,0.9493989347699112,0.0,5.717174378378984,95.0,90.0,5.0,0.0010092904533495,0.0,90.0,0.0,0.0
0x2b5268fde5041f6b1afd77166de4e9ea5d9e967a,1,ok,6,1.0,5.0,0.1666666666666666,4.0,1.0,3.0,0.6666666666666666,0.3333333333333333,5.47471495,5.47557595,5.47471495,5.47471495,1.09511519,3.00074595,0.0008609999999995,1.0,0.0,47.0,50.0,4.242640687119285,64000.0,0.0,0.0,5199510,5221473,3.716806624443443,1.6142889868257388,0.7433613248886887,0.0179384192603605,1.050602419756069,4.0,3.0,1.0,2.607351208136285e-05,0.0,2397.0,0.0,0.0
0xec1a413d83099324ca4dc342610ce4b9f74d6ce9,0,ok,100,68.0,32.0,0.68,21.0,8.0,13.0,0.21,0.79,988.0019675358068,988.0046182800002,14.52944069905598,99.9977354,30.875144321250005,99.998,0.0026507441934882,0.1012120812364434,0.36,15.369050001280002,51.0,11.978040838018678,93389.98,0.03,0.0,4378212,6982095,448.4868293476381,0.2229719881528258,4.530169993410485,0.0,3.662679002905751,21.0,13.0,8.0,0.000130222619422,0.0095238095238095,1148.0,0.0,0.0
0x6b5c35d525d2d94c68ab5c5af9729092fc8771dd,1,ok,2,1.0,1.0,0.5,2.0,1.0,1.0,1.0,0.0,5.64329933,5.64418133,5.64329933,5.64329933,5.64418133,5.64418133,0.0008820000000007,1.0,0.0,34.5,42.0,7.5,21000.0,0.0,0.0,11252112,11275403,3.5773164477778807,0.5590783005071689,3.5773164477778807,3.5773164477778807,0.0,2.0,1.0,1.0,1.3085094893848697e-05,0.0,23.0,0.0,0.0
0xb772f17eb10ad6507f364d0b956c166894861cc2,0,ok,9,2.0,7.0,0.2222222222222222,5.0,2.0,3.0,0.5555555555555556,0.4444444444444444,2.2589902900000003,2.27037229,1.129495145,2.24934519,0.3243388985714285,0.66312478,0.0113819999999997,0.9957303490667062,0.0,91.66666666666669,507.0,157.0972805479317,21000.0,0.0,0.0,5111648,11635066,1058.288382985741,0.0085042982089705,132.28604787321763,0.006092293334228,2.006161542842139,5.0,3.0,2.0,2.562420949990236e-05,0.0,2397.0,0.0,0.0
0xc2f9a9dd6f3e1bce3aa19d0d487540b5e7981ded,0,ok,5,3.0,2.0,0.6,5.0,3.0,2.0,1.0,0.0,3000.998677,3001.0000000000005,1000.3328923333332,2812.4295454034227,1500.5000000000002,2715.65117198538,0.0013230000004114,0.9371645402439552,0.0,21.0,21.0,0.0,34800.0,0.0,0.0,4054269,4054283,0.0033708551829611,5.0,0.0008427137957402,0.0,0.622699849077239,5.0,2.0,3.0,2.5082962235705393e-05,0.0,19.0,0.0,2.0
0x6122ee683dbee50fd432fe5bdd8ac055aa3d42b1,1,ok,19,2.0,17.0,0.1052631578947368,17.0,2.0,15.0,0.8947368421052632,0.1052631578947368,13.421011787718973,13.423922787718968,6.7105058938594855,6.711,0.7896425169246452,6.2,0.0029109999999974,0.5000368158636868,0.0,53.31578947368421,100.0,25.96972454220075,40284.21052631579,0.0,0.0,4960359,4981066,3.626466760185582,5.239259382878692,0.2014703755658656,0.0007005296316411,1.7044327643661203,17.0,15.0,2.0,0.0001750722460356,0.0,377.0,0.0,0.0
0x316b3b83c33b20249b61ded124f2620d8e823793,1,ok,12,2.0,10.0,0.1666666666666666,11.0,2.0,9.0,0.9166666666666666,0.0833333333333333,156.22734438404768,156.2386253840477,78.11367219202384,81.71,15.62386253840477,74.51077497,0.0112810000000251,0.5230198357538194,0.0,35.375,51.0,16.90513358913992,192683.33333333337,0.0,0.0,4508019,5013509,86.20951372379783,0.1391957741282032,7.837228520345255,0.0033176388867475,1.5436684397668574,11.0,9.0,2.0,0.0001112677376252,0.0,12.0,0.0,0.0
0x68a91eba9c82b475091077e16357bb2dded479f4,1,ok,4,2.0,2.0,0.5,2.0,1.0,1.0,0.5,0.5,14.999,15.0,7.4995,9.999,7.5,10.0,0.0009999999999994,0.6666444429628642,0.0,41.5,60.0,18.5,60500.0,0.0,0.0,5397363,5397637,0.0461252614828171,4.0,0.015375087160939,0.0031984670377439,0.6308909068149096,2.0,1.0,1.0,2.3506716189355696e-05,0.0,3.0,0.0,0.0
0x98362333d037a60f4cf82b58f4d6486fc2e06603,0,ok,8,2.0,6.0,0.25,4.0,1.0,3.0,0.5,0.5,45.752,45.75525906,22.876,45.655,7.62587651,11.1528,0.0032590599999977,0.9978798741038644,0.0,35.625,60.0,18.88079381276116,21000.0,0.0,0.0,4202340,4240696,9.23518010592571,0.8662527322955875,1.319311443703673,0.0074640364806961,1.8735799715799988,4.0,3.0,1.0,0.0001843799566188,0.0,836.0,0.0,0.0
0xcdc64dc7fce2d803d127b946b4840e8923a6b5ba,0,ok,24,19.0,5.0,0.7916666666666666,8.0,5.0,3.0,0.3333333333333333,0.6666666666666666,15.709367126,15.72324642,0.8268087961052631,9.3,3.144649284,13.76926357,0.0138792939999987,0.5920034795423369,0.5833333333333334,21.783881696124997,32.813160707,2.942529195302157,118190.75,0.0,0.0,3620454,3755925,23.966710197362634,1.0013890017596587,1.0420308781462015,0.0007047829611433,1.580454693046674,8.0,3.0,5.0,2.4090267580684066e-05,0.0,3798.0,0.0,0.0
0xbc8b85b1515e45fb2d74333310a1d37b879732c0,1,ok,2,1.0,1.0,0.5,2.0,1.0,1.0,1.0,0.0,5.66660896,5.66757496,5.66660896,5.66660896,5.66757496,5.66757496,0.000966,1.0,0.0,37.5,46.0,8.5,21000.0,0.0,0.0,11252183,11275460,3.5751661566644906,0.5594145593126594,3.5751661566644906,3.5751661566644906,0.0,2.0,1.0,1.0,1.3085094893848697e-05,0.0,23.0,0.0,0.0
0x0016bd4cb70bd98ca07a341da66450b5d22a55aa,0,ok,100,100.0,0.0,1.0,2.0,2.0,0.0,0.02,0.98,4.144,0.0,0.04144,4.144,0.0,0.0,-4.144,1.0,0.99,13.4672,29.8,4.129782095946468,252613.5,0.0,0.0,7070621,7072182,0.3114400242600176,100.0,0.0031458588309092,0.0,4.089062093646983,2.0,0.0,2.0,1.2536588509874642e-05,0.0,4.0,0.0,0.0
0x829bc583842d303951ceccf8af4617a1ea6fb88b,0,ok,24,15.0,9.0,0.625,7.0,6.0,2.0,0.2916666666666667,0.7083333333333334,5.831665291815271,4.716435919815271,0.388777686121018,1.2,0.5240484355350301,2.3574267124397355,-1.115229372,0.2057731265345762,0.25,41.838541678791664,133.0,36.53883634528261,35511.333333333336,0.0416666666666666,0.0,4383084,14618905,1653.5448911320832,0.0145142718100435,71.89325613617753,0.0,2.400387375545157,7.0,2.0,6.0,3.798433517881546e-05,0.0,1148.0,0.0,0.0
0xc325029467fe3c962e0946c6e29228f3a9b80278,0,ok,8,4.0,4.0,0.5,4.0,1.0,3.0,0.5,0.5,1045.86704884,1045.87049284,261.46676221,896.449139,261.46762321,896.4499999999999,0.0034439999999449,0.8571348910879986,0.0,37.4140625,41.0,4.743924722984519,38250.25,0.0,0.0,4052270,4225972,41.82316338407497,0.1912815615244963,5.974737626296423,0.0077048118522873,2.406367952695937,4.0,3.0,1.0,3.272856057303391e-05,0.0,571.0,0.0,1.0
0x92dd65c6947f074169d6512709ad07d09025d4f5,0,ok,55,19.0,36.0,0.3454545454545454,21.0,9.0,13.0,0.3818181818181818,0.6181818181818182,11.651434589155224,11.661194316889112,0.6132333994292223,3.0538700558,0.3239220643580309,3.00403806,0.0097597277338881,0.2621024932537014,0.1454545454545454,33.7188249968,180.0,43.48241768487467,64077.490909090906,0.0,0.0,5757802,21340797,2371.8647610732414,0.0231885058974075,43.92342150135634,0.0015206929158281,2.5998782682303876,21.0,13.0,9.0,0.0001016055701487,0.0142857142857142,1739.0,0.0,1.0
0xa3fae445fe6c5662070ace0e2a10d22c966a0f72,0,ok,8,4.0,4.0,0.5,2.0,1.0,1.0,0.25,0.75,0.0,0.00138,0.0,0.0,0.000345,0.0004,0.00138,0.0,0.5,22.8875,41.0,18.135285874504433,48000.0,0.125,0.0,6336054,6861309,86.51848579551059,0.09246578839704,12.35978368507294,0.0001649096304619,2.448508291788281,2.0,1.0,1.0,1.6531349608936678e-05,0.0,1541.0,0.0,1.0
0xf19fbf9771e8e08cc06f2f9d63a3e6dd11f0952f,0,ok,23,12.0,11.0,0.5217391304347826,17.0,9.0,8.0,0.7391304347826086,0.2608695652173913,1270.5,1273.69912706,105.875,750.0,115.79082973272727,549.00532889,3.199127060000137,0.5903187721369539,0.2608695652173913,26.0,51.0,11.363557311978,81501.56521739131,0.0,0.0,3756946,4295628,117.82461979527716,0.1952053827117202,5.355664536148963,0.0009630858787783,2.2043253048638247,17.0,8.0,9.0,7.464076487051388e-05,0.0,3798.0,0.0,0.0
0xab1c30cd2d9964b3b845ef744e2e4043739430e5,1,ok,13,11.0,2.0,0.8461538461538461,8.0,7.0,2.0,0.6153846153846154,0.3846153846153846,4.0455542,2.1,0.3677776545454545,1.9789342,1.05,2.0,-1.9455541999999997,0.4891626961764596,0.3076923076923077,57.53076923076923,100.0,24.46093855094075,121538.46153846152,0.0769230769230769,0.0,4684664,4727708,7.140222416666371,1.8206715759520335,0.5950185347221977,0.0016588194447535,1.503701921631677,8.0,2.0,7.0,3.67630764071031e-05,0.0,3798.0,0.0,0.0
0x52b7c8857be3853fa68e09d9ba7a9adf075040ea,1,ok,29,0.0,28.0,0.0,6.0,0.0,6.0,0.2068965517241379,0.7857142857142857,0.0,6.827057000000001,0.0,0.0,0.2438234642857143,3.3125,6.827057000000001,0.0,0.4827586206896552,28.310344827586206,60.0,14.643118775291716,515758.0344827586,0.3103448275862069,0.0,4146391,4149059,0.6423886881492756,29.0,0.0229424531481884,0.0,1.7191175849413072,6.0,6.0,0.0,0.0001864495811343,0.0666666666666666,314.0,1.0,1.0
0x119be7c632fc0cff0c6b757d8b4857466fe9e53f,0,ok,23,12.0,11.0,0.5217391304347826,8.0,2.0,6.0,0.3478260869565217,0.6521739130434783,118.7301852499916,118.74022325,9.894182104165964,68.408646,10.79456575,68.4123,0.0100380000084072,0.5761689485783469,0.0,53.01394164665218,200.0,63.790788156101776,154217.39130434784,0.0,0.0,5741979,9485016,618.599696259998,0.0371807489383782,28.118168011818092,0.0005150309729355,4.221906484057562,8.0,6.0,2.0,4.782783167872121e-05,0.0357142857142857,559.0,0.0,0.0
0x052f585fa599bfb4bed290ff30c057627ccd8059,1,ok,3,1.0,2.0,0.3333333333333333,3.0,1.0,2.0,1.0,0.0,0.1,0.124,0.1,0.1,0.062,0.12,0.0239999999999999,1.0,0.0,34.0,60.0,18.384776310850235,24500.333333333332,0.0,0.0,4260137,4269319,2.176247924814622,1.3785194075512088,1.088123962407311,0.7382936490741041,0.3214985841863639,3.0,2.0,1.0,2.899178002909622e-05,0.0,314.0,0.0,0.0
0x23b5fe88828c4ee241bf93784aaec8ddae7ad799,0,ok,5,3.0,2.0,0.6,5.0,3.0,2.0,1.0,0.0,0.005043494,0.00657053,0.0016811646666666,0.00207433,0.003285265,0.0034252,0.0015270359999999,0.4112882854624195,0.0,29.374221939,51.0,19.03947463182521,50333.2,0.0,0.0,4931499,21826643,2581.3747076107425,0.0019369524251006,645.3436769026856,0.0090738555568235,1.144591208980454,5.0,2.0,3.0,2.776909733399392e-05,0.1,88.0,0.0,0.0
0x008f3db10374099a11ec263415cb88c952abeedc,1,ok,13,8.0,5.0,0.6153846153846154,12.0,8.0,4.0,0.9230769230769232,0.0769230769230769,116.996572,117.0001,14.6245715,15.0,23.40002,50.0,0.0035280000000028,0.1282088846158672,0.0,24.461538461692307,50.000000001,11.419385573303114,164538.53846153847,0.0,0.0,4276894,4410469,31.658932319443537,0.4106266082768675,2.638244359953628,0.00165908685161,3.2274530953472613,12.0,4.0,8.0,5.6417099227798855e-05,0.0,13.0,0.0,0.0
0x03f034fb47965123ea4148e3147e2cfdc5b1f7a5,1,ok,54,33.0,21.0,0.6111111111111112,45.0,33.0,14.0,0.8333333333333334,0.1666666666666666,21.624015560000004,21.545363592357543,0.6552731987878789,6.99,1.0259696948741688,7.0,-0.078651967642461,0.3232517096838418,0.0,25.219675925925927,93.0,18.37070738343141,23507.40740740741,0.0,0.0,5454648,10212822,781.2874229105562,0.0691166892189714,14.741272130387852,0.0050689763879334,4.075177582829871,45.0,14.0,33.0,0.0001667133664494,0.0,601.0,0.0,0.0
0x02f4a464eebb46a50dd087074d7a2cf3f5a3598b,1,ok,6,0.0,5.0,0.0,3.0,0.0,3.0,0.5,0.4,0.0,0.0,0.0,0.0,0.0,0.0,0.0,0.0,1.0,4.5,11.0,2.9860788111948193,398695.5,0.0,0.0,5130732,5929873,137.12021205773232,0.0437572252110709,27.424042411546463,2.820731813330893,1.468598125428875,3.0,3.0,0.0,1.295755569373233e-05,0.0,165.0,0.0,0.0
0x0007f76844aadf041e7b5041466e4f0ae82f491c,0,ok,4,3.0,1.0,0.75,3.0,2.0,1.0,0.75,0.25,0.160337,0.16166,0.0534456666666666,0.081,0.16166,0.16166,0.0013229999999999,0.5051859520884138,0.0,20.75,21.0,0.4330127018922193,38250.0,0.0,0.0,4150485,4217835,16.21622119444388,0.2466665909423158,5.405407064814626,0.0349124287041249,1.3065064203163084,3.0,1.0,2.0,2.3506716189355696e-05,0.0,836.0,0.0,1.0
0xfa956f10da5e16f120eb299df963c1f7563bf66b,1,ok,4,1.0,3.0,0.25,4.0,1.0,3.0,1.0,0.0,1.565019492786086,1.565880492786086,1.565019492786086,1.565019492786086,0.5219601642620287,1.0,0.000861,1.0,0.0,43.0,60.0,10.793516572461453,65750.0,0.0,0.0,5022691,5029320,1.1218281251826772,3.5656085903075794,0.3739427083942257,0.0375691422240601,1.2030439349050346,4.0,3.0,1.0,4.54469715483178e-05,0.0,5.0,0.0,0.0
0xaeb692e75e5a9f44a54f76ec92a94f0a074a59bf,0,ok,7,3.0,4.0,0.4285714285714285,7.0,3.0,4.0,1.0,0.0,3.80265607,3.80770379,1.2675520233333333,3.00265607,0.9519259475,1.28565686,0.0050477200000003,0.7896207321215879,0.0,38.857142857142854,150.0,45.375980340227734,68304.42857142857,0.0,0.0,4298754,11772279,1231.2039718949518,0.0056854917298766,205.20066198249197,0.0176883731478894,2.017297888243846,7.0,4.0,3.0,5.6417099227798855e-05,0.0,740.0,0.0,0.0
0x91f445f67951095acb7e1e03a8347e3970e4ec28,0,ok,15,8.0,7.0,0.5333333333333333,7.0,2.0,5.0,0.4666666666666667,0.5333333333333333,2.9006836735453607,2.9104046937211407,0.3625854591931701,1.47495711,0.4157720991030201,1.4726487,0.00972102017578,0.5084860246747395,0.0,31.360193874533337,58.5,12.611119322751184,92854.8,0.0,0.0,4134142,19489244,2415.2236907166684,0.0062106048634977,172.51597790833347,0.0016854275928603,3.57916181474255,7.0,5.0,2.0,6.038929985683484e-05,0.0,1541.0,0.0,0.0
0xa62b5f23f4b3ddc20f879c3ff58d4b1ef2952d97,1,ok,6,0.0,5.0,0.0,3.0,0.0,3.0,0.5,0.4,0.0,0.0,0.0,0.0,0.0,0.0,0.0,0.0,1.0,4.166666666666667,12.0,3.670452590924207,398748.8333333333,0.0,0.0,5128095,5929753,137.54587130550985,0.0436218109860463,27.50917426110197,0.115076651851888,1.468654847114573,3.0,3.0,0.0,1.295755569373233e-05,0.0,165.0,0.0,0.0
0x7822b7b190604eaeb4dcaabd2dd5e1daafcb9d46,1,ok,7,6.0,1.0,0.8571428571428571,4.0,4.0,1.0,0.5714285714285714,0.4285714285714285,1.197914228,0.2,0.1996523713333333,1.197914228,0.2,0.2,-0.997914228,1.0,0.7142857142857143,20.0,60.0,25.298221281347036,184571.42857142855,0.0,0.0,4000839,4009347,2.0485168511116947,3.417106379281782,0.3414194751852824,0.0,1.8335605402909665,4.0,1.0,4.0,1.3303150080017547e-05,0.1666666666666666,3798.0,1.0,1.0
0x5d1d6840d27caa696bc014bc4d416ad3fd029ff7,0,ok,16,9.0,7.0,0.5625,4.0,2.0,2.0,0.25,0.75,11.45445163,11.45835763,1.272716847777778,3.175678,1.636908232857143,3.176098,0.0039059999999988,0.2772440010731443,0.0,22.9132509193125,51.311252711,11.68524984343382,55762.5625,0.0,0.0,3592841,6280799,499.1493235649996,0.032054536076951,33.27662157099998,0.002290544628545,2.2681498113739735,4.0,2.0,2.0,1.3003620846170678e-05,0.1666666666666666,1443.0,0.0,2.0
0x94b40ecc7b38f5a9316b03dac4fc663e4d10cd15,1,ok,5,1.0,4.0,0.2,5.0,1.0,4.0,1.0,0.0,2.934812,2.935673,2.934812,2.934812,0.73391825,1.0,0.000861,1.0,0.0,31.42,41.0,8.956874454853098,92600.0,0.0,0.0,5022644,5048233,4.330435947408831,1.1546181633264454,1.0826089868522075,0.0021999948140647,1.6877011167851734,5.0,4.0,1.0,5.6417099227798855e-05,0.0,6.0,0.0,0.0
0xdafc2a2d4e070f863cfcb5887bc2516e05e18877,1,ok,100,81.0,19.0,0.81,86.0,69.0,17.0,0.86,0.14,28.77668153678685,27.89493668395704,0.3552676732936647,14.0,1.4681545623135286,13.0,-0.8817448528298044,0.4865050190760535,0.76,96.47,99.0,10.092031510057826,45355.0,0.02,0.0,4996367,5083859,14.827745664999991,6.744113519295386,0.1497752087373736,0.0,8.150547323172187,86.0,17.0,69.0,0.000199028759061,0.0,3798.0,0.0,0.0
0x8673eebb26a7aa2412f1d5343afb6802d7127233,0,ok,5,3.0,2.0,0.6,5.0,3.0,2.0,1.0,0.0,1000.9986059848474,1001.0,333.6662019949491,621.5025779149604,500.5,610.3502733525964,0.0013940151526412,0.6208825608737845,0.0,22.127224645,22.127224645,0.0,34800.0,0.0,0.0,4179856,4179878,0.0052970581474127,5.0,0.0013242645368531,0.000481550740423,0.7441229797008506,5.0,2.0,3.0,3.447684386883675e-05,0.0,6.0,0.0,0.0
0xb9d69a191628c1ae6db832d9635779e96feb2102,0,ok,4,2.0,2.0,0.5,3.0,2.0,1.0,0.75,0.25,0.0139283321734782,0.015,0.0069641660867391,0.0139283321734782,0.0075,0.01,0.0010716678265217,1.0,0.25,22.320161098,25.0,1.6064613067527225,38250.0,0.0,0.0,4095715,4274293,42.90577043073873,0.0932275533067762,14.30192347691291,0.5287427133321763,0.6891039779894186,3.0,1.0,2.0,1.8496997795910488e-05,0.0,740.0,0.0,0.0
0xa2919cf592d9a7689e509f030e4b14ed995ea7e0,0,ok,12,5.0,7.0,0.4166666666666667,8.0,4.0,4.0,0.6666666666666666,0.3333333333333333,12.60560048,12.62932169,2.521120096,10.18116423,1.804188812857143,9.292342990000002,0.0237212099999997,0.8076699119691598,0.1666666666666666,47.07999318108333,120.0,27.140562427488213,43966.166666666664,0.0,0.0,4887910,15214891,1656.8732393119926,0.0072425576774858,150.62483993745388,0.0026269861089962,1.4654902421266007,8.0,4.0,4.0,4.658259202960529e-05,0.0357142857142857,2397.0,0.0,0.0
0xe65a88f487f5d26469cfd37ce7ef763d6d9be454,0,ok,100,97.0,3.0,0.97,99.0,97.0,2.0,0.99,0.01,8.777791662361256,8.49414974485785,0.090492697550116,2.996892,2.8313832482859502,3.0,-0.2836419175034059,0.3414175358992088,0.0,88.47144807784,189.0,51.750805200497105,45570.0,0.0,0.0,5691554,13488054,1246.0930892598133,0.0802508262519942,12.586798881412252,0.0006143688907225,4.358108151866239,99.0,2.0,97.0,1.2889878032543389e-05,0.0008245722531436,232.0,0.0,0.0
0xe7cbad32f1c50b5ec74d17e6188a7a2a53a4fb0e,0,ok,100,43.0,57.0,0.43,2.0,1.0,1.0,0.02,0.98,7.05965805,7.100466504661998,0.1641780941860465,0.98446974,0.1245695878010876,0.888107371706911,0.040808454661998,0.1394500601909465,0.0,46.81614806702,242.3,45.76449293728815,129030.0,0.0,0.0,12576995,15554627,467.9987588216668,0.2136757803627113,4.727260190117846,0.0107510812497801,1.3957684636746894,2.0,1.0,1.0,1.2609954376087294e-05,0.0,1541.0,0.0,0.0
0x42c5459911ae51d1d005cbe39749bd8d8e533c22,1,ok,77,49.0,28.0,0.6363636363636364,56.0,35.0,23.0,0.7272727272727273,0.2727272727272727,304.4577280647965,304.49209855479654,6.2134230217305415,150.0,10.874717805528448,139.0,0.0343704900000148,0.4926792331843063,0.3896103896103896,20.993566319064932,21.504606568,0.1274851957379235,65700.54545454546,0.0,0.0,3976725,4016283,8.403710125417069,9.16261970615967,0.1105751332291719,0.0001926171752037,3.089920880376872,56.0,23.0,35.0,0.0002112335260386,0.0363636363636363,3798.0,1.0,4.0
0x0dc04198cd942b55a7d63f5c3891122b6fa277ea,1,ok,8,0.0,7.0,0.0,4.0,0.0,4.0,0.5,0.4285714285714285,0.0,0.0,0.0,0.0,0.0,0.0,0.0,0.0,1.0,3.625,7.0,1.5761900266148114,361529.625,0.0,0.0,5119878,5830904,121.9663384011112,0.0655918682554064,17.42376262873017,0.001030061945871,1.6645929139671256,4.0,4.0,0.0,2.4057488635798873e-05,0.0,165.0,0.0,0.0
0x414bca672494b8f078112c52ae258f9e8de1a4a0,1,ok,4,0.0,3.0,0.0,3.0,0.0,3.0,0.75,0.0,0.0,0.3,0.0,0.0,0.1,0.1,0.3,0.0,0.25,25.975,51.9,15.642949689876266,167878.0,0.0,0.0,4974668,5007900,5.773374070367879,0.6928357579548141,1.9244580234559596,0.0252190666645765,0.8535179753206896,3.0,3.0,0.0,4.3160620770255505e-05,0.0,377.0,0.0,0.0
0x33bf8bde242216da572d6486d641ae0a18137306,1,ok,39,2.0,37.0,0.0512820512820512,33.0,1.0,32.0,0.8461538461538461,0.1538461538461538,65.11566083003811,65.11738283003811,32.557830415019055,35.1165218300381,1.7599292656767056,15.0,0.0017220000000008,0.539294562665925,0.0512820512820512,47.007730556717945,100.0,24.22481400591488,127761.53846153848,0.0,0.0,4926678,4953074,4.622795025927049,8.436454521835303,0.1216525006822907,0.0,5.19404916570169,33.0,32.0,1.0,0.0003536685967737,0.0,2397.0,0.0,0.0
0xbbefcc7cdd9aafa990f90838d6bc31834ab6084d,0,ok,5,3.0,2.0,0.6,4.0,2.0,2.0,0.8,0.2,1.9968085573929064,2.0,0.6656028524643022,0.99869665,1.0,1.0,0.0031914426070933,0.5001464192961634,0.0,60.713204603399994,177.1561,63.94731778779684,58200.0,0.0,0.0,3740128,22578604,2928.923807838518,0.0017071116655949,732.2309519596295,0.0093383742592952,1.5556897910581315,4.0,2.0,2.0,3.447684386883675e-05,0.0,1541.0,0.0,0.0
0x9bca6faaac2e6f4712f82aae6800a9bbbfaf6f9e,0,ok,8,4.0,4.0,0.5,4.0,1.0,3.0,0.5,0.5,47.68715388,47.698637182264726,11.92178847,20.311745,11.92465929556618,20.312795,0.0114833022647289,0.4259374558421434,0.0,37.15,50.0,13.11516298030642,102458.0,0.0,0.0,4256251,4336147,18.93634330222176,0.4224680484674872,2.7051919003173945,0.00213311166675,1.628310768348572,4.0,3.0,1.0,2.7642626925476763e-05,0.0,1541.0,0.0,0.0
0x51e16c54c0cfcd0cd0b55c64aa3fdad917e45677,0,ok,9,5.0,4.0,0.5555555555555556,6.0,4.0,2.0,0.6666666666666666,0.3333333333333333,0.3450159534263977,0.3378916526223393,0.0690031906852795,0.29,0.0844729131555848,0.150434050126087,-0.0071243008040583,0.8405408420102688,0.2222222222222222,57.72868847333333,302.5483,87.79206028313801,103817.11111111112,0.0,0.0,5067836,18695707,2120.054417922036,0.004245174050212,265.00680224025456,0.0005600066648589,1.71415017058595,6.0,2.0,4.0,2.3551926932737264e-05,0.0666666666666666,1393.0,0.0,0.0
0x1c0e294310091654beac3d191089d3c376be123f,1,ok,3,0.0,2.0,0.0,2.0,0.0,2.0,0.6666666666666666,0.0,0.0,0.0,0.0,0.0,0.0,0.0,0.0,0.0,1.0,3.0,4.0,0.816496580927726,579912.0,0.0,0.0,5220366,5300480,13.512794691851294,0.2220118094304436,6.756397345925646,1.6068088351852363,0.7621796420611348,2.0,2.0,0.0,1.2755041268859982e-05,0.0,165.0,0.0,0.0
0xf9c883e175f8e62689681252f648be7a252a2118,0,ok,4,2.0,2.0,0.5,4.0,2.0,2.0,1.0,0.0,9.479666535618612,9.48337341,4.739833267809306,9.0,4.741686704999999,8.10202103,0.0037068743813861,0.9494004843085644,0.0,56.64243311175,132.569732447,47.25270639284293,21377.5,0.0,0.0,5368607,13753984,1343.9361530677782,0.0029763318673058,447.9787176892594,0.0084170185195075,1.4140559954636036,4.0,2.0,2.0,3.246058620242007e-05,0.0,436.0,0.0,0.0
0x3b5744c7f340e0d2dcf7a072a4c963b9a43c982b,1,ok,100,40.0,60.0,0.4,28.0,27.0,1.0,0.28,0.72,4.6507061328684385,4.26344327679651,0.1162676533217109,0.51,0.0710573879466085,0.0803624472896773,-0.3872628560719287,0.109660766651245,0.0,4.3255,107.0,13.640321651266149,70000.0,0.0,0.0,5957540,6556489,100.00626913694596,0.9999373125605018,1.0101643347166258,0.0018586246752076,2.0653295138475967,28.0,1.0,27.0,1.2613815737466908e-05,0.0,1541.0,0.0,0.0
0x4acba2b8aba6f63a4c204401a30950b247ae3183,0,ok,9,5.0,4.0,0.5555555555555556,6.0,3.0,4.0,0.6666666666666666,0.3333333333333333,4.22408339,4.2254776,0.8448166779999999,2.14165,1.0563694,2.143,0.0013942099999999,0.5070094035241098,0.1111111111111111,19.666666666666668,63.0,18.342421989596808,111333.33333333331,0.0,0.0,6689658,8914958,364.58622677194575,0.0246855183743121,45.573278346493225,0.0,2.377969364796353,6.0,4.0,3.0,2.809064916874723e-05,0.0666666666666666,559.0,0.0,0.0
0x9beb086842a6c61ad929995f7060e3ee2c4a94ce,1,ok,12,0.0,11.0,0.0,6.0,0.0,6.0,0.5,0.4545454545454545,0.0,0.0,0.0,0.0,0.0,0.0,0.0,0.0,1.0,4.916666666666667,10.0,2.465033242958173,316201.5,0.0,0.0,5130807,5833874,120.62670034583245,0.0994804629953105,10.966063667802947,0.0025751548619182,1.9737973736162748,6.0,6.0,0.0,3.647402013603343e-05,0.0,165.0,0.0,0.0
0x3bb8416d25b80af3fcd60b999acc725d45ff7e5d,0,ok,4,2.0,2.0,0.5,3.0,2.0,1.0,0.75,0.25,0.0139283321734782,0.015,0.0069641660867391,0.0139283321734782,0.0075,0.01,0.0010716678265217,1.0,0.25,22.320161098,25.0,1.6064613067527225,38250.0,0.0,0.0,4095712,4272996,42.59908766444359,0.0938987245808717,14.199695888147865,0.5294650394441904,0.6876905438819343,3.0,1.0,2.0,1.8496997795910488e-05,0.0,740.0,0.0,0.0
0x57d02550f47dd932d2fb84e0aa883c9d8d53c313,1,ok,19,0.0,18.0,0.0,16.0,0.0,16.0,0.8421052631578947,0.1111111111111111,0.0,11.930301984999998,0.0,0.0,0.6627945547222222,2.5,11.930301984999998,0.0,0.0526315789473684,26.26315789473684,60.0,12.425957996587789,400262.7368421053,0.0526315789473684,0.0,4238580,4246646,1.9420941374064595,9.783253877370363,0.1078941187448033,0.0012038768524373,2.7380667028697174,16.0,16.0,0.0,0.0001825735675418,0.0,314.0,0.0,0.0
0x36bdae9fb81d0311f7021a92ee2ce671b7cc4069,0,ok,4,3.0,1.0,0.75,2.0,1.0,1.0,0.5,0.5,0.0,0.008,0.0,0.0,0.008,0.008,0.008,0.0,0.75,50.5,50.5,0.0,95000.0,0.0,0.0,3965479,3977208,2.259206856433992,1.7705328702453278,0.753068952144664,0.0005778515283708,1.3758599369566789,2.0,1.0,1.0,1.2628006240536986e-05,0.0,740.0,0.0,0.0
0x1955df3107d705b5b301a044da2715b8f943035e,0,ok,34,3.0,31.0,0.088235294117647,11.0,2.0,9.0,0.3235294117647059,0.6764705882352942,11.06,11.068307738,3.686666666666666,10.95,0.3570421850967742,5.09331662,0.0083077380000027,0.9900542495479204,0.0588235294117647,18.15477190347059,120.0,30.216286781414222,59285.882352941175,0.0,0.0,4713132,25234620,3094.9300431611086,0.0109857087319728,93.78575888366994,0.0018144172236875,3.2705990669705165,11.0,9.0,2.0,9.032108511630127e-05,0.0181818181818181,966.0,0.0,0.0
0xa4a48703ac737d7847113bdfb497c908a955f3d8,0,ok,25,13.0,12.0,0.52,3.0,2.0,1.0,0.12,0.88,11.159115210555385,11.1783120205936,0.8583934777350296,1.00099725,0.9315260017161332,1.003517137497354,0.0191968100382151,0.0897022058749925,0.0,32.78815163512,76.966879066,17.954455137437762,89902.08,0.0,0.0,3884341,19495717,2470.7069245026373,0.0101185615145481,102.94612185427654,0.0009630858787783,4.459173493239008,3.0,1.0,2.0,1.2552033955393094e-05,0.0,1541.0,0.0,0.0
0x8779dbd8c2c6b6f3aa9cf718c364ec45da70b062,0,ok,53,29.0,24.0,0.5471698113207547,29.0,23.0,8.0,0.5471698113207547,0.4528301886792453,59.71799,66.55721429,2.0592410344827585,14.0,2.7732172620833335,20.0,6.839224290000004,0.2344352179301413,0.0566037735849056,26.78398571181132,335.0,51.69996798754217,29941.43396226415,0.0,0.0,3631544,23926708,3136.2114703777765,0.0168993706261828,60.31175904572646,0.0007223261120142,2.3021988772770734,29.0,8.0,23.0,7.123211368039946e-05,0.0024630541871921,800.0,0.0,1.0
0x1194f611c8e1125cd613d3ab7244ab4bd9d36f34,0,ok,3,2.0,1.0,0.6666666666666666,2.0,1.0,1.0,0.6666666666666666,0.3333333333333333,0.0,0.01,0.0,0.0,0.01,0.01,0.01,0.0,0.6666666666666666,23.333333333333332,50.0,18.856180831641268,42119.666666666664,0.0,0.0,4667681,7546768,493.4086460736118,0.0060801528791054,246.70432303680587,0.0085668356495874,0.9999652748863735,2.0,1.0,1.0,1.61111773203915e-05,0.0,447.0,0.0,0.0
0xb9cfb36060785f6800b1ab9ccc9b4f341d097399,1,ok,41,2.0,39.0,0.048780487804878,36.0,2.0,34.0,0.8780487804878049,0.1219512195121951,24.09552698,24.197248980000005,12.04776349,14.09552698,0.6204422815384617,10.0,0.1017220000000023,0.5849852128861802,0.0,35.1219512195122,60.0,11.30334533246408,186600.34146341463,0.0,0.0,4947336,4977564,5.293902411113183,7.744759312890067,0.1323475602778295,0.0005253972223511,5.413348091268053,36.0,34.0,2.0,0.0003748936184227,0.0,127.0,0.0,0.0
0x05dccecac13c5054434adfdad1da2e7fe9516d30,0,ok,10,4.0,6.0,0.4,9.0,3.0,6.0,0.9,0.1,2.94409955,2.94678335,0.7360248875,2.1694389700000003,0.4911305583333333,1.32240863,0.0026838000000002,0.7368769068967116,0.0,20.68,41.0,7.987590375075577,73400.1,0.0,0.0,2974278,6369107,617.558081169167,0.0161928089112977,68.61756457435189,0.0165033287030679,1.2773564689528671,9.0,6.0,3.0,7.915004430184206e-05,0.0277777777777777,54.0,0.0,2.0
0xce7c32f7ba67de9cadec1403f145914622ab324c,0,ok,6,3.0,3.0,0.5,5.0,3.0,2.0,0.8333333333333334,0.1666666666666666,225.97873800983052,225.98,75.32624600327684,214.99457900491527,75.32666666666667,214.995,0.0012619901694961,0.9513929535953184,0.0,21.69825665866667,30.0,3.712692807027378,76055.5,0.0,0.0,3211985,3345416,22.265006525599293,0.2694811696148156,4.453001305119859,0.0011715789801544,1.997729764775264,5.0,2.0,3.0,1.4156908993589244e-05,0.0,800.0,0.0,0.0
0x4ef83d982816134ea71f779895f9f38a07135550,0,ok,3,2.0,1.0,0.6666666666666666,3.0,2.0,1.0,1.0,0.0,1012.6506760232484,1012.6515160232484,506.32533801162424,1009.5590738832484,1012.6515160232484,1012.6515160232484,0.0008400000000392,0.9969470201193752,0.0,20.0,20.0,0.0,44000.0,0.0,0.0,3785376,3785396,0.003852343517873,3.0,0.0019261717589365,0.0005778515283708,0.6999999996418448,3.0,1.0,2.0,2.3506716189355696e-05,0.0,14.0,0.0,1.0
0xb7c4a4341c0a03460b6cec4fa997dd2d748ce281,1,ok,27,3.0,24.0,0.1111111111111111,27.0,3.0,24.0,1.0,0.0,210.177,210.188266728,70.059,105.0,8.757844447,150.0,0.0112667280000096,0.4995789263335189,0.0,25.065873028740743,60.0,15.43567005794223,73881.70370370371,0.0,0.0,4380540,4478853,23.301400809442555,1.1587286198286688,0.8962077234400982,0.0002370124061902,3.173104638347659,27.0,24.0,3.0,0.0002801637821348,0.0,571.0,0.0,0.0
0x56a7a55a75a779acbe2f0cf98321cd5a2bb01afb,0,ok,27,23.0,4.0,0.8518518518518519,9.0,6.0,3.0,0.3333333333333333,0.6666666666666666,15.9445281595,15.93946617,0.6932403547608695,7.541353744999999,3.9848665425,7.54289049,-0.0050619894999996,0.4729744066152715,0.7037037037037037,60.909894968888885,200.0,46.764192131414255,91823.48148148147,0.3333333333333333,0.0,4861870,9504713,772.7705728660193,0.0349392186349222,29.72194511023151,0.0001751324065305,4.4125458094836,9.0,3.0,6.0,2.506649948239143e-05,0.0,216.0,0.0,1.0
0xf22fdffd2498fdcd3e0a58a118d3e1f70db4307d,0,ok,3,2.0,1.0,0.6666666666666666,2.0,1.0,1.0,0.6666666666666666,0.3333333333333333,0.4964719999999999,0.5,0.2482359999999999,0.49298,0.5,0.5,0.003528,0.992966370711742,0.0,49.666666666666664,78.0,23.27134623427608,67000.0,0.0,0.0,4179848,4291261,26.67024272426135,0.1124849155298824,13.335121362130677,0.0038524059261436,0.9997111082965404,2.0,1.0,1.0,2.3506716189355696e-05,0.0,740.0,0.0,0.0
0x97bded79e53fe66cb46a508f2b75358276204362,0,ok,3,2.0,1.0,0.6666666666666666,2.0,2.0,1.0,0.6666666666666666,0.3333333333333333,0.007500115999979,0.008,0.0037500579999895,0.007500115999979,0.008,0.008,0.000499884000021,1.0,0.3333333333333333,9.833333333666667,21.0,8.024268744502518,153666.66666666666,0.0,0.0,6758786,6852078,15.55071822685224,0.1929171345166387,7.77535911342612,0.0055007256953804,0.9992925438407234,2.0,1.0,2.0,1.5186096696008964e-05,0.0,182.0,0.0,0.0
0x788431a9fed9fae11871353cd6e92f3b724e7d63,1,ok,7,0.0,6.0,0.0,4.0,0.0,4.0,0.5714285714285714,0.3333333333333333,0.0,0.0,0.0,0.0,0.0,0.0,0.0,0.0,1.0,3.7142857142857144,6.0,1.1605769149479943,377453.28571428574,0.0,0.0,5130549,5834069,120.70383879458188,0.057993184557393,20.117306465763644,0.0030901858320942,1.601223279182496,4.0,4.0,0.0,1.320133630883191e-05,0.0,165.0,0.0,0.0
0x0895c44c05e9524065d81041e029859903c52847,0,ok,14,11.0,3.0,0.7857142857142857,4.0,2.0,2.0,0.2857142857142857,0.7142857142857143,72.49643762299313,62.504921,6.5905852384539205,29.896437622993123,20.834973666666667,61.50992,-9.991516622993132,0.4123849199110316,0.0,21.935981455071435,44.464278564,15.230072828370728,51714.28571428572,0.2142857142857142,0.0,4337028,21917777,2705.9775596038885,0.0051737310053854,208.15211996952988,0.0013957055547723,2.219668479415935,4.0,2.0,2.0,2.4934442521330447e-05,0.0,800.0,0.0,0.0
0xbdd5840e9031cf4543f3fcdffb2a1f073e15e0f7,0,ok,19,10.0,9.0,0.5263157894736842,3.0,2.0,1.0,0.1578947368421052,0.8421052631578947,114.76780605215176,114.77582301,11.476780605215176,53.62781318,12.752869223333333,53.6284215,0.0080169578482269,0.4672722693298757,0.0,61.274839769,100.0,38.64499742541603,67947.36842105263,0.0,0.0,3432269,22604925,2986.24300612028,0.006362509668858,165.90238922890444,0.0015857616674017,3.9608815332050655,3.0,1.0,2.0,1.8791338281259565e-05,0.0,1541.0,0.0,0.0
0x955427a36b5c92edee90a1448bfc7e854e9caef5,1,ok,7,0.0,6.0,0.0,4.0,0.0,4.0,0.5714285714285714,0.3333333333333333,0.0,0.0,0.0,0.0,0.0,0.0,0.0,0.0,1.0,3.5714285714285716,7.0,1.6781914463529617,377435.0,0.0,0.0,5130480,5833815,120.67190973449084,0.0580085292045331,20.111984955748472,0.0030901858320942,1.6027062593594004,4.0,4.0,0.0,1.320133630883191e-05,0.0,165.0,0.0,0.0
0xd77b95800f67deb52e0e0988dbf01a311a3ccd80,1,ok,4,2.0,2.0,0.5,4.0,2.0,2.0,1.0,0.0,2.5043200000000003,2.506,1.2521600000000002,2.14916,1.253,2.15,0.0016799999999994,0.8581810631229235,0.0,32.5,40.0,8.2915619758885,28250.0,0.0,0.0,5040596,5380287,57.37007831147975,0.0697227564913328,19.12335943715992,0.0028617862943145,1.4137761045873722,4.0,2.0,2.0,2.384953267933948e-05,0.0,2397.0,0.0,0.0
0xa46311dc4d3bc52b66d45e74682042bb143a9aa3,1,ok,8,5.0,3.0,0.625,6.0,4.0,3.0,0.75,0.25,1.1788604133369798,1.18127541333698,0.2357720826673959,0.497146809614387,0.3937584711123267,0.51204,0.0024150000000002,0.4217181304842718,0.0,18.125,23.0,8.447447839436476,21000.0,0.0,0.0,5300367,5542482,41.078247595183825,0.1947502746182861,5.868321085026261,0.0026934459281188,1.4684864637497672,6.0,3.0,4.0,6.313240815525314e-05,0.0,1143.0,1.0,1.0
0x4114fb8b1879f61b18f7d2e623569a847a03e15a,1,ok,48,0.0,47.0,0.0,15.0,0.0,15.0,0.3125,0.6808510638297872,0.0,83.173,0.0,0.0,1.7696382978723404,21.2,83.173,0.0,0.4583333333333333,10.770833333333334,99.0,20.423882653376385,121843.45833333331,0.0,0.0,5509627,5968418,79.77539458213029,0.6016892834116049,1.6973488208963894,0.0,6.197841161993433,15.0,15.0,0.0,0.000177088503702,0.0,16.0,0.0,0.0
0x7cbc4e0d168744912c5afc081499145bbdc51e69,1,ok,100,86.0,14.0,0.86,36.0,25.0,13.0,0.36,0.64,207.5774781556916,49.46627519515902,2.41369160646153,74.0,3.533305371082787,21.049187142,-158.11120296053255,0.356493395417864,0.71,55.25,62.0,11.531153454880393,183570.0,0.07,0.0,4241192,4242092,0.2166978333338543,100.0,0.0021888670033722,0.0,1.7566698291685208,36.0,13.0,25.0,0.0001667295949917,0.0,3798.0,0.0,0.0
0x7a18cfc4a36e48163034e51a9ed19d4bdea05f6f,1,ok,6,0.0,5.0,0.0,3.0,0.0,3.0,0.5,0.4,0.0,4.0545075546,0.0,0.0,0.81090151092,3.7445075546,4.0545075546,0.0,0.1666666666666666,40.5,60.0,19.5,691850.6666666666,0.0,0.0,4269348,4273104,0.8902186022229769,6.0,0.1780437204445954,0.0009480496302798,1.8714571308666976,3.0,3.0,0.0,6.620553140932141e-05,0.0,314.0,0.0,0.0
0xda657e9fa116900fab8178e5580a3a6cedd89f3c,1,ok,100,63.0,37.0,0.63,82.0,58.0,31.0,0.82,0.18,366.4321131275683,238.40369436216977,5.816382748056641,365.3,6.443343090869453,141.0,-128.02841876539858,0.9969104423793386,0.39,40.42,60.0,19.16934010340471,78565.72,0.01,0.0,4242207,5267603,191.65394040833192,0.5217737751018482,1.935898387962949,0.0,6.35507240602914,82.0,31.0,58.0,0.0003749730896255,0.0,3798.0,0.0,0.0
0x37c85a7523b1832b4d0380b2f513e88b66e8c850,1,ok,66,1.0,65.0,0.0151515151515151,45.0,1.0,44.0,0.6818181818181818,0.3181818181818182,53.414527589,53.314947589,53.414527589,53.414527589,0.8202299629076923,6.19841855,-0.0995800000000031,1.0,0.0,29.979293212833333,100.0,20.772602953427366,87692.68181818182,0.0,0.0,5159598,5223068,10.741051607407906,6.144649743092288,0.1652469478062754,0.0,7.211311200550155,45.0,44.0,1.0,0.0004445536577312,0.0,836.0,0.0,0.0
0xe06ae5c5ab3eda3a62918bf86532c7d87dbbc66d,1,ok,8,0.0,7.0,0.0,4.0,0.0,4.0,0.5,0.4285714285714285,0.0,0.0,0.0,0.0,0.0,0.0,0.0,0.0,1.0,4.0,7.0,2.1213203435596424,357627.625,0.0,0.0,5118863,5830171,122.01226799282487,0.0655671772322964,17.43032399897498,0.0012017389359297,1.7450161679826592,4.0,4.0,0.0,1.3253575012067536e-05,0.0,165.0,0.0,0.0
0x6e3e57e536aab05950774945d9cdbf506865c52f,1,ok,3,1.0,2.0,0.3333333333333333,3.0,1.0,2.0,1.0,0.0,2.05979,2.06,2.05979,2.05979,1.03,1.3,0.00021,1.0,0.0,17.333333333333332,21.0,5.185449728701348,80666.66666666667,0.0,0.0,4494578,4675349,30.37231434935221,0.0987741653630022,15.186157174676104,0.0718147594454111,0.9952710380500231,3.0,2.0,1.0,3.447684386883675e-05,0.0,8.0,0.0,0.0
0x62ee4a3c690c9660762c52bf1a232365c86c879b,1,ok,11,1.0,10.0,0.0909090909090909,11.0,1.0,10.0,1.0,0.0,6.442345019,6.442786019,6.442345019,6.442345019,0.6442786019,2.0,0.0004409999999994,1.0,0.0,24.0,60.0,11.832159566199232,92745.45454545454,0.0,0.0,4292008,4410294,28.035249622593874,0.3923631909143051,2.803524962259387,0.0336557618501009,2.4501496041448374,11.0,10.0,1.0,0.0001222378653046,0.0,12.0,0.0,0.0
0x2720f8b853bce09605538d2b5c4b95cec1ce9d5f,0,ok,96,48.0,48.0,0.5,5.0,1.0,4.0,0.0520833333333333,0.9479166666666666,115.01715768498552,115.03874,2.3961907851038653,3.60958,2.3966404166666666,3.61,0.0215823150144558,0.0313829699207668,0.0,13.9462637399375,33.46927861,8.514081092010716,127989.66666666669,0.0,0.0,3804177,4086892,58.640326723564,1.6370986548651578,0.6172665970901474,0.0013483202291859,5.42134494215983,5.0,4.0,1.0,5.429696206271544e-05,0.0,1148.0,0.0,0.0
0x2ca8e5e364f358452223d896ff2319745665f142,0,ok,17,11.0,6.0,0.6470588235294118,5.0,3.0,2.0,0.2941176470588235,0.7058823529411765,4.776782594520087,3.7630014184070992,0.4342529631381897,2.234451,0.6271669030678498,2.267,-1.013781176112988,0.467773225133452,0.2941176470588235,29.362299407058824,66.0,25.023773195626333,371094.9411764706,0.0588235294117647,0.0,6108424,25022880,2825.875350648518,0.0060158350565953,176.61720941553236,0.0001395705535455,3.848624539148966,5.0,2.0,3.0,3.383576943894065e-05,0.0,237.0,0.0,0.0
0xd3d7c71e4c5b1ff2f42fbb9b4a21f3373aa8b3b0,1,ok,5,1.0,4.0,0.2,5.0,1.0,4.0,1.0,0.0,15.16958,15.16979,15.16958,15.16958,3.7924475,10.0,0.0002100000000009,1.0,0.0,18.4,21.0,4.223742416388575,34800.0,0.0,0.0,4383651,4669223,55.64719687416598,0.0898517855500684,13.911799218541496,0.0030811612970299,1.047909084345925,5.0,4.0,1.0,5.6417099227798855e-05,0.0,836.0,0.0,0.0
0x26d92c842da190b559165d86293d4b503f5e0292,0,ok,5,4.0,1.0,0.8,2.0,1.0,1.0,0.4,0.6,3.7399993148188257,0.101,0.9349998287047064,1.8493462623478552,0.101,0.101,-3.6389993148188258,0.4944777008434938,0.0,31.2153008694,50.0,10.834127180888066,32200.0,0.0,0.0,4241794,4337074,22.61342105184992,0.2211076328758743,5.653355262962481,0.0011850620364701,1.6466825575295605,2.0,1.0,1.0,1.3074155558373302e-05,0.0,818.0,0.0,0.0
0xf3ddbbe4d7ab914e281dc797ed0acaedb09fd807,0,ok,7,4.0,3.0,0.5714285714285714,3.0,1.0,2.0,0.4285714285714285,0.5714285714285714,6.786687499999999,6.788,1.6966718749999998,4.093475,2.2626666666666666,4.094,0.0013125000000009,0.6031624411761998,0.0,34.92857142857143,90.0,35.89710351569227,57857.142857142855,0.0,0.0,4928503,6961093,343.38862086088017,0.0203850668739427,57.2314368101467,0.0011846125926132,2.034035587149934,3.0,2.0,1.0,2.3733881383701495e-05,0.0,1148.0,0.0,0.0
0x739d95b953cd302addf8acdfc7a87dfceccfafe1,0,ok,12,8.0,4.0,0.6666666666666666,9.0,7.0,3.0,0.75,0.25,32.41,43.011012400000006,4.05125,8.5,10.7527531,42.0,10.601012400000007,0.2622647331070658,0.0,68.00688587175,200.0,63.49328607296098,21000.166666666668,0.0,0.0,4153797,25638669,3269.0945519537036,0.0036707411820892,297.19041381397307,0.0007223261120142,1.920789127881072,9.0,3.0,7.0,3.291695864228304e-05,0.0277777777777777,800.0,0.0,1.0
0xdaf240925e52fd5cbb30417eee893c9746cca9d0,0,ok,11,6.0,5.0,0.5454545454545454,6.0,2.0,4.0,0.5454545454545454,0.4545454545454545,17.99627746311851,18.00460118,2.9993795771864185,9.10572888,3.6009202360000003,9.11209745,0.0083237168814918,0.5059784668613406,0.0,32.342588577545456,51.0,14.227192785398078,80702.72727272728,0.0,0.0,3977181,19481205,2450.79039234301,0.0044883479363911,245.07903923430095,0.0014220744454198,2.9012626703753712,6.0,4.0,2.0,5.093203538805833e-05,0.0,1541.0,0.0,0.0
0x88698a2ff09506596a88a1af9d103a420ba46a3e,1,ok,4,1.0,3.0,0.25,4.0,1.0,3.0,1.0,0.0,4.999559,5.0,4.999559,4.999559,1.6666666666666667,2.0,0.0004410000000003,1.0,0.0,28.25,50.0,12.55736835487436,117750.0,0.0,0.0,4333675,4335461,0.423304159630228,4.0,0.1411013865434093,0.0037921985183601,1.360794042481504,4.0,3.0,1.0,4.54469715483178e-05,0.0,5.0,0.0,0.0
0xc169a0e826f22fc7d37a48aaa346ffb4521c35cd,1,ok,12,1.0,11.0,0.0833333333333333,12.0,1.0,11.0,1.0,0.0,36.669223048,36.669664047999994,36.669223048,36.669223048,3.333605822545454,20.0,0.000440999999995,1.0,0.0,51.74303441066667,92.0,23.703368856636864,71366.66666666667,0.0,0.0,4919562,5261587,58.34545305111066,0.2056715540367471,5.304132095555516,0.0042031777788091,3.1126444798931923,12.0,11.0,1.0,0.0001267195317859,0.0,12.0,0.0,0.0
0xdb484d5ea254530e205aba4faa25033ed5940872,0,ok,5,3.0,2.0,0.6,5.0,3.0,2.0,1.0,0.0,3000.998677,3001.0,1000.3328923333332,2807.128222403422,1500.5,2719.3201268253797,0.0013229999999566,0.9353980206381216,0.0,21.0,21.0,0.0,34800.0,0.0,0.0,4054269,4054280,0.0026485290737063,5.0,0.0006621322684265,0.0002407753688317,0.9045340341521462,5.0,2.0,3.0,3.447684386883675e-05,0.0,19.0,0.0,0.0
0x5167052b83f36952d1a9901e0de2b2038c3dd1a3,1,ok,40,20.0,20.0,0.5,28.0,12.0,16.0,0.7,0.3,9999.0,10000.000356001,499.95,1500.0,500.00001780004993,10000.0,1.0003560009990906,0.15001500150015,0.2,27.940318349775,222.19423937,33.4400572089323,22034.0,0.0,0.0,4045865,20718532,2608.3732521824068,0.015335228563064,66.88136544057454,0.0,4.132022384845816,28.0,16.0,12.0,0.0002069945134438,0.0052910052910052,436.0,0.0,0.0
0x01ab61faaab480b5b5e855004c34921a0ad646b2,0,ok,32,14.0,18.0,0.4375,18.0,9.0,9.0,0.5625,0.4375,37.472379481374794,37.4754745574003,2.676598534383914,7.393412,2.081970808744461,6.00441678,0.0030950760255024,0.1973029762808312,0.0625,23.4307271790625,60.0,17.8243760139514,58758.90625,0.0,0.0,4830034,18004187,2064.464618024442,0.0155003867446378,66.59563283949815,0.0015419677755347,2.535500176276488,18.0,9.0,9.0,4.182270990796069e-05,0.0261437908496732,1739.0,0.0,2.0
0x09a5df02c274c6d8efb2a471510d47767da8bb27,0,ok,5,3.0,2.0,0.6,5.0,3.0,2.0,1.0,0.0,2000.998675929,2001.0,666.999558643,1467.270795097737,1000.5,1383.5058968581982,0.001324070999999,0.7332692483749544,0.0,21.0,21.0,0.0,34800.0,0.0,0.0,4154639,4154652,0.0031300798141294,5.0,0.0007825199535323,0.0,1.0058997562639256,5.0,2.0,3.0,3.447684386883675e-05,0.0,89.0,0.0,0.0
0x4bf722014e54aeab05fcf1519e6e4c0c3f742e43,1,ok,100,100.0,0.0,1.0,70.0,70.0,0.0,0.7,0.3,33.41038340333669,0.0,0.3341038340333668,23.5,0.0,0.0,-33.41038340333669,0.7033741491770208,0.97,39.78,61.0,10.599603766179188,228740.18,0.02,0.0,4767647,5271669,86.64790033648136,1.1540960555497386,0.8752313165301145,0.0,9.552789193077778,70.0,0.0,70.0,1.2536588509874642e-05,0.0,3798.0,0.0,0.0
0xd9932453997ddf36fe114c9f22bebb9ee77b2921,1,ok,3,1.0,2.0,0.3333333333333333,3.0,1.0,2.0,1.0,0.0,1.794427,1.794868,1.794427,1.794427,0.8974340000000001,1.355309,0.0004410000000001,1.0,0.0,21.0,21.0,0.0,21000.0,0.0,0.0,4187839,4199470,2.800458332777575,1.0712532176918743,1.4002291663887876,0.8335643322213933,0.4046943513031025,3.0,2.0,1.0,3.447684386883675e-05,0.0,4.0,0.0,0.0
0xa4211b6198bfa33ec0e72f84dc398e057821c7ab,0,ok,6,2.0,4.0,0.3333333333333333,3.0,2.0,1.0,0.5,0.5,0.0,0.012,0.0,0.0,0.003,0.003,0.012,0.0,0.3333333333333333,43.414834203333335,60.0,16.9421944330439,110000.0,0.0,0.0,4220041,4257434,8.975339557591964,0.6684983851028549,1.7950679115183923,0.2648529074065111,1.691958198875317,3.0,1.0,2.0,2.762030829478436e-05,0.0,1148.0,0.0,0.0
0xaa1886de3f70a3ef502ea1379a311c5b4e05f3fd,1,ok,64,28.0,36.0,0.4375,42.0,25.0,30.0,0.65625,0.34375,51.965937955608354,51.972541594608366,1.8559263555574412,51.25,1.4436817109613436,20.001940028000003,0.0066036390000121,0.9862229378748067,0.15625,14.296875,60.0,12.272529903584468,92768.125,0.0,0.0,4230750,4806644,115.27871392777672,0.5551762144058672,1.829820855996456,0.0,5.706637145659099,42.0,30.0,25.0,0.0005046149301567,0.0,3798.0,0.0,0.0
0xd51f7699eb24f8b6082023189b09e77c0a2f5db4,0,ok,4,2.0,2.0,0.5,3.0,2.0,1.0,0.75,0.25,0.00366651847532,0.0055,0.00183325923766,0.00366651847532,0.00275,0.005,0.0018334815246799,1.0,0.25,21.90059210075,41.0,12.309016320112663,29541.25,0.0,0.0,5338000,21406778,2453.655626077409,0.0016302206216259,817.8852086924697,0.0166656966673003,1.406542558184969,3.0,1.0,2.0,2.3506716189355696e-05,0.0,1474.0,0.0,0.0
0x5ba53eb789c7f017fe3cd8027fb01c5eeb81f697,1,ok,7,0.0,6.0,0.0,3.0,0.0,3.0,0.4285714285714285,0.5,0.0,0.0,0.0,0.0,0.0,0.0,0.0,0.0,1.0,4.0,11.0,2.97609523657138,361363.71428571426,0.0,0.0,5119932,5929792,138.93399422148312,0.0503836374907704,23.15566570358052,0.0052461414811787,1.647157794702042,3.0,3.0,0.0,1.3009794396967956e-05,0.0,165.0,0.0,0.0
0x7e03135946d9b4710bd58438f1a0e6cf5af9f6bf,0,ok,7,4.0,3.0,0.5714285714285714,4.0,2.0,2.0,0.5714285714285714,0.4285714285714285,140.98047890182528,140.9948,35.24511972545632,64.993464,46.998266666666666,64.9948,0.0143210981747188,0.461010378928132,0.0,74.88565350157144,185.625,56.46568857641279,62000.0,0.0,0.0,4861844,19474895,2265.0057329092588,0.003090499903949,377.5009554848765,0.0045534425918702,2.2052595743085863,4.0,2.0,2.0,2.7600756209142868e-05,0.0,1541.0,0.0,0.0
0x6b130bd3e63aece839067618302ee61704207912,0,ok,6,4.0,2.0,0.6666666666666666,3.0,2.0,1.0,0.5,0.5,1000.081415,1000.1,250.02035375,360.0,500.05,1000.0,0.01858500000003,0.3599706929860305,0.0,154.16666666666666,275.0,121.56673978610358,21000.0,0.0,0.0,5976590,7038676,177.80463442657282,0.0337449022031976,35.560926885314565,0.0099572654620364,1.7405209778163695,3.0,1.0,2.0,2.3506716189355696e-05,0.0,4.0,0.0,0.0
0x55c4dfc965b911afee18a7d2d94a245b867395b6,1,ok,23,9.0,14.0,0.391304347826087,18.0,4.0,14.0,0.782608695652174,0.217391304347826,15.108897956481242,15.13086182,1.678766439609027,5.4878,1.0807758442857145,5.0,0.0219638635187582,0.3632164315231149,0.0,32.608695652173914,117.0,24.428670131336116,27652.17391304348,0.0,0.0,5162530,5277962,19.50971393259311,1.1788999100379418,0.8868051787542324,0.0065999844449537,1.9957681502762872,18.0,14.0,4.0,0.0001363025140775,0.0065359477124183,23.0,0.0,1.0
0x636e5292882e2342aaf82d651322aea09a3e5392,1,ok,7,3.0,4.0,0.4285714285714285,7.0,3.0,4.0,1.0,0.0,2.43944971,2.43993505,0.8131499033333333,1.919,0.6099837625,1.08,0.00048534,0.7866528226154743,0.0,27.285714285714285,45.0,18.226466515280823,30714.285714285714,0.0,0.0,5030778,5065622,5.896663025187122,1.1871120954512857,0.9827771708645202,0.00981536148047,1.4024754067663605,7.0,4.0,3.0,5.6417099227798855e-05,0.0,172.0,0.0,0.0
0xbc85a12364c9e375801c00aad17b893fc4c8f5b6,1,ok,17,8.0,9.0,0.4705882352941176,10.0,7.0,3.0,0.5882352941176471,0.4117647058823529,2.811315618099495,2.814843618099495,0.3514144522624369,0.6015176346487824,0.312760402011055,0.6019577473709723,0.0035279999999997,0.2139630395022741,0.0,19.31961260364706,80.715855943,17.88879361106757,42245.05882352941,0.0,0.0,3901847,4305935,92.35708526958194,0.1840681735502863,5.7723178293488715,0.0073473846277704,1.0164370708700896,10.0,3.0,7.0,2.40275367229801e-05,0.0,1393.0,0.0,0.0
0x0c477a471b6a348059c58fad2467c1714c72a6d8,0,ok,62,35.0,27.0,0.5645161290322581,22.0,11.0,11.0,0.3548387096774194,0.6451612903225806,129.1750799277836,129.2175692657836,3.6907165693652457,36.84958,4.785835898732726,22.0,0.0424893379999957,0.285268490026103,0.2741935483870967,36.014484671677415,162.0,33.10478573411146,56652.48387096774,0.0,0.0,4237405,16778211,2009.744140993335,0.030849698096075,32.94662526218581,0.0004911391657811,2.30989923954459,22.0,11.0,11.0,0.0001773392384242,0.0216450216450216,2397.0,0.0,0.0
0xecb6ffac05d8b4660b99b475b359fe454c77d153,1,ok,2,1.0,1.0,0.5,2.0,1.0,1.0,1.0,0.0,5.89775429,5.89865729,5.89775429,5.89775429,5.89865729,5.89865729,0.000903,1.0,0.0,36.5,43.0,6.5,21000.0,0.0,0.0,11252228,11275440,3.5651826622226723,0.5609810743198002,3.5651826622226723,3.5651826622226723,0.0,2.0,1.0,1.0,1.3085094893848697e-05,0.0,23.0,0.0,0.0
0x8dcdb7fc9f541825ba57fb47d5204317fc609590,1,ok,2,1.0,1.0,0.5,2.0,1.0,1.0,1.0,0.0,2.999559,3.0,2.999559,2.999559,3.0,3.0,0.0004409999999999,1.0,0.0,40.5,60.0,19.5,110500.0,0.0,0.0,4395796,4396536,0.1753891814803635,2.0,0.1753891814803635,0.1753891814803635,0.0,2.0,1.0,1.0,2.3506716189355696e-05,0.0,3.0,0.0,0.0
0x0310c4385311d225cbcaca26fefc9ab45d3eba3e,1,ok,9,2.0,7.0,0.2222222222222222,9.0,2.0,7.0,1.0,0.0,2.0086629614754075,2.012379961475407,1.0043314807377035,1.5285159614754076,0.2874828516393439,0.59,0.0037169999999999,0.7609618889734885,0.0,44.111111111111114,65.0,11.268879905340532,98111.11111111112,0.0,0.0,4918456,4953584,6.152051207406653,1.462926704700476,0.7690064009258317,0.0031523833313473,2.244699608356426,9.0,7.0,2.0,8.9327482266242e-05,0.0,2397.0,0.0,0.0
0xf021428381172ef96988b31f241f4000259488f7,1,ok,3,2.0,1.0,0.6666666666666666,3.0,2.0,1.0,1.0,0.0,0.10006,0.1025,0.05003,0.05306,0.1025,0.1025,0.0024399999999999,0.5302818309014591,0.0,27.666666666666668,41.0,18.153665072253467,27333.333333333332,0.0,0.0,5024444,5762964,126.45293481610992,0.0237242417849981,63.22646740805496,20.761689528146828,0.6716297718461205,3.0,1.0,2.0,2.3506716189355696e-05,0.0,4.0,0.0,0.0
0x5f4dd57882cd7ca0f90eae1fdfb4a8f06b3b1634,0,ok,9,6.0,3.0,0.6666666666666666,5.0,2.0,3.0,0.5555555555555556,0.4444444444444444,2.659652286561454,2.6605,0.4432753810935756,1.8630318958,0.8868333333333333,0.9331,0.0008477134385458,0.7004794969678653,0.4444444444444444,18.989341236666668,45.746031746,19.015093114237025,61955.555555555555,0.0,0.0,6628311,15269453,1370.2355148836584,0.0065682139327443,171.2794393604573,0.0985552594451992,2.543790654569626,5.0,3.0,2.0,3.667086940473296e-05,0.0,571.0,0.0,0.0
0x63a4ff7a90dabc933029ebe0e8158fa1d77308ba,0,ok,14,7.0,7.0,0.5,7.0,2.0,5.0,0.5,0.5,55.12989687301919,55.13760271,7.875699553288456,39.47392847,7.876800387142857,39.476053709999995,0.0077058369808042,0.7160167297414031,0.0,26.701094323214285,42.0,14.653174126029043,50392.857142857145,0.0,0.0,4374617,22685906,2804.2766914901854,0.0049923746977194,215.7135916530912,0.002654111109398,3.416819399507162,7.0,5.0,2.0,4.29032024367676e-05,0.0,1541.0,0.0,0.0
0x1494403137159bb0dc545d11963fdf797ea1ecab,1,ok,5,1.0,4.0,0.2,5.0,1.0,4.0,1.0,0.0,0.94317922,0.94338922,0.94317922,0.94317922,0.235847305,0.49405636,0.00021,1.0,0.0,18.42,42.0,12.405869578550307,81400.0,0.0,0.0,4559025,4669127,18.26393384722096,0.2737635846595447,4.5659834618052395,0.0019905833348079,1.7247744757877512,5.0,4.0,1.0,4.563956570005765e-05,0.0,836.0,0.0,0.0
0x1151314c646ce4e0efd76d1af4760ae66a9fe30f,0,failed,0,0.0,0.0,0.0,0.0,0.0,0.0,0.0,0.0,0.0,0.0,0.0,0.0,0.0,0.0,0.0,0.0,0.0,0.0,0.0,0.0,0.0,0.0,0.0,0,0,0.0,0.0,0.0,0.0,0.0,42.0,0.0,42.0,1.2536588509874642e-05,0.0,836.0,0.0714285714285714,42.0
0x1ea2a5c703ee0ccfa46a857e3b23b52bc0428c53,0,ok,5,3.0,2.0,0.6,5.0,3.0,2.0,1.0,0.0,1000.9986491911912,1001.0,333.66621639706375,737.2389969632565,500.5,746.65749788841,0.0013508088087519,0.7365034883503059,0.0,21.326213697,21.522992742,0.1670093545548058,34800.0,0.0,0.0,4097899,4097917,0.0043339566665667,5.0,0.0010834891666416,0.0,1.048220126398986,5.0,2.0,3.0,2.899178002909622e-05,0.0,23.0,0.0,0.0
0x9a4a8522f6218ac20290d9a5f01a2139b947291e,0,ok,11,6.0,5.0,0.5454545454545454,8.0,6.0,2.0,0.7272727272727273,0.2727272727272727,0.4118120440320678,0.4128777477920679,0.0686353406720113,0.4118120440320678,0.0825755495584135,0.2079943037920678,0.00106570376,1.0,0.4545454545454545,13.50181818181818,21.0,7.378324296307908,76186.54545454546,0.0,0.0,5719461,7555933,314.40523096620484,0.0349866952473904,31.440523096620485,0.0006867079629942,1.473773932030951,8.0,2.0,6.0,3.1919301230313924e-05,0.0714285714285714,1474.0,0.0,1.0
0x39f3e7fa18d342de467ad9d7065a46c8385589f7,1,ok,2,1.0,1.0,0.5,2.0,1.0,1.0,1.0,0.0,5.69423066,5.69515466,5.69423066,5.69423066,5.69515466,5.69515466,0.0009240000000003,1.0,0.0,35.5,44.0,8.5,21000.0,0.0,0.0,11252023,11275396,3.5899110100004408,0.5571168740474585,3.5899110100004408,3.5899110100004408,0.0,2.0,1.0,1.0,1.3085094893848697e-05,0.0,23.0,0.0,0.0
0xf6a1ad73fbc37b63194a4f3e3f1351377cf267c2,0,ok,6,3.0,3.0,0.5,3.0,1.0,2.0,0.5,0.5,0.0,0.00217,0.0,0.0,0.0007233333333333,0.001,0.00217,0.0,0.5,25.0,40.0,15.0,52166.666666666664,0.0,0.0,6235911,8197765,326.36801684847035,0.0183841543602777,65.27360336969406,0.1127002417130602,1.176160619388283,3.0,2.0,1.0,3.447684386883675e-05,0.0,4.0,0.0,0.0
0x7da6955457b72fdd0e80709d704520ff85d79e39,1,ok,3,1.0,2.0,0.3333333333333333,3.0,1.0,2.0,1.0,0.0,0.26409872203487,0.26416172503487,0.26409872203487,0.26409872203487,0.132080862517435,0.26231172503487,6.300300000000592e-05,1.0,0.0,41.13333333333333,60.4,26.964833064979697,21009.0,0.0,0.0,3952328,4048811,20.934932613888822,0.143301153881418,10.467466306944411,3.3472591988880325,0.6802225963061026,3.0,2.0,1.0,3.324839247296575e-05,0.0,1148.0,0.0,0.0
0x379ce20c018fb6301c1872c429ec7270ffa4dc5b,1,ok,9,8.0,1.0,0.8888888888888888,3.0,2.0,1.0,0.3333333333333333,0.6666666666666666,0.08,0.09,0.01,0.08,0.09,0.09,0.0099999999999999,1.0,0.7777777777777778,21.0,21.0,0.0,48846.22222222222,0.0,0.0,3740287,3740415,0.0225530548145373,9.0,0.0028191318518171,0.0007047829611433,0.734208757861443,3.0,1.0,2.0,2.3506716189355696e-05,0.0,3798.0,0.0,0.0
0xbdd8eec801f4f9c626ab98bde4450c25d828a733,0,ok,4,2.0,2.0,0.5,3.0,1.0,2.0,0.75,0.25,4.5270264575,4.5335402,2.26351322875,2.99495,2.2667701,3.0,0.0065137425000001,0.6615711280057169,0.0,62.75,100.0,21.507266214003117,100000.0,0.0,0.0,3968127,3968266,0.0267737874526668,4.0,0.0089245958175556,0.00211878893552,0.9883122165159464,3.0,2.0,1.0,1.3424154858435036e-05,0.0,740.0,0.0,0.0
0x9c550e4b3410d98e4a80c5292cc75be718440f48,0,ok,5,3.0,2.0,0.6,5.0,3.0,2.0,1.0,0.0,1000.9986059848474,1001.0,333.6662019949491,521.5249881779177,500.5,607.4574313319155,0.0013940151526412,0.5210047097566212,0.0,22.127224645,22.127224645,0.0,34800.0,0.0,0.0,4179858,4179876,0.0043339566665667,5.0,0.0010834891666416,0.000481550740423,0.5983516452108928,5.0,2.0,3.0,3.447684386883675e-05,0.0,800.0,0.0,1.0
0xe0cd60e8e0e6a51f6678937bda08d797397b7dc8,0,ok,6,4.0,2.0,0.6666666666666666,3.0,2.0,1.0,0.5,0.5,0.231685578,0.23561703,0.0579213945,0.231685578,0.117808515,0.2,0.003931452,1.0,0.5,44.833333333333336,81.0,26.51676618460269,120166.66666666669,0.0,0.0,6181390,12836684,1060.856487611019,0.0056558074254809,212.17129752220384,0.0076034645846596,1.935405660910056,3.0,1.0,2.0,1.7862007461905635e-05,0.0,740.0,0.0,0.0
0xfbe3b9a14fa596558fdc44499d056c37b0a72e8b,0,ok,5,3.0,2.0,0.6,5.0,3.0,2.0,1.0,0.0,2000.9986770000005,2001.0,666.9995590000001,1151.7370461382343,1000.5,1249.256574750149,0.0013229999997292,0.5755811132593938,0.0,21.0,21.0,0.0,34800.0,0.0,0.0,4256255,4256265,0.0023701240729402,5.0,0.000592531018235,0.0,1.0,5.0,2.0,3.0,2.899178002909622e-05,0.0,9.0,0.0,0.0
0xcb2cc68fbecc841512ac42bbc92c00963b89f013,0,ok,18,11.0,7.0,0.6111111111111112,16.0,11.0,5.0,0.8888888888888888,0.1111111111111111,72.26187571400001,72.26740177999999,6.569261428545456,22.58884676,10.32391454,24.224781939999996,0.0055260659999731,0.3125970165707121,0.0555555555555555,29.0,61.0,17.256238807393046,44806.666666666664,0.0,0.0,6335670,9154656,464.5619557800006,0.0387461775034461,27.3271738694118,0.0077507525930802,2.65914495862403,16.0,5.0,11.0,7.425662406046834e-05,0.0,384.0,0.0,0.0
0x12ff79c9e57af14de31bedc56d4d53cc75b87082,0,ok,11,5.0,6.0,0.4545454545454545,4.0,3.0,1.0,0.3636363636363636,0.6363636363636364,1.68619347,1.6927184700000002,0.337238694,0.69755622,0.282119745,0.56544775,0.0065250000000001,0.4136869418667597,0.1818181818181818,18.623695969272728,50.0,12.316857058648086,47582.72727272727,0.0,0.0,4942157,21541874,2539.7627788775912,0.0043311131620179,253.97627788775912,0.0125034750915235,2.584844390424908,4.0,1.0,3.0,9.02573029120114e-05,0.0,341.0,0.0,0.0
0x33a01fb4aa875abea2dbaaebf469423fb70c1d12,0,ok,6,4.0,2.0,0.6666666666666666,2.0,2.0,1.0,0.3333333333333333,0.6666666666666666,0.00289079,0.00439148,0.0007226975,0.00289079,0.00219574,0.0031,0.0015006899999999,1.0,0.5,18.541666666666668,30.0,10.318285414199826,73500.0,0.0,0.0,4843840,8367647,591.2806447217586,0.010147465596178,118.25612894435172,0.0007005296288817,1.6349842375123635,2.0,1.0,2.0,1.4807829472449613e-05,0.0,3798.0,0.0,0.0
0x0b591a58137f154f59aea1284166d6a7b49821fd,1,ok,3,1.0,2.0,0.3333333333333333,2.0,1.0,1.0,0.6666666666666666,0.3333333333333333,1.999139,2.0,1.999139,1.999139,1.0,1.0,0.000861,1.0,0.0,41.0,41.0,0.0,21000.0,0.0,0.0,5128713,5159718,5.24698763333261,0.5717566363110633,2.623493816666305,0.0069384451845177,0.9973552652800476,2.0,1.0,1.0,2.3506716189355696e-05,0.0,3.0,0.0,0.0
0x2da8703d18afed53b303119e4ff06cf035a9fadb,1,ok,100,62.0,38.0,0.62,85.0,49.0,37.0,0.85,0.15,261.8623181415366,83.94724998380836,4.223585776476397,259.7,2.209138157468641,56.99958,-177.91506815772823,0.9917425379990416,0.58,27.055,60.0,9.23631284658548,97470.58,0.01,0.0,4796893,5271877,81.56099274648008,1.2260762974138233,0.8238484115806068,0.0,5.929908262369183,86.0,38.0,49.0,0.0004647628707485,0.0062927496580027,3798.0,1.0,1.0
0x2bcc8aefa2fc9d8e52dad098778bb0a8d08a4aa3,1,ok,3,1.0,2.0,0.3333333333333333,3.0,1.0,2.0,1.0,0.0,0.02,0.02071068,0.02,0.02,0.01035534,0.016,0.00071068,1.0,0.0,26.666666666666668,40.0,9.428090415820632,22333.333333333332,0.0,0.0,4749980,4782990,5.780935759260147,0.5189471263704104,2.8904678796300733,0.0035026481471679,0.998788207206227,3.0,2.0,1.0,3.447684386883675e-05,0.0,4.0,0.0,0.0
0x2b3f15a55a68c4c81ae8331c2fe8e90008993f51,1,ok,4,1.0,3.0,0.25,4.0,1.0,3.0,1.0,0.0,2.59,2.6,2.59,2.59,0.8666666666666667,1.5,0.0100000000000002,1.0,0.0,40.0,50.0,9.772410142846033,25250.0,0.0,0.0,5187858,5207161,3.2666538392614437,1.2244946042107596,1.0888846130871477,0.0443383570374162,1.2413231117081038,4.0,3.0,1.0,4.54469715483178e-05,0.0,5.0,0.0,0.0
0x74bb8a28a0e9f2ea3c2eb54b84b41b6a5775c4a2,0,ok,12,7.0,5.0,0.5833333333333334,10.0,5.0,5.0,0.8333333333333334,0.1666666666666666,0.227286176518482,0.23869326,0.0324694537883545,0.07941151,0.047738652,0.07968127,0.0114070834815179,0.3493899682611914,0.1666666666666666,53.6,174.0,52.111035299636875,176177.33333333334,0.0,0.0,4978508,12657251,1238.585312170138,0.0096884727132559,112.5986647427398,0.0038825289353176,1.7404992892807831,10.0,5.0,5.0,3.5229003604933746e-05,0.0,880.0,0.0,0.0
0x9a996c562e44c04712225e7fcc79b1712b81e0e6,0,ok,5,2.0,3.0,0.4,3.0,2.0,1.0,0.6,0.4,0.099118,0.0999999999999999,0.049559,0.079559,0.0333333333333333,0.08,0.0008819999999999,0.8026695453903427,0.0,21.0,21.0,0.0,21000.0,0.0,0.0,4153797,4153818,0.0050562827785809,5.0,0.0012640706946452,0.0007223261120142,0.4338301702300575,3.0,1.0,2.0,1.868796877872788e-05,0.0,966.0,0.0,1.0
0x75dbe6e21e38a05a82ad64281a9e28a627619273,1,ok,93,44.0,49.0,0.4731182795698925,38.0,23.0,32.0,0.4086021505376344,0.5913978494623656,101.10000000000002,101.39147076808928,2.2977272727272733,19.0,2.069213689144679,18.74282312,0.2914707680892547,0.1879327398615232,0.1935483870967742,57.3494623655914,100.0,15.623559709314618,30468.43010752688,0.0,0.0,4881070,5007755,22.14087873518467,4.200375292793198,0.240661725382442,0.0001751324065305,4.305361747534697,38.0,32.0,23.0,0.0004895511271878,0.0,216.0,0.0,0.0
0x6cf481c7090d88ca6f1fa3c9ffd0911ef5359808,1,ok,3,2.0,1.0,0.6666666666666666,3.0,2.0,1.0,1.0,0.0,0.24966302,0.25,0.12483151,0.23319159,0.25,0.25,0.0003369799999999,0.9340253514517288,0.0,11.666666666666666,23.0,8.65383665716478,21000.0,0.0,0.0,5832987,5843493,1.8036384647201609,1.6633045140038405,0.9018192323600804,0.1588012164334456,0.8239101465846328,3.0,1.0,2.0,2.3506716189355696e-05,0.0,4.0,0.0,0.0
0x146a6740ec4ae149e689c44f7b07ddbfe9c7abfe,0,ok,64,32.0,32.0,0.5,3.0,2.0,1.0,0.046875,0.953125,1.7475379699999998,1.7884212709101868,0.0546105615624999,0.19254688,0.0558881647159433,0.2008801836220299,0.0408833009101869,0.1101818005133244,0.0,27.0,50.0,23.0,108333.0,0.0,0.0,3949884,4308202,83.64164111722123,0.7651691088928533,1.32764509709875,0.000385234353167,2.776383907407539,3.0,1.0,2.0,1.3259960403979753e-05,0.0,1393.0,0.0,1.0
0x79424638295e0656cf6a0774c7d42cda54a57177,0,ok,4,3.0,1.0,0.75,4.0,3.0,1.0,1.0,0.0,2.01332478,1.50759839,0.67110826,1.50021,1.50759839,1.50759839,-0.50572639,0.7451405828323436,0.0,7.5,10.0,3.2015621187164243,38250.0,0.25,0.0,6449657,7293246,147.9517904587973,0.0270358336833642,49.31726348626577,0.0004947288886264,1.4141757310723164,4.0,1.0,3.0,2.3506716189355696e-05,0.0,149.0,0.0,0.0
0xe868af8aef4a14ec55fe12cd05e690eaeaae59ab,0,ok,7,6.0,1.0,0.8571428571428571,4.0,3.0,1.0,0.5714285714285714,0.4285714285714285,0.0,0.04,0.0,0.0,0.04,0.04,0.04,0.0,0.8571428571428571,39.42857142857143,61.0,13.854933549947807,153284.14285714287,0.4285714285714285,0.0,5207396,8414539,536.1228676636104,0.0130567084939046,89.35381127726839,0.0016490962963413,1.3886767970123348,4.0,1.0,3.0,1.61111773203915e-05,0.0,447.0,0.0,0.0
0xe02f2921742a6eec7ae44a18b1cca4277874bc74,1,ok,7,0.0,6.0,0.0,4.0,0.0,4.0,0.5714285714285714,0.3333333333333333,0.0,0.0,0.0,0.0,0.0,0.0,0.0,0.0,1.0,6.428571428571429,24.0,7.384484561897192,349193.4285714286,0.0,0.0,5127115,5830371,120.6501143746768,0.0580190084052603,20.108352395779463,0.0006867079629942,1.6810289872214528,4.0,4.0,0.0,2.4005249932563247e-05,0.0,165.0,0.0,0.0
0x176bb9350a357ffa2e5a0cbdafdd6e1d2737ad3d,0,ok,7,5.0,2.0,0.7142857142857143,4.0,2.0,2.0,0.5714285714285714,0.4285714285714285,12.3299812,12.333148,2.46599624,9.839,6.166574000000001,10.839,0.0031668000000006,0.7979736416791942,0.0,26.954271033428572,50.0,12.009085879831124,196142.85714285713,0.0,0.0,5712745,18125046,1929.8285646918523,0.0036272652027605,321.6380941153088,0.0809071851852867,1.3730811051755485,4.0,2.0,2.0,1.6273024830286727e-05,0.0,435.0,0.0,0.0
0x785a751b2e36b2b0fdb80100b7ca14889a768a22,1,ok,45,1.0,44.0,0.0222222222222222,38.0,1.0,37.0,0.8444444444444444,0.1555555555555555,36.78353905853662,36.68395905853662,36.78353905853662,36.78353905853662,0.8337263422394687,5.0,-0.099579999999996,1.0,0.0,30.211111111133334,116.0,25.536102741189875,48111.11111111111,0.0,0.0,5153138,5223053,11.831741344445833,3.80332857945076,0.2689032123737689,0.0,5.890726862950369,38.0,37.0,1.0,0.0003923822182723,0.0014224751066856,2397.0,0.0,3.0
0x2f80a6700e4bea478ac027f019f04a78a7538d06,1,ok,2,1.0,1.0,0.5,2.0,1.0,1.0,1.0,0.0,5.62337565,5.62436265,5.62337565,5.62337565,5.62436265,5.62436265,0.0009870000000002,1.0,0.0,36.0,47.0,11.0,21000.0,0.0,0.0,11251985,11275390,3.594825961112424,0.5563551675756501,3.594825961112424,3.594825961112424,0.0,2.0,1.0,1.0,1.3085094893848697e-05,0.0,23.0,0.0,0.0
0x94d55b6f8b53903026399ab45294140eafbfbf44,1,ok,17,1.0,16.0,0.0588235294117647,17.0,1.0,16.0,1.0,0.0,10.89973062,10.90182162,10.89973062,10.89973062,0.68136385125,2.15711272,0.002091,1.0,0.0588235294117647,55.47058823529411,99.0,25.697602650965724,111000.0,0.0,0.0,4954246,4987578,5.837513403704873,2.912198880641657,0.3648445877315545,0.0017513240735839,3.319814230537743,17.0,16.0,1.0,0.0001830494052686,0.0,1474.0,0.0,0.0
0x1c0dffa23f342a62ace37bd4eede6180c40ccbec,1,ok,6,0.0,5.0,0.0,3.0,0.0,3.0,0.5,0.4,0.0,0.0,0.0,0.0,0.0,0.0,0.0,0.0,1.0,5.333333333333333,15.0,4.459696053419884,396078.1666666667,0.0,0.0,5191447,5929663,126.8093379526392,0.0473151275518911,25.361867590527844,0.0121845866656965,1.6472091111625493,3.0,3.0,0.0,1.295755569373233e-05,0.0,165.0,0.0,0.0
0xfb6e71e0800bccc0db8a9cf326fe3213ca1a0ea0,1,ok,10,0.0,9.0,0.0,5.0,0.0,5.0,0.5,0.4444444444444444,0.0,1.00104,0.0,0.0,0.1112266666666666,1.0,1.00104,0.0,0.4,2.1681596842,8.0,2.267438490447936,73703.2,0.1,0.0,5804231,24321722,2779.9433283895833,0.0035971956326868,308.88259204328705,0.0002791411098506,2.141825751170143,5.0,5.0,0.0,6.73872269072799e-05,0.0,6.0,0.0,0.0
0xd79eb898431ea62636f08f738d10eb00446403de,1,ok,28,1.0,27.0,0.0357142857142857,26.0,1.0,25.0,0.9285714285714286,0.0714285714285714,18.734346080740316,18.73476608074032,18.734346080740316,18.734346080740316,0.6938802252126044,3.99,0.0004200000000018,1.0,0.0357142857142857,28.785714285714285,70.0,18.825053866090915,31364.285714285714,0.0,0.0,5196286,5223085,4.5352046955570025,6.173921990209333,0.1679705442798889,0.0021999948168242,3.0775041940309333,26.0,25.0,1.0,0.0002654080199469,0.0,2397.0,0.0,2.0
0x4cb2f7a5b3838e843c32c61bb795b37b94f0a7bb,0,ok,8,7.0,1.0,0.875,3.0,2.0,1.0,0.375,0.625,0.722518658789844,0.495,0.103216951255692,0.288693658789844,0.495,0.495,-0.227518658789844,0.3995656794156441,0.375,38.33136608075,133.0,41.71536971018957,613875.0,0.0,0.0,6107998,25013205,2824.5969849882385,0.002832262458155,403.5138549983198,0.0074344987035901,2.432062460534227,3.0,1.0,2.0,1.353387284437292e-05,0.0,237.0,0.0,0.0
0x3238c02f8d0e68cd5f6d0b5c035c16ce231a89a7,0,ok,7,2.0,5.0,0.2857142857142857,3.0,2.0,1.0,0.4285714285714285,0.5714285714285714,36.99911328748567,37.0,18.499556643742835,21.999559,7.4,15.0,0.0008867125143297,0.5945969253117475,0.0,35.18171778457143,41.0,9.201569067219236,70285.71428571429,0.0,0.0,4075065,4236900,38.96588206388884,0.1796443357428103,6.494313677314807,0.0161319498138295,1.5854285880859345,3.0,1.0,2.0,1.3568659454987948e-05,0.0,571.0,0.0,0.0
0x956729a9e9b2ff42a30c8bd8fbe380b2c714825b,1,ok,9,0.0,8.0,0.0,4.0,0.0,4.0,0.4444444444444444,0.5,0.0,0.0,0.0,0.0,0.0,0.0,0.0,0.0,1.0,4.111111111111111,8.0,1.594744454934147,349246.77777777775,0.0,0.0,5130538,5834092,120.70964889944428,0.0745590769425345,15.088706112430533,0.000841701850295,1.9367121587923264,4.0,4.0,0.0,1.3442688225399988e-05,0.0,165.0,0.0,0.0
0xb6ff4cc130f993224c7a335ddc69c4cede2ec711,0,ok,69,50.0,19.0,0.7246376811594203,37.0,29.0,10.0,0.5362318840579711,0.463768115942029,10.849705544394054,6.285102535429539,0.216994110887881,3.1,0.3307948702857652,1.0,-4.564603008964514,0.2857220398577307,0.5072463768115942,45.25486937392754,245.0,33.59983861542612,71266.43478260869,0.1014492753623188,0.0,4400563,14954599,1703.8444969930083,0.0404966533752188,25.056536720485415,0.0,4.156618663837176,37.0,10.0,29.0,0.000112433162227,0.0015015015015015,1474.0,0.0,1.0
0x1982b0e96a0375e5b570e8e466d423a37af34b43,1,ok,7,0.0,6.0,0.0,4.0,0.0,4.0,0.5714285714285714,0.3333333333333333,0.0,0.0,0.0,0.0,0.0,0.0,0.0,0.0,1.0,3.1571428571428575,6.0,1.7170216263361748,373062.8571428571,0.0,0.0,5128214,5834015,121.0897211518994,0.0578083749257209,20.181620191983235,0.0054936637039537,1.9807594609648576,4.0,4.0,0.0,1.320133630883191e-05,0.0,165.0,0.0,0.0
0x5756fc923de1ec561c84a8a51644e4f6d56c4fc0,0,ok,20,18.0,2.0,0.9,5.0,3.0,2.0,0.25,0.75,105.6225575,105.65586680597193,5.867919861111111,103.1666,52.827933402985956,104.1666,0.0333093059719118,0.9767477936708738,0.7,53.36323486935,210.0,50.47422659568195,119700.0,0.0,0.0,5713110,13152200,1190.0040582222243,0.0168066653737958,62.63179253801181,0.0009279066682965,1.7876988684301467,5.0,2.0,3.0,3.447684386883675e-05,0.0,880.0,0.0,0.0
0xe10270bfb1ed82e120bfc392efb3c94a1604ded6,1,ok,100,100.0,0.0,1.0,7.0,7.0,0.0,0.07,0.93,283.84418072,0.0,2.8384418072,62.78120749,0.0,0.0,-283.84418072,0.2211819433139302,0.95,20.66,60.0,13.05007279673182,238550.0,0.14,0.0,4813348,4815826,0.4339781055571856,100.0,0.0043836172278503,0.0,9.040559312225652,7.0,0.0,7.0,1.2536588509874642e-05,0.0,3798.0,0.0,0.0
0x4788aaa49a514f492c1e6e7d5cc4fecb92daa458,0,ok,5,3.0,2.0,0.6,5.0,3.0,2.0,1.0,0.0,5000.99874,5001.0,1666.99958,4249.230364559179,2500.5,4336.368122815086,0.001260000000002,0.8496763517599245,0.0,20.0,20.0,0.0,34800.0,0.0,0.0,3592773,3592859,0.0151528337018357,5.0,0.0037882084254589,0.0001761957395959,1.491457557939755,5.0,2.0,3.0,3.447684386883675e-05,0.0,10.0,0.0,0.0
0xaca33c43bd8deac8e1d144baa51fe9c7dd7b010f,1,ok,44,42.0,2.0,0.9545454545454546,39.0,39.0,1.0,0.8863636363636364,0.1136363636363636,740.55,740.7,17.632142857142856,350.0,370.35,739.0,0.1500000000000909,0.4726217000877726,0.8181818181818182,60.0,60.0,0.0,167454.54545454544,0.0,0.0,3999817,4031191,7.545273520416684,5.831465205461514,0.1754714772189926,0.0,3.566106668528614,39.0,1.0,39.0,1.4069711650160452e-05,0.0863697705802968,3798.0,1.0,3.0
0x9ea05f646db3becdc9ca08295249987597c13157,0,ok,4,2.0,2.0,0.5,3.0,2.0,1.0,0.75,0.25,2.851488,2.85321,1.425744,2.751488,1.426605,2.65821,0.0017219999999995,0.9649305906249648,0.0,73.0,105.0,32.0,25500.0,0.0,0.0,5103223,8030709,494.0314612362976,0.0080966503428549,164.67715374543252,0.0010899674064583,1.4129287030401003,3.0,1.0,2.0,1.3964314841849396e-05,0.0,800.0,0.0,0.0
0xb37da5c9179345341fe50d37cfc961ba47c01f9a,1,ok,23,3.0,20.0,0.1304347826086956,21.0,2.0,19.0,0.9130434782608696,0.0869565217391304,31.001688092,31.005750092,10.333896030666669,15.501688092,1.5502875046,11.30058,0.0040619999999975,0.5000272258077526,0.0,38.56521739130435,99.0,20.410624017379476,80617.39130434782,0.0,0.0,4907094,4918559,2.007893050925599,11.454793366308756,0.0912678659511636,0.0005253972223511,2.5651952937474904,21.0,19.0,2.0,0.00022096901442,0.0,27.0,0.0,0.0
0xf5fa80a87740e04b2f334b539f28b193b54a720b,0,ok,10,7.0,3.0,0.7,3.0,1.0,2.0,0.3,0.7,84.52978655,12.07750891,12.075683792857143,12.07706791,4.0258363033333335,11.94137663,-72.45227763999999,0.1428735171696704,0.0,20.7,21.0,0.4582575694955839,43100.0,0.6,0.0,4099823,4153800,12.9963321664819,0.7694478620506815,1.444036907386878,0.0007223261120142,2.821472299286445,3.0,2.0,1.0,3.447684386883675e-05,0.0,4.0,0.0,0.0
0x8c17c9ea45ae4c0e873e1960004cd003c3816e87,0,ok,78,8.0,70.0,0.1025641025641025,8.0,5.0,3.0,0.1025641025641025,0.8974358974358975,13.55214460597074,13.561349843418425,1.6940180757463426,8.0,0.1937335691916917,1.0,0.0092052374476825,0.5903124732358151,0.0,5.433333333333333,91.0,15.87949546013273,47358.97435897436,0.0,0.0,4828987,11649088,1109.2850341064814,0.070315561466876,14.406299144240018,0.0155043884256371,4.197827073417515,8.0,3.0,5.0,2.6415147424264183e-05,0.0,1393.0,0.0,0.0
0x44fcd444d21927fdc906f63a50bb2a4cdaba170a,0,ok,21,10.0,11.0,0.4761904761904761,11.0,4.0,7.0,0.5238095238095238,0.4761904761904761,37.52129641,37.52908261,3.752129641,11.397,3.411734782727273,12.397,0.0077862000000052,0.3037475004984776,0.0476190476190476,28.29980766290476,52.0,15.583416162492798,174266.66666666666,0.0,0.0,5712853,18633905,2001.0515718157396,0.0104944821491755,100.05257859078698,0.0002800033324294,2.7068172444332532,11.0,7.0,4.0,4.844195012515269e-05,0.0181818181818181,435.0,0.0,0.0
0xac82537fae701b2046f62bb718c4857787b0b647,1,ok,64,1.0,63.0,0.015625,63.0,1.0,62.0,0.984375,0.015625,81.91875101345676,81.92452801345677,81.91875101345676,81.91875101345676,1.3003893335469328,30.0,0.005777000000009,1.0,0.0,53.00196875,150.0,35.3190117951582,44393.75,0.0,0.0,4860029,4910033,8.757320899999252,7.308171155405013,0.1390050936507817,0.00017513240929,3.4818712741848956,63.0,62.0,1.0,0.0006192090192662,0.0,99.0,0.0,0.0
0x89c98cc6d9917b615257e5704e83906402f0f91f,1,ok,78,33.0,45.0,0.4230769230769231,64.0,28.0,37.0,0.8205128205128205,0.1794871794871795,799.1591238600246,799.1989844460246,24.216943147273472,561.8,17.75997743213388,499.0,0.0398605860000316,0.702988908249518,0.3461538461538461,36.217948717948715,60.0,14.923434879837645,94598.70512820513,0.0384615384615384,0.0,4146676,5267389,214.6194274759265,0.3634340139536022,2.787265291895149,0.0,5.40313323340992,64.0,37.0,28.0,0.0004264930573798,0.0,3798.0,0.0,0.0
0xc885bee974b2726f1d39f7921edf1fa226469d55,0,ok,10,3.0,7.0,0.3,10.0,3.0,7.0,1.0,0.0,10000.99874,10001.0,3333.666246666666,7831.98771880778,1428.7142857142858,4614.269399589345,0.0012600000009115,0.7831205584981186,0.0,20.0,20.0,0.0,27900.0,0.0,0.0,3279177,3279198,0.0035147369432228,10.0,0.0003905263270247,0.0,1.807015805925773,10.0,7.0,3.0,7.877240298708905e-05,0.0,54.0,0.0,1.0
0x501577cd4865d7d50664a1519a79f1c0e7069154,1,ok,26,1.0,25.0,0.0384615384615384,26.0,1.0,25.0,1.0,0.0,103.79725859,103.80169859,103.79725859,103.79725859,4.1520679436,18.0,0.0044400000000024,1.0,0.0,37.565442008615385,60.0,20.75784292902504,125161.53846153848,0.0,0.0,4420883,4821264,72.70283262944608,0.357620178742107,2.908113305177843,0.0,4.840859516523148,26.0,25.0,1.0,0.0002813047166571,0.0,50.0,0.0,0.0
0xf88a3430860a3721ce70fe37a9b27049ae9ba10e,0,ok,5,3.0,2.0,0.6,5.0,3.0,2.0,1.0,0.0,1000.9968159273864,1001.0,333.66560530912875,664.0068258604698,500.5,700.3169398200798,0.0031840726137488,0.6633455924085955,0.0,49.924501084400006,51.311252711,1.1322779617148635,34800.0,0.0,0.0,3917528,3917584,0.0107865618528039,5.0,0.0026966404632009,0.0001926171779632,1.013933540183462,5.0,2.0,3.0,3.300215611525146e-05,0.0,41.0,0.0,0.0
0xc8256c1344910df8c0b2e0ea255ec41fed53fa63,0,ok,44,24.0,20.0,0.5454545454545454,29.0,19.0,11.0,0.6590909090909091,0.3409090909090909,139.88415462764664,139.91036318564662,5.82850644281861,24.83135734,6.995518159282331,34.16600441,0.0262085579999791,0.1775137248825489,0.0,29.063636363636363,90.0,18.061046618584363,41784.36363636364,0.0,0.0,4030747,5466308,276.018373521296,0.1594096778365561,6.419031942355721,0.0011846125926132,1.4914480851166838,29.0,11.0,19.0,0.000596791770223,0.0073891625615763,1443.0,0.0,2.0
0x9cdfc5b0aca4527a0916412e9dbd6ad85556a494,1,ok,21,1.0,20.0,0.0476190476190476,20.0,1.0,19.0,0.9523809523809524,0.0476190476190476,15.354139,15.355,15.354139,15.354139,0.76775,1.0,0.0008610000000004,1.0,0.0476190476190476,61.561904664380954,300.0,56.687199095171174,151580.95238095237,0.0,0.0,5128885,5164988,6.109724061480827,3.4371437709267325,0.3054862030740413,0.0,4.136374495982897,20.0,19.0,1.0,0.00022096901442,0.0,21.0,0.0,0.0
0x9aa722c9b6e63325797e1b2f8ff6873e44dd17c1,1,ok,3,1.0,2.0,0.3333333333333333,3.0,1.0,2.0,1.0,0.0,2.15197339,2.1524143899999997,2.15197339,2.15197339,1.0762071949999998,1.15241439,0.0004409999999994,1.0,0.0,21.0,21.0,0.0,80666.66666666667,0.0,0.0,4291964,4294053,0.4951189190728797,3.0,0.2475594595364398,0.1045224716652322,0.5777884155145889,3.0,2.0,1.0,3.447684386883675e-05,0.0,19.0,0.0,0.0
0x0c9d1b3ca852c67bbeabeeb51e9482a845d56868,1,ok,8,2.0,6.0,0.25,7.0,1.0,6.0,0.875,0.0,110.914980034,110.9168500000001,55.457490017,110.914980034,18.486141666666683,61.0,0.0018699660001004,1.0,0.125,19.43139837975,25.0,5.811401746855614,110130.875,0.0,0.0,3851538,20210402,2577.066622174537,0.0031043046893562,368.15237459636234,0.0053932809250222,2.4478016016618356,7.0,6.0,1.0,7.287229074702043e-05,0.0,51.0,0.0,0.0
0x8b73747c0595906e52469a772d57e5dae64c3c7c,0,ok,7,2.0,5.0,0.2857142857142857,7.0,2.0,5.0,1.0,0.0,0.752853776081578,0.7537709704760022,0.376426888040789,0.750975,0.1507541940952004,0.2426236536759428,0.0009171943944241,0.997504460837858,0.0,20.525131934857143,22.015163997,0.8356916181658856,30857.14285714286,0.0,0.0,3061782,3092058,5.0137826916658215,1.3961514549954022,0.8356304486109702,0.0,2.235536240937683,7.0,5.0,2.0,6.73872269072799e-05,0.0,8.0,0.0,0.0
0xca4da1753336aa8340710e0e1a8c0bee2bfbf56c,1,ok,24,5.0,19.0,0.2083333333333333,21.0,4.0,18.0,0.875,0.125,67.11056357116168,67.11276857116168,13.422112714232336,14.5,3.532250977429562,19.988068,0.0022050000000035,0.2160613654305661,0.0,26.0,60.0,12.14495780149112,96250.04166666669,0.0,0.0,4291255,4410281,28.21063880407424,0.8507428763553511,1.226549513220619,0.0028441488880802,4.289772766665784,21.0,18.0,4.0,0.0002762472061283,0.0,99.0,0.0,0.0
0x79a9e902cfbe87fa5065905293992c15de7f6095,1,ok,13,6.0,7.0,0.4615384615384615,11.0,5.0,6.0,0.8461538461538461,0.1538461538461538,3.01136764044624,3.015000000000001,0.50189460674104,1.0,0.4307142857142857,1.016,0.0036323595537606,0.3320750301520191,0.1538461538461538,23.15383681176923,57.999878553,14.135835105760414,31615.384615384617,0.0,0.0,5130737,19425002,2211.6926325303702,0.0058778511122166,184.30771937753084,0.0003366807406699,3.26899128787442,11.0,6.0,5.0,6.28163403741628e-05,0.0,33.0,0.0,0.0
0x28deee2084fdffe0d5f878c971c4783a499e867d,0,ok,13,9.0,4.0,0.6923076923076923,9.0,7.0,2.0,0.6923076923076923,0.3076923076923077,6.11026039784901,6.1286000000000005,0.6789178219832234,3.0,1.53215,2.8513,0.0183396021509905,0.4909774387121189,0.3076923076923077,56.38461568684616,135.000001123,42.6948720133322,179273.3076923077,0.0,0.0,4695311,13016905,1343.8111326560186,0.0096739784960002,111.9842610546682,0.0103328120349733,2.527729666912746,9.0,2.0,7.0,1.3665787768461077e-05,0.0,436.0,0.0,0.0
0x1f569e72297b280cf3a9b80dbc87233ae09cba8b,0,ok,24,12.0,12.0,0.5,6.0,4.0,4.0,0.25,0.75,924.7150887493808,18.442207749380746,77.05959072911507,265.23,1.5368506457817288,15.08,-906.272881,0.2868234802556396,0.0,21.958333333333332,98.0,16.349003962185453,91333.70833333331,0.0,0.0,1951316,4870207,531.0193115324086,0.045196096410771,23.087796153582985,0.0023114061134832,2.2826920730294185,6.0,4.0,4.0,3.8599822047713694e-05,0.0666666666666666,1541.0,0.0,1.0
0x0ef2724a6d8be9f72f3d35b62e1e8a37ceaf721e,1,ok,19,5.0,14.0,0.2631578947368421,18.0,4.0,14.0,0.9473684210526316,0.0526315789473684,66.93206871000001,66.93618470999999,13.386413742000002,32.2,4.781156050714285,24.35,0.004115999999982,0.4810847867188236,0.0,48.3288300328421,64.0,12.741690774326612,103510.52631578948,0.0,0.0,4927492,4979388,9.08867141481351,2.090514568392487,0.5049261897118617,0.0012259268512328,1.9896361318948697,18.0,14.0,4.0,0.0001551482483431,0.0,99.0,0.0,0.0
0xa8eb559eeb38c6cb6a8bc6c39badd86b113cd875,1,ok,0,0.0,0.0,0.0,0.0,0.0,0.0,0.0,0.0,0.0,0.0,0.0,0.0,0.0,0.0,0.0,0.0,0.0,0.0,0.0,0.0,0.0,0.0,0.0,0,0,0.0,0.0,0.0,0.0,0.0,0.0,0.0,0.0,0.0,0.0,0.0,0.0,0.0
0x3f45616cfb992988943ff3ba00e8c0aa46b4540a,0,ok,100,94.0,6.0,0.94,8.0,7.0,1.0,0.08,0.92,281.16837469399997,200.37611181103705,2.9911529222765956,75.53,33.39601863517284,67.49125799574028,-80.79226288296294,0.2686290735300529,0.0,86.93528571429,223.428571429,43.08966770680418,30758.0,0.0,0.0,10832633,12192764,209.15880578828907,0.4781056175144745,2.112715209982718,0.0001535087961841,5.025774696597645,11.0,2.0,9.0,4.280032765218165e-05,0.0181818181818181,966.0,0.0,2.0
0x7e3d7d8e31b3f472fcd3c1552a9f009131c50c6c,1,ok,100,55.0,45.0,0.55,96.0,54.0,42.0,0.96,0.04,561.5957401007229,50.574316513986695,10.21083163819496,561.4,1.1238737003108157,9.870597915649162,-511.0214235867362,0.9996514572908124,0.53,21.712,60.0,6.536746591386268,91072.63,0.0,0.0,4415309,5271677,151.28311255981524,0.6610123120018527,1.5281122480789415,0.0,5.237533292825199,96.0,42.0,54.0,0.0004623118233685,0.0,3798.0,0.0,0.0
0xa5797ea738abf85db7b3f2e04a4a40a5180044a8,1,ok,2,1.0,1.0,0.5,2.0,1.0,1.0,1.0,0.0,0.09916,0.1,0.09916,0.09916,0.1,0.1,0.00084,1.0,0.0,39.0,40.0,1.0,21000.0,0.0,0.0,4695377,4741869,7.712183361111416,0.2593299337364013,7.712183361111416,7.712183361111416,0.0,2.0,1.0,1.0,2.3506716189355696e-05,0.0,3.0,0.0,0.0
0xf902aa3a62f9e28878129e1a8f1eb71e4fd7a88c,1,ok,100,13.0,87.0,0.13,52.0,5.0,47.0,0.52,0.48,175.68206320000002,173.5974277482146,13.514004861538464,174.34124633000002,1.995372732738099,86.86238636,-2.0846354517854024,0.9923679353169164,0.05,30.908469647320004,84.59375,19.06992859964613,95436.15,0.01,0.0,4111735,10712917,1113.1534405064335,0.0898348748349595,11.243974146529627,0.0,8.68255358250456,52.0,47.0,5.0,0.0003801774424989,0.0037707390648567,542.0,0.0,4.0
0xf245e09a1b42f847b120558f0c6e08f821be23f7,1,ok,7,0.0,6.0,0.0,4.0,0.0,4.0,0.5714285714285714,0.3333333333333333,0.0,0.0,0.0,0.0,0.0,0.0,0.0,0.0,1.0,3.7142857142857144,5.0,1.1605769149479943,373090.28571428574,0.0,0.0,5191039,5830067,109.7800423739354,0.0637638668070142,18.29667372898923,0.0005150309729355,1.8038523507884845,4.0,4.0,0.0,1.320133630883191e-05,0.0,165.0,0.0,0.0
0x148e87a05ca90c0636ef1359376793f89015914c,0,ok,25,12.0,13.0,0.48,10.0,4.0,6.0,0.4,0.6,9.999158476,9.956628,0.8332632063333333,2.737322,0.7658944615384615,2.737742,-0.0425304759999995,0.2737552371602196,0.08,33.50705552044,90.0,21.430737936048033,63198.64,0.0,0.0,4761851,18125989,2093.479739983148,0.0119418399531304,87.22832249929785,0.0015230733321772,2.338727011149787,10.0,6.0,4.0,5.060278522821556e-05,0.0,2397.0,0.0,0.0
0x0bdd81d2a676166f2a28691e8af64ebeeca67fae,1,ok,7,0.0,6.0,0.0,4.0,0.0,4.0,0.5714285714285714,0.3333333333333333,0.0,0.0,0.0,0.0,0.0,0.0,0.0,0.0,1.0,4.0,7.0,1.6035674514745464,375237.28571428574,0.0,0.0,5191068,5830272,109.81032847629652,0.0637462804922854,18.301721412716088,0.0006867079629942,1.803723914835832,4.0,4.0,0.0,1.320133630883191e-05,0.0,165.0,0.0,0.0
0x6429b6564711411d6ba9e079a8a1289083146f32,0,ok,12,9.0,3.0,0.75,6.0,4.0,2.0,0.5,0.5,2.318549411,2.3533892400000003,0.2576166012222222,1.001134494,0.7844630800000001,1.16844617,0.034839829,0.4317934693348659,0.4166666666666667,29.583333333333332,65.0,15.418918754424892,388069.1666666667,0.0,0.0,4019597,4885073,179.85461528814778,0.0667205563825794,16.350419571649798,0.0019262029616921,1.8901324048440484,6.0,2.0,4.0,2.187564682641872e-05,0.0,740.0,0.0,0.0
0x4541c7745c82df8c10bd4a58e28161534b353064,1,ok,2,1.0,1.0,0.5,2.0,1.0,1.0,1.0,0.0,5.78653227,5.78741427,5.78653227,5.78653227,5.78741427,5.78741427,0.0008819999999998,1.0,0.0,34.0,42.0,8.0,21000.0,0.0,0.0,11252103,11275402,3.578545185556566,0.5588863340533572,3.578545185556566,3.578545185556566,0.0,2.0,1.0,1.0,1.3085094893848697e-05,0.0,23.0,0.0,0.0
0xaa2498d85ba7559006f90110a4bc33c10a06c1af,1,ok,89,8.0,81.0,0.0898876404494382,70.0,8.0,62.0,0.7865168539325843,0.2134831460674157,51.92081399,51.12590099,6.49010174875,7.11609852,0.6311839628395062,2.0,-0.7949130000000011,0.1370567595756601,0.0224719101123595,35.39613332551685,118.0,28.84529903370463,50551.573033707864,0.0,0.0,5111793,5221551,18.574386991110664,4.791544401578025,0.2110725794444393,0.0,5.528432871027094,70.0,62.0,8.0,0.0006805890401353,0.0012422360248447,1148.0,0.0,4.0
0xd912289c9f079b0655737a55fd5d745501ecefc7,1,ok,2,1.0,1.0,0.5,2.0,1.0,1.0,1.0,0.0,0.099139,0.1,0.099139,0.099139,0.1,0.1,0.000861,1.0,0.0,45.5,50.0,4.5,110500.0,0.0,0.0,4560515,4970743,70.09139325138871,0.028534173843953,70.09139325138871,70.09139325138871,0.0,2.0,1.0,1.0,1.802165234961517e-05,0.0,373.0,0.0,0.0
0xf0fc2d4d550253d8c165c599e0cccf221c7eb7b5,1,ok,3,1.0,2.0,0.3333333333333333,3.0,1.0,2.0,1.0,0.0,15.194556769999998,15.19499777,15.194556769999998,15.194556769999998,7.597498885,15.0,0.0004410000000021,1.0,0.0,30.333333333333332,50.0,13.912424503139473,87000.0,0.0,0.0,4507410,5260308,128.06724788499926,0.0234251930102684,64.03362394249964,0.0897421319451597,0.998598515492021,3.0,2.0,1.0,3.447684386883675e-05,0.0,4.0,0.0,0.0
0xcd63bb3586e871611cc60befcadf8e56bc7aeea3,1,ok,4,0.0,3.0,0.0,2.0,0.0,2.0,0.5,0.3333333333333333,0.0,0.1,0.0,0.0,0.0333333333333333,0.05,0.1,0.0,0.5,2.0,3.0,0.7071067811865476,4197068.25,0.5,0.0,5213304,5285773,12.23211774037116,0.3270079707292473,4.077372580123721,3.957446292222098,0.0239247142260854,2.0,2.0,0.0,2.355895489259132e-05,0.0,165.0,0.0,0.0
0xc485f51b974556be470572b5f5cf6a4bead47ff1,0,ok,4,2.0,2.0,0.5,2.0,1.0,2.0,0.5,0.5,0.10845,0.11,0.054225,0.1,0.055,0.1,0.0015499999999999,0.9220839096357768,0.0,32.275000064,50.0,18.139097883676573,56550.0,0.0,0.0,5678612,7973700,386.797832035185,0.0103413195957006,128.932610678395,0.0024623925901121,1.4141846240917908,2.0,2.0,1.0,0.0004221995311655,0.0,103.0,0.0,0.0
0x2315314c5cadb895c2c9982b847fd6f6a32d6129,1,ok,2,1.0,1.0,0.5,2.0,1.0,1.0,1.0,0.0,5.54105297,5.54203997,5.54105297,5.54105297,5.54203997,5.54203997,0.0009870000000002,1.0,0.0,35.63077526,47.0,11.36922474,21000.0,0.0,0.0,11251933,11275385,3.602044795555649,0.5552401798188857,3.602044795555649,3.602044795555649,0.0,2.0,1.0,1.0,1.3085094893848697e-05,0.0,23.0,0.0,0.0
0x35e0e7214dc72396f017a7fb217caac05fd5f123,0,ok,7,2.0,5.0,0.2857142857142857,5.0,2.0,3.0,0.7142857142857143,0.2857142857142857,1.4853945203723835,1.48759902,0.7426972601861919,1.3853945203723836,0.297519804,0.52161732,0.0022044996276162,0.93267781816313,0.0,29.17811297828571,57.046790848,15.56112558929288,556000.0,0.0,0.0,4294255,18629044,2256.2191039464815,0.0031025355594923,376.0365173244136,21.967082374998263,1.9024430300266408,5.0,3.0,2.0,1.6837365396865053e-05,0.0,1541.0,0.0,1.0
0xeed7f92da9883bd0be475681f0a7a223715afd03,0,ok,100,58.0,42.0,0.58,18.0,6.0,12.0,0.18,0.82,605.4452765542513,605.4750977200001,10.438711664728473,34.1170768312,14.4160737552381,25.805,0.0298211657487854,0.0563503889655713,0.18,42.801920670399994,239.0,40.664206000364,85920.0,0.0,0.0,5904214,9494539,592.1753782250926,0.1688688920159542,5.981569477021137,0.0003433539828768,9.324213660032296,18.0,12.0,6.0,0.0001228829741197,0.0065359477124183,559.0,0.0,1.0
0xd6ed0c14a004f073c693749860ac7e1eb9af2b62,0,ok,15,2.0,13.0,0.1333333333333333,15.0,2.0,13.0,1.0,0.0,1999.99916,2000.0,999.99958,1999.89916,153.84615384615384,1423.5284361483025,0.0008400000001529,0.999949999979,0.0,20.0,20.0,0.0,25600.0,0.0,0.0,3389161,3389236,0.0125526319444179,15.0,0.0008966165674584,0.0,2.6825195453742077,15.0,13.0,2.0,0.0001551482483431,0.0,16.0,0.0,0.0
0xd9cd7461f960e56364a294f124aac77b25e2b784,1,ok,17,12.0,5.0,0.7058823529411765,12.0,9.0,4.0,0.7058823529411765,0.2941176470588235,19.4383619709,18.993363441,1.619863497575,17.947682411,3.7986726882,16.651041005,-0.4449985299000012,0.923312490932538,0.4705882352941176,51.88235294117647,73.0,13.40711993874535,58048.705882352944,0.0,0.0,4988184,5052239,10.909789843705518,1.5582334988614168,0.6818618652315948,0.0005076911107257,3.562574459943873,12.0,4.0,9.0,3.6824722762236506e-05,0.0151515151515151,1148.0,0.0,0.0
0x7f2b4801c338a7b3cc322bfaf151afea8708e8e0,1,ok,2,1.0,1.0,0.5,2.0,1.0,1.0,1.0,0.0,2.49958,2.5,2.49958,2.49958,2.5,2.5,0.00042,1.0,0.0,30.0,40.0,10.0,21000.0,0.0,0.0,4767967,4800370,5.674815397223941,0.3524343718702072,5.674815397223941,5.674815397223941,0.0,2.0,1.0,1.0,2.3506716189355696e-05,0.0,3.0,0.0,0.0
0x521547bf78e625124229aedb9ba22a23c0645faf,0,ok,10,8.0,2.0,0.8,6.0,4.0,2.0,0.6,0.4,0.7916933714107688,0.545,0.0989616714263461,0.389862,0.2725,0.495,-0.2466933714107687,0.4924406519979826,0.1,47.742266863000005,133.0,43.95524155468118,413181.7,0.0,0.0,6107826,25125330,2840.275395661203,0.0035207853489404,315.586155073467,0.0010137952781385,2.718078982419254,6.0,2.0,4.0,2.450400052385397e-05,0.0,237.0,0.0,0.0
0x578fabc9127517e073a85360df57c5d3c3bff198,0,ok,4,2.0,1.0,0.5,3.0,2.0,1.0,0.75,0.0,0.4975537931464079,0.4980513,0.2487768965732039,0.4963413,0.4980513,0.4980513,0.000497506853592,0.9975630913418618,0.0,8.422700638,10.0,2.731962633729975,92750.0,0.0,0.25,4491444,22594619,2763.8462656650004,0.001447258499755,921.282088555,0.8807381059256969,1.408268909183582,3.0,1.0,2.0,1.269094304882091e-05,0.0,1143.0,0.0,0.0
0xa449a18118f0f906af852f437226f148a77f28a0,0,ok,5,4.0,1.0,0.8,5.0,4.0,1.0,1.0,0.0,7.678227290000001,7.67906729,1.9195568225,4.45213953,7.67906729,7.67906729,0.0008399999999992,0.5798395074600611,0.0,9.717241946800002,11.000000001,2.5655161069,21000.0,0.0,0.0,6830857,15557257,1381.5762602693533,0.0036190546579203,345.3940650673383,0.0013335092586499,1.7320190436439606,5.0,1.0,4.0,1.2952575173260993e-05,0.0,818.0,0.0,0.0
0x5d1bcbde56db05bead0ff7c87c9dc85baf98ab32,1,ok,5,2.0,3.0,0.4,5.0,2.0,3.0,1.0,0.0,2.3642918799999997,2.36693288,1.1821459399999998,1.66429188,0.7889776266666667,1.2,0.0026410000000005,0.7039282645592811,0.0,51.4,99.0,25.63279149839128,50800.0,0.0,0.0,4908763,4928579,3.470423785183165,1.4407462343208053,0.8676059462957912,0.0628725342590499,0.8682903460389949,5.0,3.0,2.0,4.54469715483178e-05,0.0,27.0,0.0,0.0
0x41dfc5797c8043a2f4f7e7abf71291064e091fc6,1,ok,12,4.0,8.0,0.3333333333333333,6.0,2.0,4.0,0.5,0.5,242.298236,242.3,60.574559,121.0,30.2875,100.0,0.0017640000000085,0.4993845683630978,0.0,21.0,21.0,0.0,84000.0,0.0,0.0,3976740,4016264,8.396246135739817,1.429210126287305,0.7632951032490743,0.0,2.6100807603612655,6.0,4.0,2.0,4.2467317128167976e-05,0.3333333333333333,3798.0,1.0,3.0
0x96fc4553a00c117c5b0bed950dd625d1c16dc894,0,ok,100,62.0,38.0,0.62,68.0,58.0,10.0,0.68,0.32,138.5814562760132,137.99992822849998,2.2351847786453742,44.495001892279205,3.631577058644736,49.99,-0.581528047513217,0.321074717267066,0.03,12.59124461986,42.0,11.025076767845253,26328.0,0.0,0.0,8071614,25323607,2539.5819406516657,0.0393765597397261,25.652342834865312,0.0,5.125593918992797,85.0,11.0,74.0,0.0001440568063927,0.003641456582633,1443.0,0.1176470588235294,17.0
0x685445fe51b31790538890a6468851afbf7a0519,1,ok,100,70.0,30.0,0.7,82.0,68.0,27.0,0.82,0.18,169.86209402386658,110.92776091828166,2.4266013431980937,169.4,3.697592030609389,40.19783000000002,-58.93433310558491,0.9972795930338546,0.53,30.94,60.0,16.144237361981517,94574.44,0.0,0.0,4213028,5267411,198.64720358925837,0.5034050225381949,2.0065374099925086,0.0,6.073161613656904,82.0,27.0,68.0,0.0003532785417312,0.0,3798.0,0.0,0.0
0xee2c2c2dcd952429147b62fd4dcd7f565313e419,1,ok,23,4.0,19.0,0.1739130434782608,15.0,4.0,11.0,0.6521739130434783,0.3478260869565217,29.08174,29.091,7.270435,9.08174,1.5311052631578947,20.0,0.0092600000000011,0.3122832402737938,0.0434782608695652,25.37615715321739,60.0,11.323812055275775,51008.69565217391,0.0,0.0,3964897,4131819,38.50020927337861,0.5973993501355745,1.7500095124263,0.0,3.8124758894249497,15.0,11.0,4.0,0.0001403908483734,0.0,836.0,0.0,0.0
0x59def583b16c9e14f0d41778dd4155c9f74429b9,0,ok,29,5.0,24.0,0.1724137931034483,5.0,4.0,1.0,0.1724137931034483,0.8275862068965517,0.003547493483906,0.013608,0.0007094986967812,0.002000813487626,0.000567,0.000567,0.010060506516094,0.564007656871856,0.1034482758620689,55.871349233413795,67.0,15.506873009141025,54206.89655172414,0.0,0.0,4689595,25662744,3158.587911014165,0.0091813179867102,112.80671110764877,0.000331763887295,4.806984179359378,5.0,1.0,4.0,1.4979969972482371e-05,0.0,1148.0,0.0,0.0
0xbbfc88506c67daddacf02383496d035d82d4f076,0,ok,3,2.0,1.0,0.6666666666666666,3.0,2.0,1.0,1.0,0.0,0.008111522,0.011,0.004055761,0.008111522,0.011,0.011,0.002888478,1.0,0.3333333333333333,49.0,65.0,11.31370849898476,31386.0,0.0,0.0,5390268,12442060,1135.5309651511106,0.0026419358802785,567.7654825755553,0.0819817603710624,0.9998556062971647,3.0,1.0,2.0,2.3506716189355696e-05,0.0,3798.0,0.0,0.0
0xc0ded1d24c071ca13a905ec5e54a6ffdd0c4df68,1,ok,9,1.0,8.0,0.1111111111111111,9.0,1.0,8.0,1.0,0.0,60.539236,60.539677000000005,60.539236,60.539236,7.567459625000001,43.34,0.0004410000000021,1.0,0.0,25.22222222222222,40.0,7.899054483189432,105466.77777777778,0.0,0.0,4288581,4290873,0.5432324377778504,9.0,0.0679040547222313,0.0033181737059796,1.401499390915052,9.0,8.0,1.0,0.0001002976099457,0.0,3798.0,0.0,0.0
0x93855974409b786bf79379086ce76bb91ede9e86,0,ok,4,2.0,2.0,0.5,3.0,2.0,1.0,0.75,0.25,3.113474454094996,3.115000138,1.556737227047498,3.094524454094996,1.557500069,3.095000138,0.0015256839050041,0.9939135521169684,0.0,41.162903631,50.0,11.175387009002373,46000.5,0.0,0.0,3910676,3968262,11.0920526928703,0.3606185537300145,3.697350897623433,0.0025040232859275,1.4054167171952905,3.0,1.0,2.0,2.3506716189355696e-05,0.0,4.0,0.0,0.0
0x603222c1f5d674ef0eb0ed01269be47b722ada4c,0,ok,18,10.0,8.0,0.5555555555555556,14.0,7.0,7.0,0.7777777777777778,0.2222222222222222,4.02044741,4.15137775,0.402044741,1.0,0.51892221875,1.15083,0.1309303399999999,0.2487285364093346,0.1111111111111111,43.00555944444445,180.0,38.99502116201738,49126.5,0.0,0.0,4733614,13830116,1464.5257775681466,0.0122906679252099,86.14857515106745,0.0086258611110625,3.040412921435393,14.0,7.0,7.0,6.064219438420976e-05,0.0,94.0,0.0,0.0
0x210f86e04c110c73716beeac62c712108d046833,0,ok,81,41.0,40.0,0.5061728395061729,4.0,2.0,2.0,0.0493827160493827,0.9506172839506172,2.7391750123195635,2.79802277,0.0668091466419405,0.38874734,0.06995056925,0.39159381,0.0588477576804362,0.141921322387796,0.0,31.572750731444444,119.988,19.83680156231903,111859.95061728396,0.0,0.0,3881786,19474523,2468.228580993795,0.0328170577975345,30.852857262422436,0.0007110372213301,8.0209863196437,4.0,2.0,2.0,1.446092530117275e-05,0.0,1541.0,0.0,0.0
0x4d9c17e91716ee9373fe185542422b34b52cd339,0,ok,17,10.0,7.0,0.5882352941176471,6.0,3.0,3.0,0.3529411764705882,0.6470588235294118,24.236223059,24.23842897,2.4236223059,10.999916,3.4626327100000003,11.0,0.0022059110000007,0.4538626325241398,0.3529411764705882,9.287132352941176,50.0,15.070927967769224,81317.64705882352,0.0,0.0,5301124,8962434,607.1840237278712,0.0279981016226788,37.94900148299195,0.1119463462962044,1.9527965803055376,6.0,3.0,3.0,4.26158781763845e-05,0.0,435.0,0.0,0.0
0xd5ce086a9d4987adf088889a520de98299e10bb5,1,ok,2,1.0,1.0,0.5,2.0,1.0,1.0,1.0,0.0,5.86453153,5.86541353,5.86453153,5.86453153,5.86541353,5.86541353,0.0008819999999998,1.0,0.0,34.500550000000004,42.0,7.49945,21000.0,0.0,0.0,11252133,11275406,3.574551787779287,0.559510707562727,3.574551787779287,3.574551787779287,0.0,2.0,1.0,1.0,1.3085094893848697e-05,0.0,23.0,0.0,0.0
0x7f85a82a2da50540412f6e526f1d00a0690a77b8,1,ok,2,1.0,1.0,0.5,2.0,1.0,1.0,1.0,0.0,5.60885129,5.60973329,5.60885129,5.60885129,5.60973329,5.60973329,0.0008820000000007,1.0,0.0,35.5,42.0,6.5,21000.0,0.0,0.0,11252203,11275440,3.5690224677793405,0.5603775313985085,3.5690224677793405,3.5690224677793405,0.0,2.0,1.0,1.0,1.3085094893848697e-05,0.0,23.0,0.0,0.0
0x7eb28833082eb28fd423ab30df20afde98c47dbf,1,ok,67,3.0,64.0,0.044776119402985,64.0,3.0,61.0,0.9552238805970148,0.044776119402985,68.87802660994191,68.88054660994192,22.95934220331397,38.249013304991905,1.0762585407803424,5.0,0.002520000000004,0.5553151736125815,0.0,38.31994646423881,100.0,18.86221471447427,43980.59701492537,0.0,0.0,5014060,5508009,83.4219706259254,0.80314573603681,1.2639692519079606,0.0001692303711617,6.317271289276886,64.0,61.0,3.0,0.0006488255933617,0.0,377.0,0.5,2.0
0xc94a6e7776bade5da316cf6fd8c751fb0d5c3c5e,1,ok,9,0.0,8.0,0.0,3.0,0.0,3.0,0.3333333333333333,0.625,0.0,0.0,0.0,0.0,0.0,0.0,0.0,0.0,1.0,9.22222222222222,22.0,8.791129086601103,202036.33333333337,0.1111111111111111,0.0,4260092,5846345,287.01896175365755,0.031356813309514,35.877370219207194,0.0015450929160471,1.4065289363141662,3.0,3.0,0.0,4.54469715483178e-05,0.0,4.0,0.0,0.0
0x941f0264634b2f85f7b901093a8abdbd66cbe819,0,ok,3,2.0,1.0,0.6666666666666666,3.0,2.0,1.0,1.0,0.0,0.007459246,0.01,0.003729623,0.007459246,0.01,0.01,0.002540754,1.0,0.3333333333333333,41.709074881666666,78.0,25.688345528902556,44000.0,0.0,0.0,4178892,4273908,22.78754767259514,0.1316508490998298,11.39377383629757,0.2340336600001211,0.9794595132953622,3.0,1.0,2.0,1.5516793152892565e-05,0.0,740.0,0.0,0.0
0x4acebaf84699554243729481aee1711148c2f7ca,0,ok,5,4.0,1.0,0.8,2.0,1.0,1.0,0.4,0.0,0.024,0.1,0.006,0.024,0.1,0.1,0.076,1.0,0.6,23.8719891434,36.743610072,12.686634688118694,539766.0,0.2,0.0,4202340,4340819,33.00058398018557,0.1515124702945297,8.250145995046392,0.0,1.091203545741186,2.0,1.0,1.0,1.318228190092718e-05,0.0,3798.0,0.0,1.0
0xb444a8d54d9df042cd12a5d4002c94523565564e,0,ok,21,10.0,11.0,0.4761904761904761,5.0,1.0,4.0,0.238095238095238,0.7619047619047619,4.2874497400000005,4.31073583,0.428744974,1.20098678,0.3918850754545454,1.20140838,0.0232860899999991,0.2801168183489889,0.0,29.214380952285712,150.0,27.8535770644422,75000.0,0.0,0.0,2732968,12167338,1583.2863473972209,0.0132635514949788,79.16431736986104,0.0023431579630683,3.708870387246423,5.0,4.0,1.0,1.6632407247538046e-05,0.0,542.0,0.0,1.0
0x5e6dcab4f8edbfc1537b804803d831e5f42d8f3b,1,ok,5,0.0,4.0,0.0,3.0,0.0,3.0,0.6,0.25,0.0,0.0,0.0,0.0,0.0,0.0,0.0,0.0,1.0,4.6,11.0,3.2619012860600183,425434.6,0.0,0.0,5130810,5929844,137.1020334561114,0.0364691892159322,34.27550836402785,0.0071076755556795,1.5456427393478465,3.0,3.0,0.0,1.2882417832913967e-05,0.0,165.0,0.0,0.0
0xcdfb55f3c31be588cfb0b5ab85fe5fc33e44d5a1,0,ok,50,30.0,20.0,0.6,25.0,8.0,17.0,0.5,0.5,4.270615803999998,4.287087929999999,0.1423538601333333,1.064350999307327,0.2143543964999999,1.13795142,0.0164721260000009,0.2492265865523237,0.18,20.146,275.0,41.37390100050997,31545.6,0.12,0.0,5094939,9181971,681.0960167356029,0.0734110885564166,13.899918708889857,0.0,1.8587480636652036,25.0,17.0,8.0,0.0001664818448859,0.0,1474.0,0.0,2.0
0xcc66ea7ef61a67df02afb18706c68a5f30b22300,1,ok,100,84.0,16.0,0.84,85.0,71.0,14.0,0.85,0.15,69.67453408310438,0.878716782814712,0.8294587390845759,67.0,0.0549197989259195,0.5,-68.79581730028967,0.9616138935365636,0.8,20.64,36.0,7.321912318513518,141534.46,0.02,0.0,5056798,5279441,37.65175486037025,2.655918704741526,0.380320756165356,0.0,6.149503734990452,85.0,14.0,71.0,0.0001496631845033,0.0,3798.0,0.0,0.0
0xe9a648823bd55a90eed81f765695a2cb47f783ec,0,ok,5,2.0,3.0,0.4,2.0,1.0,1.0,0.4,0.6,0.0,0.01171145021805,0.0,0.0,0.00390381673935,0.00702,0.01171145021805,0.0,0.4,46.050889858000005,78.0,26.244259781568825,90000.0,0.0,0.0,4179854,4179946,0.0221513340732565,5.0,0.0055378335183141,0.000481550740423,1.4814543512341112,2.0,1.0,1.0,2.3506716189355696e-05,0.0,3798.0,0.0,0.0
0xd754b5bf41b84bcb49cb952f858318640abc60e0,1,ok,51,10.0,41.0,0.196078431372549,39.0,5.0,35.0,0.7647058823529411,0.2352941176470588,83.04727276254513,83.05155594254512,8.304727276254514,40.448552942545135,2.0256477059157345,20.64781071011963,0.0042831799999873,0.4870545605777881,0.0784313725490196,66.81960784313726,1000.0,136.30742217877457,50964.21568627451,0.0,0.0,4883844,4985305,17.76910918796504,2.8701495083693973,0.3553821837593008,0.0,3.256456380780949,39.0,35.0,5.0,0.0003639803288381,0.0094466936572199,292.0,1.0,1.0
0xf962933e44b1dfc771738a034c80d87bdcd96ecc,1,ok,3,1.0,2.0,0.3333333333333333,3.0,1.0,2.0,1.0,0.0,3.35603741,3.35706241,3.35603741,3.35603741,1.678531205,2.25706241,0.0010250000000002,1.0,0.0,54.0,100.0,33.53605025441527,22333.333333333332,0.0,0.0,4884987,4888558,0.6253978268526219,3.0,0.3126989134263109,0.0155867842584848,0.950154018484756,3.0,2.0,1.0,2.4676531538186372e-05,0.0,2397.0,0.0,0.0
0xbd847892276b9567e976db070e07a361e55d2813,0,ok,6,4.0,2.0,0.6666666666666666,6.0,4.0,2.0,1.0,0.0,0.90831313,0.90414928,0.2270782825,0.90393928,0.4520746399999999,0.5,-0.00416385,0.9951846451894844,0.3333333333333333,15.666666666666666,50.0,15.6808446484521,85500.0,0.0,0.0,5225288,7553983,398.9685498334247,0.0150387793787382,79.79370996668493,0.0,0.7579874694101799,6.0,2.0,4.0,2.1592033779230517e-05,0.0,1474.0,0.0,0.0
0x301b4d3bbd3849d28d23cb7ed7f732862c34a2b8,0,ok,5,3.0,2.0,0.6,5.0,3.0,2.0,1.0,0.0,10000.99874,10001.0,3333.666246666667,7444.393144053209,5000.5,5304.319587434337,0.0012599999990925,0.7443649716981374,0.0,20.0,20.0,0.0,34800.0,0.0,0.0,3304337,3304400,0.010544210832428,5.0,0.002636052708107,0.0,1.1254180935914386,5.0,2.0,3.0,3.447684386883675e-05,0.0,54.0,0.0,1.0
0x3fe836f93ed507f8f5736c7d3d37409682d77087,0,ok,77,32.0,45.0,0.4155844155844156,20.0,13.0,8.0,0.2597402597402597,0.7402597402597403,19.189271963144385,19.31980437314439,0.599664748848262,9.461838983144387,0.4293289860698753,9.456524,0.1305324100000042,0.4930796228912248,0.1558441558441558,19.90861338312987,115.5,21.96238651130576,46202.51948051948,0.0129870129870129,0.0,3982868,7874482,695.0914990562945,0.1107767827754197,9.145940777056508,0.0031300798141294,2.7716072458426413,20.0,8.0,13.0,7.148853828750821e-05,0.0,1541.0,0.0,0.0
0x32943c8426b03974969869daa07cebf076082285,0,ok,45,32.0,13.0,0.7111111111111111,25.0,20.0,7.0,0.5555555555555556,0.4444444444444444,1.7744083686569172,1.1078454393609365,0.0554502615205286,0.513,0.0852188799508412,0.38524,-0.6665629292959809,0.2891104489032022,0.2888888888888888,36.73003,81.665502615,21.48868763333596,95650.51111111112,0.0666666666666666,0.0,4141893,19732882,2447.5490489753693,0.0183857398154445,55.62611474944021,0.0010153822242109,4.0011517577327265,25.0,7.0,20.0,8.562642124768761e-05,0.0033333333333333,3798.0,0.0,1.0
0xc5d65deff5d1373f8b19aa8be528e9c3599013ba,1,ok,16,1.0,15.0,0.0625,14.0,1.0,13.0,0.875,0.125,115.28,115.2806852512,115.28,115.28,7.685379016746667,37.0,0.0006852512000108,1.0,0.0,26.543750213125,50.0,8.9069473980723,76406.5,0.0,0.0,4185593,4312959,30.42968343740536,0.525802380853301,2.0286455624936908,0.0,2.893843307459203,14.0,13.0,1.0,0.0001200730978289,0.0,1148.0,0.0,0.0
0x870581a7389f0ec5adade7fa00a6531031d2d11c,0,ok,100,14.0,86.0,0.14,96.0,11.0,86.0,0.96,0.04,3.0287986803295963,0.11903778,0.2163427628806854,3.0,0.0013841602325581,0.01603778,-2.909760900329596,0.9904917152412182,0.11,20.73182868322,71.182868322,8.609372037209706,86803.87,0.03,0.0,4577423,20453058,2450.0566586363893,0.0408153826351331,24.748047056933224,0.0,5.839707035884302,97.0,87.0,11.0,0.0009960098529901,0.0,93.0,0.0,1.0
0x57440803794679d3f8d9e004d853009e0a696c20,0,ok,21,11.0,10.0,0.5238095238095238,9.0,9.0,1.0,0.4285714285714285,0.5714285714285714,0.015446148,0.02191797,0.0014041952727272,0.007957997,0.002191797,0.008,0.006471822,0.5152091641229903,0.4285714285714285,10.485333333333331,21.0,9.146996969254747,194857.14285714287,0.0,0.0,6213250,7362238,198.5268667633335,0.1057791337886492,9.926343338166674,0.0003298192581644,2.287357261994017,9.0,1.0,9.0,3.9031670371217846e-05,0.0,182.0,0.0,0.0
0xf916a329c958808d7329141c1d0861f81ccf0972,0,ok,12,9.0,3.0,0.75,4.0,3.0,1.0,0.3333333333333333,0.6666666666666666,0.008769645,0.015,0.0009744049999999,0.00658,0.005,0.005,0.006230355,0.7503154346612663,0.5833333333333334,26.916666666666668,130.0,32.02201933392431,80333.33333333333,0.0,0.0,6580052,13009349,1021.929905344074,0.0117424883421526,92.9027186676431,0.0,2.603706971691003,4.0,1.0,3.0,2.3506716189355696e-05,0.0,5.0,0.0,0.0
0x3fcb2d173389b7cd8079ef8b439dbd92e7e0ae28,1,ok,28,0.0,27.0,0.0,26.0,0.0,26.0,0.9285714285714286,0.037037037037037,0.0,1163.9041282770013,0.0,0.0,43.107560306555605,1000.0,1163.9041282770013,0.0,0.0357142857142857,25.410714285714285,60.0,12.92633909298912,300379.21428571426,0.0,0.0,4242250,4268211,6.182242071667203,4.529101202348919,0.2289719285802667,0.0007223261092548,3.940086320493591,26.0,26.0,0.0,0.0002895323124167,0.0,314.0,0.0,0.0
0x44a7ff01f7d38c73530c279e19d31527bdcf8c78,1,ok,97,7.0,90.0,0.0721649484536082,90.0,6.0,84.0,0.9278350515463918,0.0721649484536082,421.1007570814174,421.1034418904174,60.157251011631054,416.5,4.678927132115749,200.0,0.0026848090000157,0.9890744507008143,0.0103092783505154,28.8917433996598,238.095238095,24.50672312920797,86311.30927835051,0.0,0.0,4223421,5658176,263.1197586209272,0.3686534242369327,2.7408308189679915,0.0,8.958718930472106,90.0,84.0,6.0,0.0009235943875419,0.0002496878901373,1148.0,1.0,1.0
0x36a05e708dbe6a21c6df7bad73440dcd1e9f14b1,0,ok,12,6.0,6.0,0.5,2.0,1.0,1.0,0.1666666666666666,0.8333333333333334,1.0895009175,1.09986113,0.1815834862499999,0.3410608675,0.1833101883333333,0.34544491,0.0103602125000001,0.3130432127424069,0.0,28.650791399000003,49.5,8.024530601397696,68333.33333333333,0.0,0.0,4098031,4246302,35.70000494018473,0.3361344072670569,3.2454549945622486,0.0024077537048746,1.4327231048488611,2.0,1.0,1.0,1.9118665117563275e-05,0.0,740.0,0.0,0.0
0xaae1021d0ce68c9f50b26e7c8e46f51bbc01d984,0,ok,22,11.0,11.0,0.5,8.0,2.0,6.0,0.3636363636363636,0.6363636363636364,133.58228738864028,133.592162435,12.143844308058208,61.77470677,12.144742039545456,61.77541769,0.0098750463597241,0.4624468406524177,0.0,24.906603258954544,55.923743655,10.355499389861787,85514.0,0.0,0.0,3593658,19493419,2523.8080230125925,0.0087169863156783,120.18133442917107,0.0008809787034988,4.132916886273067,8.0,6.0,2.0,7.835735458676095e-05,0.0,1541.0,0.0,0.0
0x2804e8b4c04c655376d18ada84d46fc345240e0a,1,ok,2,1.0,1.0,0.5,2.0,1.0,1.0,1.0,0.0,0.299659,0.3001,0.299659,0.299659,0.3001,0.3001,0.0004409999999999,1.0,0.0,21.0,21.0,0.0,110500.0,0.0,0.0,4451780,4524631,15.514576458795757,0.1289110279814393,15.514576458795757,15.514576458795757,0.0,2.0,1.0,1.0,2.3506716189355696e-05,0.0,3.0,0.0,0.0
0x9a95f2ca24d1dcb01048e0623f63f9d174237deb,1,ok,2,1.0,1.0,0.5,2.0,1.0,1.0,1.0,0.0,14.999559,15.0,14.999559,14.999559,15.0,15.0,0.0004410000000003,1.0,0.0,23.0,25.0,2.0,60500.0,0.0,0.0,4447419,4471596,5.730248973888379,0.3490249741527126,5.730248973888379,5.730248973888379,0.0,2.0,1.0,1.0,1.802165234961517e-05,0.0,99.0,0.0,0.0
0xf19c5bc614096f8bb83ad36896f3d202e6b608f7,0,ok,4,2.0,2.0,0.5,2.0,1.0,1.0,0.5,0.5,5.9966759575,6.0,2.99833797875,4.9991159575,3.0,5.0,0.0033240425,0.8336478397248798,0.0,26.94936025475,30.5,3.6627030274469825,90000.0,0.0,0.0,4103549,4179864,18.3747723898126,0.2176897713420217,6.124924129937534,0.0040931812949754,1.4132128743756438,2.0,1.0,1.0,1.3368129276418864e-05,0.0,966.0,0.0,1.0
0x9d9748b0a21cf0ad2707474cc83c5f165712e05f,0,ok,45,21.0,24.0,0.4666666666666667,22.0,16.0,9.0,0.4888888888888889,0.5111111111111111,437.7178185485315,437.7245621562063,20.843705645168168,185.0,18.238523423175263,100.0,0.006743607674764,0.4226467193258396,0.0888888888888888,19.935549793422226,80.0,19.044637097540413,62764.444444444445,0.0,0.0,5999484,18092619,1875.899718929816,0.0239884891211946,42.63408452113219,0.0004947288886264,4.951621070777676,22.0,9.0,16.0,0.000103648474571,0.0,435.0,0.0,0.0
0xac3800002e45ed2e1a55dedfa2aca137f6dba61e,1,ok,24,2.0,22.0,0.0833333333333333,24.0,2.0,22.0,1.0,0.0,53.848324107,53.849290107,26.9241620535,53.805564106999995,2.447695004863637,8.78261246,0.0009660000000053,0.9992059177196484,0.0,23.0,23.0,0.0,21000.0,0.0,0.0,4925715,4937234,2.0173502009251605,11.896794115862262,0.0877108783010939,0.0012259268512328,1.2150991569471186,24.0,22.0,2.0,0.0002538793974584,0.0,25.0,0.0,0.0
0xb43062f1de3497f949c7debc2c29111c5af41040,0,ok,5,3.0,2.0,0.6,5.0,3.0,2.0,1.0,0.0,2000.998677,2001.0,666.999559,1152.4748281382342,1000.5,1248.782485170149,0.0013229999999566,0.5759498201498482,0.0,21.0,21.0,0.0,34800.0,0.0,0.0,4256254,4256266,0.0028441488880802,5.0,0.00071103722202,0.0,1.0,5.0,2.0,3.0,3.447684386883675e-05,0.0,6.0,0.0,0.0
0x72a66bba491f0c696c4c4e3154d07b241d371944,1,ok,62,44.0,18.0,0.7096774193548387,59.0,44.0,15.0,0.9516129032258064,0.0483870967741935,16.295708914668968,16.316246919999998,0.3703570207879311,3.0,0.906458162222222,5.0,0.02053800533103,0.1840975446793529,0.0,32.73568548387097,143.0,23.622905756807977,58514.51612903226,0.0,0.0,4697339,5219870,89.72729246157463,0.6909826241168623,1.4709392206815513,0.0012259268539923,1.75968242149486,59.0,15.0,44.0,0.0001448056934585,0.0017533606078316,1143.0,0.0,0.0
0xc616d99df3bf92e3111090f94694bd662b72ab1d,1,ok,7,0.0,6.0,0.0,4.0,0.0,4.0,0.5714285714285714,0.3333333333333333,0.0,0.0,0.0,0.0,0.0,0.0,0.0,0.0,1.0,6.142857142857143,15.0,4.763809143009448,377471.5714285714,0.0,0.0,5130694,5929985,137.14587063476995,0.051040545133448,22.857645105794997,0.0343353981497111,1.6753176015512965,4.0,4.0,0.0,1.320133630883191e-05,0.0,165.0,0.0,0.0
0x7b2b09cafcef38c290672d60171b57101ccd8549,0,ok,7,5.0,2.0,0.7142857142857143,6.0,5.0,1.0,0.8571428571428571,0.1428571428571428,10.99865937,11.0,2.199731874,7.82857355,5.5,10.0,0.0013406300000013,0.7117752524778845,0.0,12.428571428571429,21.0,5.421047417431508,21000.0,0.0,0.0,6964637,7001407,6.175325991343017,1.1335433967070023,1.0292209985571694,0.0005000659713038,1.825374381374275,6.0,1.0,5.0,2.3506716189355696e-05,0.0,7.0,0.0,0.0
0xb35b88c267d174abe6d0cb7cba86a0af64c2cb82,0,ok,11,9.0,2.0,0.8181818181818182,7.0,6.0,1.0,0.6363636363636364,0.3636363636363636,6.4,5.495699999999999,0.7111111111111111,1.0,2.7478499999999997,2.94785,-0.904300000000001,0.15625,0.1818181818181818,24.745454545454542,41.0,8.192720009680839,77944.27272727272,0.0909090909090909,0.0,4610266,7873069,553.8325485119444,0.0198615990150004,55.38325485119445,0.5658233124983532,2.6389418162511724,7.0,1.0,6.0,1.3550936589074545e-05,0.0,3798.0,0.0,0.0
0x67ba5587921c5f635b7c22ab08e7eeeaf9cee9d3,0,ok,3,2.0,1.0,0.6666666666666666,3.0,2.0,1.0,1.0,0.0,64.99436779867354,64.995,32.49718389933677,64.9938,64.995,64.995,0.0006322013264679,0.9999912638788132,0.0,13.724689097666667,20.047384988,8.908157037057984,30333.333333333332,0.0,0.0,3345409,22705409,3014.805235300649,0.000995089156962,1507.4026176503246,0.0011715789801544,0.9999992227829736,3.0,1.0,2.0,1.325045167586202e-05,0.0,1541.0,0.0,0.0
0xa3e52a23060ccdfe186822b52bf60a07451e094e,1,ok,4,2.0,2.0,0.5,4.0,2.0,2.0,1.0,0.0,0.324,0.325,0.162,0.2,0.1625,0.2,0.001,0.6172839506172839,0.0,25.55,50.2,14.92338768510689,110500.0,0.0,0.0,4563473,4590916,4.5522982013887825,0.8786770600352386,1.5174327337962612,1.3159414652790185,0.1306602563048041,4.0,2.0,2.0,2.899178002909622e-05,0.0,373.0,0.0,0.0
0xfe821f5509fdea3f72362d001697ad8c11f0c111,1,ok,9,1.0,8.0,0.1111111111111111,9.0,1.0,8.0,1.0,0.0,2.08255106,2.08320206,2.08255106,2.08255106,0.2604002575,1.01,0.0006509999999999,1.0,0.0,22.83263888888889,51.9,15.121720769912724,51355.555555555555,0.0,0.0,5209060,5319012,18.545797002963997,0.4852851564460463,2.3182246253704992,0.0153999637039723,2.570049509208806,9.0,8.0,1.0,7.980459639240251e-05,0.0,1474.0,0.0,0.0
0x98d8dd2ff13a35bd056b75f95de494f0c9dcaff0,0,ok,30,18.0,12.0,0.6,16.0,10.0,6.0,0.5333333333333333,0.4666666666666667,0.4214364661105226,0.40173151,0.0234131370061401,0.286676700351179,0.0334776258333333,0.1122,-0.0197049561105225,0.6802370544650435,0.0333333333333333,15.971268203966668,80.0,18.9579324364631,76168.6,0.2,0.0,4717804,21512494,2574.655849048887,0.0116520427423659,88.78123617409955,0.0008756620354122,2.6706577284302413,16.0,6.0,10.0,7.634109692034427e-05,0.0,196.0,0.0,0.0
0x5d82db63cf0c54d47006d416bdc7dab09ea2f3f1,1,ok,17,2.0,15.0,0.1176470588235294,16.0,2.0,14.0,0.9411764705882352,0.0588235294117647,1.509958,1.5100000000000005,0.754979,1.4,0.1006666666666667,0.11,4.20000000005416e-05,0.9271781069407228,0.0,35.94117647058823,100.0,33.46195484644208,29176.470588235297,0.0,0.0,4984202,4991781,1.3273285157399044,12.807680840431232,0.082958032233744,0.0,3.78091515416379,16.0,14.0,2.0,0.0001543018060255,0.0,2397.0,0.0,0.0
0xdd274a5cf9712e916ca9a17b8d3c4b733bba5f14,0,ok,5,4.0,1.0,0.8,4.0,3.0,1.0,0.8,0.2,17.998257,18.0,4.49956425,17.0,18.0,18.0,0.0017430000000011,0.9445359070047727,0.0,20.4720142878,35.0,8.540430981323448,186400.0,0.0,0.0,5712923,18116947,1928.6619483077775,0.0025924709119641,482.1654870769444,0.0495996222203528,0.974974522380242,4.0,1.0,3.0,1.5979606259736292e-05,0.0,435.0,0.0,0.0
0x09750ad360fdb7a2ee23669c4503c974d86d8694,1,ok,21,1.0,20.0,0.0476190476190476,21.0,1.0,20.0,1.0,0.0,106.88610731,106.8874006285621,106.88610731,106.88610731,5.344370031428105,5.89775429,0.0012933185621051,1.0,0.0,43.25213646609524,60.0,9.5337805063806,21500.0,0.0,0.0,11275378,19824797,1267.925228848518,0.0165624908489843,63.396261442425896,0.0,4.148709666498792,21.0,20.0,1.0,0.0002408834679552,0.0,23.0,0.0,0.0
0x7098c7113c2ecaf48baad07e598c74c2689a5795,1,ok,21,2.0,19.0,0.0952380952380952,16.0,2.0,14.0,0.7619047619047619,0.238095238095238,49.261769314041786,49.46265131404178,24.630884657020893,48.0,2.6032974375811464,14.653805924041782,0.2008819999999929,0.974386439390797,0.0,21.96058904004762,48.0,7.6285795682171855,118247.61904761904,0.0,0.0,4280340,4284409,0.9644034857385688,21.0,0.0482201742869284,0.0004740248123804,1.4086457953029723,16.0,14.0,2.0,0.0001661183760226,0.0,19.0,0.0,0.0
0x82334551e71b48387a122ebb256b188bf5868f44,1,ok,4,0.0,3.0,0.0,3.0,0.0,3.0,0.75,0.0,0.0,0.0,0.0,0.0,0.0,0.0,0.0,0.0,1.0,3.0,4.0,0.7071067811865476,473027.25,0.25,0.0,5220474,5324243,17.4947900329613,0.2286394973854356,5.831596677653767,0.8334531737036175,0.784023916177635,3.0,3.0,0.0,2.3725168948341032e-05,0.0,165.0,0.0,0.0
0xe112784753273ebede055968ecb78dcad8ff6da2,1,ok,2,1.0,1.0,0.5,2.0,1.0,1.0,1.0,0.0,1.629559,1.63,1.629559,1.629559,1.63,1.63,0.0004409999999999,1.0,0.0,21.0,21.0,0.0,21000.0,0.0,0.0,3918339,3919416,0.207448698469886,2.0,0.207448698469886,0.207448698469886,0.0,2.0,1.0,1.0,2.3506716189355696e-05,0.0,3.0,0.0,0.0
0x27d978f3b52318fe1252cdcb105485f7c94eda70,0,ok,3,2.0,1.0,0.6666666666666666,3.0,2.0,1.0,1.0,0.0,0.007454254,0.01,0.003727127,0.007454254,0.01,0.01,0.002545746,1.0,0.3333333333333333,41.709074881666666,78.0,25.688345528902556,44000.0,0.0,0.0,4178889,4272793,22.52400116444462,0.1331912557674551,11.26200058222231,0.2347559861093759,0.9791550369407764,3.0,1.0,2.0,1.5516793152892565e-05,0.0,740.0,0.0,0.0
0x82a73cde2c120f762f73db2cf23e5ff3b9f5e892,0,ok,8,5.0,3.0,0.625,4.0,2.0,2.0,0.5,0.5,71.96776649499999,71.97130153,14.393553299,59.980219915335,23.990433843333335,59.99,0.0035350350000129,0.8334317269593488,0.0,63.991875,273.6,80.71291849579828,69125.0,0.0,0.0,4111628,5849118,323.203520813427,0.0247522056067517,46.17193154477529,0.0028021185182862,1.1949744738710302,4.0,2.0,2.0,1.6284973332343772e-05,0.0,966.0,0.0,0.0
0x47dc6f08214f891cc910d6d2abfb504c2584f14f,1,ok,6,0.0,5.0,0.0,3.0,0.0,3.0,0.5,0.4,0.0,0.0,0.0,0.0,0.0,0.0,0.0,0.0,1.0,5.333333333333333,15.0,4.459696053419884,398759.5,0.0,0.0,5191434,5929661,126.8111945934704,0.0473144348118059,25.36223891869408,0.0099845918516318,1.6474059267956405,3.0,3.0,0.0,1.295755569373233e-05,0.0,165.0,0.0,0.0
0x4a500bf6818ba31bb2b1dc90a354ab64ad3301dd,1,ok,7,0.0,6.0,0.0,3.0,0.0,3.0,0.4285714285714285,0.5,0.0,0.0,0.0,0.0,0.0,0.0,0.0,0.0,1.0,3.4285714285714284,6.0,1.6781914463529617,377444.1428571429,0.0,0.0,5118886,5834040,122.67259397148258,0.057062460109283,20.44543232858043,0.0044636017580827,1.950772439760229,3.0,3.0,0.0,1.3087360956317824e-05,0.0,165.0,0.0,0.0
0x6f841f601b105f4dc9b48c7a0afa144f3c53bf2d,0,ok,92,69.0,22.0,0.75,49.0,33.0,18.0,0.532608695652174,0.4615384615384615,68.73868717601579,58.48853612,0.9962128576234172,7.843,2.6585698236363635,8.09411889,-10.250151056015788,0.1140987749724811,0.4130434782608695,42.31937780502174,154.0,33.09109617774977,110231.30434782608,0.0652173913043478,0.0108695652173913,4737207,13190919,1363.772801160462,0.0674599170196937,14.986514298466616,0.0,3.778307343235861,49.0,18.0,33.0,0.0001472128823822,0.0008503401360544,2450.0,0.0,1.0
0x2291433bdb8f0688b1d69479dc60e2341189baee,0,ok,30,15.0,15.0,0.5,18.0,15.0,3.0,0.6,0.4,14.402549836375826,14.410152769999996,0.9601699890917216,11.34649968758883,0.9606768513333332,11.34728262,0.0076029336241703,0.787811867793821,0.0,24.5368604438,51.311252711,8.234459126511235,21980.066666666666,0.0,0.0,3727037,3930877,38.88599972458349,0.771485887272539,1.340896542227017,0.0003852343504075,1.4804902055360274,18.0,3.0,15.0,1.3413189305871778e-05,0.0,1443.0,0.0,2.0
0x9086cf23cad6c40873c18f1f3df4f6b2ccfaf2c8,0,ok,32,31.0,1.0,0.96875,31.0,30.0,1.0,0.96875,0.03125,0.0,0.005,0.0,0.0,0.005,0.005,0.005,0.0,0.96875,6.75,21.0,6.373774391990981,41006.84375,0.0,0.0,4272860,8722481,758.3840973829643,0.0421949775983248,24.464003141385955,0.0001563792592949,1.188005275486966,31.0,1.0,30.0,2.3506716189355696e-05,0.0,3798.0,0.0,0.0
0x0dac7a548551dd2e0f7293005f14f9261d7e0196,1,ok,10,3.0,7.0,0.3,7.0,3.0,5.0,0.7,0.3,6.8629999999999995,6.86483216,2.2876666666666665,3.824,0.9806903085714286,2.3,0.0018321600000001,0.5571907329156346,0.0,34.04,72.0,23.62317506179049,31541.0,0.0,0.0,5160416,5981146,140.8991720899084,0.0709727378214753,15.65546356554538,0.0307301813446813,1.4111330588399156,7.0,5.0,3.0,8.793856619438654e-05,0.0,8.0,0.0,0.0
0x2c5c8f5ec6d1f1b240a18e63e76916d7e4d8e34a,0,ok,23,11.0,12.0,0.4782608695652174,9.0,5.0,4.0,0.391304347826087,0.6086956521739131,128.53596604,128.5639888,11.685087821818184,38.698404,10.713665733333334,38.7,0.0280227599999989,0.3010706278735803,0.1304347826086956,126.59169398534782,551.000001459,164.41972370624447,36147.82608695652,0.0,0.0,5167905,13151768,1283.398200605183,0.017921172079838,58.33628184569016,0.0020025693542427,2.280352546411712,9.0,4.0,5.0,2.8859530870498425e-05,0.0,880.0,0.0,0.0
0xe90995dffffdd4c6f6a646da433175b27e77975f,0,ok,6,3.0,3.0,0.5,4.0,3.0,1.0,0.6666666666666666,0.3333333333333333,0.150774787151882,0.1520945,0.0502582623839606,0.050848777151882,0.0506981666666666,0.05132849,0.0013197128481179,0.3372498685782246,0.0,21.0251677505,23.307537545,1.4559823045343443,55500.0,0.0,0.0,3318381,3711950,67.74197339823952,0.0885713789990642,13.548394679647904,0.0021143488889491,1.2582676196358484,4.0,1.0,3.0,1.2593625568866747e-05,0.0,373.0,0.0,0.0
0xfa1f0b67b9b48b2e87467d72f09722e19ed601bd,1,ok,16,2.0,14.0,0.125,15.0,2.0,13.0,0.9375,0.0625,13.2919251,13.2936471,6.64596255,12.97738179,0.9495462214285716,3.0,0.0017220000000008,0.9763357596711104,0.0,29.875,59.0,15.304717410001402,62968.75,0.0,0.0,4898983,5054786,26.962805470184044,0.5934100595612385,1.7975203646789362,0.0110333416666145,2.6547592305244674,15.0,13.0,2.0,0.0001551482483431,0.0,16.0,0.0,0.0
0x21918461c6aeca5eaec825b4746d64a0d4028df6,1,ok,62,5.0,57.0,0.0806451612903225,59.0,4.0,55.0,0.9516129032258064,0.0483870967741935,138.88,138.88261698,27.776,35.8,2.43653714,17.0,0.0026169799999991,0.2577764976958525,0.0,27.057594354209677,70.0,12.207328881878457,46279.145161290326,0.0161290322580645,0.0,4241978,4356416,27.153412367778795,2.283322595342433,0.4451379076685048,0.0,7.182841076615059,59.0,55.0,4.0,0.0005511605642455,0.0,314.0,0.0,1.0
0xea6e18fd3c301e4300bc99b6db792fcff376abb4,1,ok,5,2.0,3.0,0.4,5.0,2.0,3.0,1.0,0.0,3.508999,3.5107,1.7544995,2.508999,1.1702333333333332,1.49,0.0017009999999997,0.7150184425814884,0.0,32.260000000000005,60.0,23.82247678139282,40600.0,0.0,0.0,4570271,4742040,28.49337571527671,0.1754793833473109,7.123343928819177,0.0061376319439322,0.906929022107294,5.0,3.0,2.0,3.4819660358820536e-05,0.0,1148.0,0.0,0.0
0xf4c87c851d772b0f9e72cca0690327f2bc505015,1,ok,25,20.0,5.0,0.8,8.0,4.0,4.0,0.32,0.68,0.3676506399780352,0.37,0.0183825319989017,0.3676506399780352,0.074,0.2,0.0023493600219647,1.0,0.76,19.75236656648,70.0,13.082148985339474,65979.04,0.0,0.0,4883430,6014409,194.13304325772933,0.1287776649481058,8.08887680240539,0.0695536822218585,1.6810810172682356,8.0,4.0,4.0,5.363505158789215e-05,0.0357142857142857,216.0,0.0,0.0
0xd1091f9c7bb48651edb17d255b2824de0ebd2074,1,ok,7,1.0,6.0,0.1428571428571428,6.0,1.0,5.0,0.8571428571428571,0.1428571428571428,5.3228,5.323,5.3228,5.3228,0.8871666666666668,1.852,0.0002000000000004,1.0,0.0,56.57142857142857,100.0,26.54837709786819,117285.71428571428,0.0,0.0,5211462,5509553,50.28712377999944,0.1392006437000497,8.381187296666573,0.0001692303711617,2.2353094679275816,6.0,5.0,1.0,6.73872269072799e-05,0.0,7.0,0.0,0.0
0xe58bb8ee02252b4980c585cd0ed6db8ac554a751,0,ok,7,5.0,2.0,0.7142857142857143,5.0,4.0,1.0,0.7142857142857143,0.2857142857142857,0.9764987319923422,0.979,0.1952997463984684,0.8890346859923421,0.4895,0.9,0.0025012680076578,0.910430968177964,0.2857142857142857,25.593345678142857,50.0,10.08769948279568,60428.57142857143,0.0,0.0,4020777,4364984,82.44388737573944,0.084906234080125,13.740647895956572,0.6173480496307214,1.0203586888465055,5.0,1.0,4.0,1.2748113881871216e-05,0.0,393.0,0.0,1.0
0x9ec520d70fe67d3226fd8084dffdf7b7a2dc0fc2,0,ok,27,13.0,13.0,0.4814814814814814,12.0,10.0,3.0,0.4444444444444444,0.5384615384615384,2.494739842566206,2.306731094566207,0.1919030648127851,1.0001065696297986,0.1774408534281697,0.200264921190761,-0.1880087479999996,0.4008861174883237,0.074074074074074,7.844444444444445,50.0,9.231561536114125,313912.0,0.037037037037037,0.037037037037037,5813137,7899851,351.85483633014064,0.0767361912134306,13.532878320390024,0.0031105480563861,2.3500453864885045,12.0,3.0,10.0,4.5381359731784615e-05,0.0,1393.0,0.0,0.0
0x514e9ca5406f112aba902b0cba87395b914d861e,1,ok,2,1.0,1.0,0.5,2.0,1.0,1.0,1.0,0.0,0.0,0.00644607,0.0,0.0,0.00644607,0.00644607,0.00644607,0.0,0.5,22.5,41.0,18.5,37074.0,0.0,0.0,7926801,7926862,0.0095385417618133,2.0,0.0095385417618133,0.0095385417618133,0.0,2.0,1.0,1.0,2.3506716189355696e-05,0.0,2397.0,0.0,0.0
0x193da5dedb4dd82fd36e5b14b6a020471d98b2ce,0,ok,17,10.0,7.0,0.5882352941176471,10.0,8.0,2.0,0.5882352941176471,0.4117647058823529,2.095206224,2.0999999999999996,0.2095206224,1.038781544,0.2999999999999999,1.0,0.0047937759999996,0.4957896421369164,0.3529411764705882,20.294117647058822,50.0,17.43480193002204,50632.94117647059,0.0,0.0,6020964,15554927,1515.5739978051406,0.0112168723035757,94.72337486282127,0.005667414350642,3.4820488561620673,10.0,2.0,8.0,2.789476726114811e-05,0.0,880.0,0.0,0.0
0x4e790c545478029d20816a7212c46adde058d63e,1,ok,27,12.0,15.0,0.4444444444444444,23.0,11.0,12.0,0.8518518518518519,0.1481481481481481,16.956637650385613,16.96201365038561,1.4130531375321345,9.020745580385611,1.1308009100257077,5.0,0.0053759999999982,0.5319890515075358,0.0,28.77800925925926,119.00625,21.28970754810198,28074.074074074073,0.0,0.0,5542482,5726320,32.3343806740752,0.8350244982934788,1.2436300259259692,0.0015829666676344,1.5013336645880195,23.0,12.0,11.0,8.66241268761473e-05,0.0079051383399209,1143.0,0.5,2.0
0x99f93d05059f074e893ab369f71adb4569a3da12,1,ok,8,0.0,7.0,0.0,4.0,0.0,4.0,0.5,0.4285714285714285,0.0,0.0,0.0,0.0,0.0,0.0,0.0,0.0,1.0,6.125,15.0,4.456385867493972,361553.625,0.0,0.0,5129826,5929936,137.28435042370248,0.05827321158828,19.61205006052893,0.0010153822214515,2.4025176821903647,4.0,4.0,0.0,1.3253575012067536e-05,0.0,165.0,0.0,0.0
0x22eb0b23e5ad7ef827aff13b2e40ed63e277844e,1,ok,78,67.0,11.0,0.8589743589743589,25.0,18.0,8.0,0.3205128205128205,0.6794871794871795,0.3007999999999999,0.4563606444403675,0.0044895522388059,0.237,0.0414873313127606,0.2,0.1555606444403676,0.7878989361702129,0.8205128205128205,22.83974358974359,60.0,19.612021037236904,248425.91025641025,0.3974358974358974,0.0,3738874,7909836,747.4345180037038,0.1043569678964351,9.706941792255892,0.0,7.094617481248388,25.0,8.0,18.0,0.0002075520302154,0.0866666666666666,3798.0,0.8,5.0
0xcafc349b1fb892287e1d3345090d615652bbed10,0,ok,100,100.0,0.0,1.0,6.0,6.0,0.0,0.06,0.94,1.895,0.0,0.01895,1.0,0.0,0.0,-1.895,0.5277044854881267,0.98,1.0,1.0,0.0,52464.2,0.0,0.0,5399076,5482929,14.115845076665282,7.084237568270615,0.1425842937036897,0.0,9.875409262030765,6.0,0.0,6.0,1.2536588509874642e-05,0.0,384.0,0.0,0.0
0x434e9f6a1ac134fda3e7ceb3fd67c3d9b3518737,1,ok,90,64.0,26.0,0.7111111111111111,84.0,58.0,26.0,0.9333333333333332,0.0666666666666666,86.81354847961133,86.85566914561133,1.356461694993927,75.0,3.3406026594465894,33.002530779,0.0421206660000024,0.8639204515135583,0.4888888888888889,21.955555555555556,50.0,4.226664329944441,42864.62222222222,0.0444444444444444,0.0,4298972,4320314,5.058318798889716,17.79247287058196,0.0568350426841541,0.0002370124061902,2.7927561437109243,84.0,26.0,58.0,0.0002969038214365,0.0014343086632243,3798.0,0.0,0.0
0x86ddf5b305b9081fb5208e903edeb013510997cd,1,ok,15,9.0,6.0,0.6,9.0,4.0,5.0,0.6,0.4,0.60699999,0.60883531,0.0674444433333333,0.54,0.1014725516666666,0.25987854,0.0018353199999999,0.8896211019706936,0.3333333333333333,11.466666666666669,58.0,14.992738983328636,117381.13333333332,0.0,0.0,5426455,5571636,24.980303664814542,0.6004730847658958,1.78430740462961,0.0,1.9719310645479269,9.0,5.0,4.0,6.73872269072799e-05,0.0,9.0,0.0,0.0
0x4bde78ead56a30055d33bf84f52e420b0f6070ba,1,ok,16,9.0,7.0,0.5625,13.0,6.0,7.0,0.8125,0.1875,6.968335860000001,6.976084859999999,0.7742595400000001,2.0,0.9965835514285714,4.1,0.0077489999999986,0.2870125723245492,0.0,37.386882435375,99.999997952,21.033624896875153,25012.5,0.0,0.0,5061382,8161172,521.426574573332,0.0306850490178647,34.761771638222136,0.0027076859247905,3.645454645808943,13.0,7.0,6.0,7.851170912570722e-05,0.0,1143.0,0.0,0.0
0x3ad887bfe6e61e43494eb61d2d0e80ac3c4149e1,0,ok,21,17.0,4.0,0.8095238095238095,12.0,8.0,4.0,0.5714285714285714,0.4285714285714285,1.012212107,1.02927859,0.0595418886470588,0.484481807,0.2573196474999999,0.48206309,0.0170664829999998,0.4786366450762083,0.6666666666666666,7.952380952380952,25.0,9.255506420124751,91842.76190476192,0.0,0.0,3995820,5319615,259.5322796787046,0.0809147903528514,12.976613983935229,0.0019262029616921,2.4518794038541225,12.0,4.0,8.0,5.6417099227798855e-05,0.0,3798.0,0.0,0.0
0xe5b913f91f2b90c5cd04d711e1eb3214c56dba98,1,ok,12,8.0,4.0,0.6666666666666666,12.0,8.0,4.0,1.0,0.0,0.6248195321762756,0.6497405911762757,0.0781024415220344,0.3581802721762756,0.1624351477940689,0.3644661166962756,0.024921059,0.5732539617139,0.5,62.85739301066667,198.0,59.98183548162979,56491.0,0.0,0.0,7448400,18355800,1663.8296310925923,0.007212276891667,151.25723919023568,0.0106124474080624,1.1518916692580037,12.0,4.0,8.0,5.6417099227798855e-05,0.0,2450.0,0.0,0.0
0x1ccd65d573057c388ea96cc8be30c18a6d21185d,1,ok,8,0.0,7.0,0.0,4.0,0.0,4.0,0.5,0.4285714285714285,0.0,0.0,0.0,0.0,0.0,0.0,0.0,0.0,1.0,3.25,6.0,1.479019945774904,347427.25,0.0,0.0,5121572,5833985,122.20859896217507,0.0654618420302493,17.458371280310725,0.0054936637039537,1.7471854333400472,4.0,4.0,0.0,1.3253575012067536e-05,0.0,165.0,0.0,0.0
0x6a164122d5cf7c840d26e829b46dcc4ed6c0ae48,1,ok,100,3.0,97.0,0.03,48.0,2.0,46.0,0.48,0.52,30488.0,124.59907240293424,10162.666666666666,20000.0,1.2845265196178788,50.0,-30363.400927597067,0.6559958016268695,0.48,34.516448801079996,89.0,36.18427102787228,80545.3,0.0,0.0,4034922,25623717,3295.6298651598145,0.0303432133132313,33.289190557169846,0.0,4.110256008948068,50.0,48.0,2.0,0.0004704380190709,0.0,436.0,0.0,2.0
0x0d9786138578fcdcce04435592545ef08422d755,1,ok,41,2.0,39.0,0.048780487804878,37.0,2.0,35.0,0.902439024390244,0.0975609756097561,84.1990806528496,84.20036165284961,42.0995403264248,63.04908065284961,2.158983632124349,6.0,0.0012810000000058,0.7488096088934648,0.048780487804878,77.80365848665853,99.999997952,27.62732855661081,124604.87804878048,0.0,0.0,4993706,5154071,27.175775765555876,1.50869658160654,0.679394394138897,0.0,4.852217416071581,37.0,35.0,2.0,0.0003964910572917,0.0,38.0,0.0,0.0
0xbcc6c0fef89b87a12773db7a9a8ecbccccdb7aff,1,ok,25,0.0,24.0,0.0,9.0,0.0,9.0,0.36,0.625,0.0,7.805,0.0,0.0,0.3252083333333333,4.0,7.805,0.0,0.04,24.83694736668,100.0,15.39044007007649,264772.08,0.0,0.0,4322772,4326732,0.9385691333341378,25.0,0.0391070472222557,0.0,3.218969258237397,9.0,9.0,0.0,0.0001112677376252,0.0,10.0,0.0,0.0
0x8a46aa04725b2e2029bdcb924d671fd6a9c11dab,1,ok,25,6.0,19.0,0.24,25.0,6.0,19.0,1.0,0.0,25.652607690489468,25.655064459489463,4.275434615081578,10.0,1.3502665504994456,10.995,0.0024567689999983,0.3898239165645305,0.04,20.092,29.3,3.2204248166973253,49407.56,0.0,0.0,4475497,5658144,203.26897489277852,0.122989748008456,8.46954062053244,0.0002370124089497,3.4968704030743334,25.0,19.0,6.0,0.0002786487868822,0.0033333333333333,1148.0,0.5,2.0
0x771304878ef786278d2c2bcd6ba5d63c9f17dd2f,0,ok,9,7.0,2.0,0.7777777777777778,4.0,3.0,1.0,0.4444444444444444,0.5555555555555556,0.00702004,0.01,0.0010028628571428,0.00702004,0.005,0.005,0.00297996,1.0,0.6666666666666666,23.11111111111111,35.0,13.44490357342757,67000.0,0.0,0.0,6627779,9200167,424.787589788103,0.0211870596419482,53.098448723512874,0.0052388177784504,1.593661927928561,4.0,1.0,3.0,1.9923322852573457e-05,0.0,397.0,0.0,0.0
0xf1e250f2a27ab7ec5b82b287f2799260448cd51d,1,ok,8,1.0,7.0,0.125,7.0,1.0,6.0,0.875,0.125,7.6,7.62507332,7.6,7.6,1.0892961885714283,5.0,0.0250733200000006,1.0,0.0,25.834180967625,40.088231936,7.595027458138069,30150.0,0.0,0.0,4248063,4262447,3.4164753274067685,2.341594547990574,0.4880679039152526,0.005537833519004,1.0600743723039314,7.0,6.0,1.0,7.835735458676095e-05,0.0,8.0,0.0,0.0
0xa2a3a8e4a1877da1c913df7591ac0d72f27d4510,1,ok,10,7.0,3.0,0.7,10.0,7.0,3.0,1.0,0.0,1.2074422,1.209559,0.1724917428571428,0.3,0.4031863333333333,1.0,0.0021168,0.2484590980835355,0.0,15.28,29.8,6.901130342197574,38900.0,0.0,0.0,4627327,4678886,8.552707173609072,1.1692204347714386,0.9503007970676748,0.069504534723582,0.93995675777771,10.0,3.0,7.0,4.54469715483178e-05,0.0,11.0,0.0,0.0
0xa037655751185dc8eb7f4e0d6e1ebcbb8298c17d,0,ok,100,100.0,0.0,1.0,9.0,9.0,0.0,0.09,0.91,12.444962742963051,0.0,0.1244496274296305,3.051092468837386,0.0,0.0,-12.444962742963051,0.2451668624369818,0.85,70.07399408212001,244.0,41.342028159649246,162509.37,0.07,0.0,7603165,14503836,1077.7430693202768,0.0927864932252073,10.886293629497748,0.0,6.339415591620734,9.0,0.0,9.0,1.2536588509874642e-05,0.0,196.0,0.0,0.0
0x1b536d746e52dcae32dc130ae9efaa33534b15a6,0,ok,5,3.0,2.0,0.6,5.0,3.0,2.0,1.0,0.0,1000.9986491911912,1001.0,333.66621639706375,730.0510875556389,500.5,745.7733729715593,0.0013508088087519,0.7293227499812528,0.0,21.326213697,21.522992742,0.1670093545548058,34800.0,0.0,0.0,4097899,4097917,0.0043339566665667,5.0,0.0010834891666416,0.0,1.048220126398986,5.0,2.0,3.0,2.899178002909622e-05,0.0,23.0,0.0,0.0
0x42a777e0f24390e7ed461a7af325526e53ac57d9,1,ok,3,2.0,1.0,0.6666666666666666,3.0,2.0,1.0,1.0,0.0,0.48941138,0.49,0.24470569,0.48476989,0.49,0.49,0.0005886199999999,0.9905161788432464,0.0,22.333333333333332,51.0,20.33606539022619,21000.0,0.0,0.0,5786104,6336656,93.252900384074,0.0321705811577346,46.626450192037005,0.0006867079629942,0.9999852721371632,3.0,1.0,2.0,1.3706403858705322e-05,0.0,2397.0,0.0,0.0
0x01f63a45182ace726f6688e97a8090a4afd3186e,0,ok,6,5.0,1.0,0.8333333333333334,4.0,3.0,1.0,0.6666666666666666,0.3333333333333333,0.012,0.015,0.0024,0.01,0.015,0.015,0.0029999999999999,0.8333333333333334,0.5,11.833333333333334,51.0,17.515865823748353,228500.16666666663,0.0,0.0,4052303,4052413,0.0264852907425827,6.0,0.0052970581485165,0.0043339566665667,0.1378704625529171,4.0,1.0,3.0,1.2650171107047545e-05,0.0,3798.0,0.0,0.0
0x255fcf79316fdc17f6b8981637ad8c556ab1ebd5,0,ok,24,15.0,9.0,0.625,19.0,11.0,8.0,0.7916666666666666,0.2083333333333333,6.1074975700000005,6.122305160000001,0.4071665046666667,2.15642798,0.680256128888889,2.20091,0.0148075900000002,0.3530788109670913,0.0,22.779205809041667,60.0,15.675011642498198,48087.583333333336,0.0,0.0,3921624,12753673,1469.5971870116668,0.0163310056742844,63.89552987007247,0.0059456840736998,3.0365181394975975,19.0,8.0,11.0,7.231788365916181e-05,0.0,575.0,0.0,1.0
0x8ce881e9be7fb5dec3edc58a20242f3508090302,0,ok,7,3.0,4.0,0.4285714285714285,4.0,2.0,2.0,0.5714285714285714,0.4285714285714285,0.953710640852388,0.95494275,0.317903546950796,0.924,0.2387356875,0.37,0.0012321091476119,0.9688473216301396,0.0,37.38169488171429,100.0,28.359210184091943,60428.57142857143,0.0,0.0,4696010,21921143,2635.306448103333,0.0026562375715499,439.2177413505555,0.9789901574093988,2.0454553904175232,4.0,2.0,2.0,8.521876767641088e-05,0.0,2397.0,0.0,0.0
0x1cea7999fdafe5d156952ebf1816e8aa67a5485e,1,ok,18,1.0,17.0,0.0555555555555555,17.0,1.0,16.0,0.9444444444444444,0.0555555555555555,21.0240825,21.0242925,21.0240825,21.0240825,1.2367230882352942,5.0,0.0002100000000027,1.0,0.0,18.332777778,50.0,11.04463862170734,59555.555555555555,0.0,0.0,4636008,4667428,5.21201069444418,3.453561601319692,0.3065888643790694,0.0001658819422677,2.5699242873693584,17.0,16.0,1.0,0.000176559217896,0.0073529411764705,1474.0,0.0,0.0
0xf1709af8fc4d3d1947f3315c507e0e8a380185a7,0,ok,7,4.0,3.0,0.5714285714285714,3.0,2.0,2.0,0.4285714285714285,0.5714285714285714,2.0028367423779403,2.005,0.5007091855944851,1.008824410204462,0.6683333333333333,1.0,0.0021632576220596,0.5036977746906615,0.2857142857142857,30.53490711357143,50.0,12.47821106203914,60428.57142857143,0.0,0.0,4095717,4238801,34.45110309407391,0.2031865273191819,5.741850515678986,0.5282611625917532,0.993553865080349,3.0,2.0,2.0,1.572831852488914e-05,0.0,740.0,0.0,1.0
0x069a6761e9897ced3f5d13f4aa9ad745e526c913,1,ok,6,0.0,5.0,0.0,3.0,0.0,3.0,0.5,0.4,0.0,0.0,0.0,0.0,0.0,0.0,0.0,0.0,1.0,3.8333333333333335,8.0,2.034425935955617,398695.5,0.0,0.0,5136133,5833852,119.72160249944638,0.0501162686995251,23.944320499889276,0.0022318008818008,1.7889515905100162,3.0,3.0,0.0,1.30351222530822e-05,0.0,165.0,0.0,0.0
0x89e5124b5162a0ceec512e8ba97cd5e6f065fd13,1,ok,20,2.0,18.0,0.1,20.0,2.0,18.0,1.0,0.0,17.517850319,17.431715,8.7589251595,8.759072,0.9684286111111112,8.0,-0.0861353190000002,0.5000083823355792,0.0,37.8,60.0,17.56587601003719,31550.0,0.0,0.0,5064220,5096415,5.448371774074104,3.670821454433293,0.2867564091617949,0.0001692303711617,1.4412325282649705,20.0,18.0,2.0,0.0001947983428752,0.0,292.0,0.0,0.0
0xb1f873cb2cd0c818ce8b0a7d971f062808a47425,1,ok,3,0.0,2.0,0.0,2.0,0.0,2.0,0.6666666666666666,0.0,0.0,0.0,0.0,0.0,0.0,0.0,0.0,0.0,1.0,3.3333333333333335,4.0,0.9428090415820634,612923.6666666666,0.0,0.0,5209119,5282173,12.334321507036131,0.2432237556227673,6.167160753518067,0.1179535681478403,0.9808739267773174,2.0,2.0,0.0,2.355895489259132e-05,0.0,165.0,0.0,0.0
0x71a87575fdb775a449d8fb8c8275d61185763a0d,0,ok,19,13.0,6.0,0.6842105263157895,14.0,8.0,6.0,0.7368421052631579,0.2631578947368421,1.101259657,1.1088421899999998,0.0847122813076923,0.406054775062154,0.1848070316666666,0.33392976,0.0075825329999998,0.3687184693283956,0.3157894736842105,20.53139780089474,24.09655688,2.6098648360439713,81421.05263157895,0.0,0.0,4154646,4635172,104.63459071259255,0.1815843104140263,5.813032817366253,0.0009952916646445,3.711579271040624,14.0,6.0,8.0,6.642587664156986e-05,0.0,3798.0,0.0,1.0
0xe7cc576611c2df800862db667140a90cf9ec4b72,1,ok,8,1.0,7.0,0.125,8.0,1.0,7.0,1.0,0.0,13.265,13.27455077160494,13.265,13.265,1.896364395943563,5.0,0.0095507716049407,1.0,0.0,24.5,50.0,9.643650760992957,161125.0,0.0,0.0,4280460,4490211,49.71358946610932,0.1609217939383304,7.101941352301331,0.0,2.448072862637725,8.0,7.0,1.0,8.9327482266242e-05,0.0,9.0,0.0,0.0
0xc0fed35b43f59c2bfb1eb544bd8921bfb18140c2,1,ok,28,7.0,21.0,0.25,12.0,6.0,6.0,0.4285714285714285,0.5714285714285714,9.210159774865906,9.215966274865908,1.3157371106951294,2.472709489,0.4388555368983765,5.00169716,0.005806500000002,0.2684762859106862,0.0,38.80357142857143,50.0,6.840451224823087,21000.0,0.0,0.0,4819489,5278129,78.65616486425753,0.3559797257890918,2.9131912912687974,0.00017513240929,1.425891776978195,12.0,6.0,6.0,7.835735458676095e-05,0.0,13.0,0.0,0.0
0xd444c8e801138a1035ab2b77914149e2480420c3,0,ok,6,3.0,3.0,0.5,3.0,1.0,2.0,0.5,0.5,7.18509707,7.18723907,2.395032356666667,3.989265,2.395746356666667,3.99,0.002142,0.5552137933746801,0.0,59.333333333333336,100.0,29.61793750790595,25000.0,0.0,0.0,6528679,7366875,147.1637415378237,0.0407709123001462,29.432748307564747,0.0008290974547465,1.6873597644080118,3.0,2.0,1.0,0.0006821787989355,0.0,880.0,0.0,0.0
0xf689bb4b063683a9ffd7a9295106f1e47c095809,1,ok,8,0.0,7.0,0.0,2.0,0.0,2.0,0.25,0.7142857142857143,0.0,0.0,0.0,0.0,0.0,0.0,0.0,0.0,1.0,2.0,4.0,1.224744871391589,353508.375,0.0,0.0,5209096,5860321,111.9181652540272,0.0714808001171385,15.988309322003886,0.0036052168050297,1.7112001384964124,2.0,2.0,0.0,2.0816422972721056e-05,0.0,165.0,0.0,0.0
0x0755e59d505c9b473aec50b476df3ea2045739aa,1,ok,6,1.0,5.0,0.1666666666666666,5.0,1.0,4.0,0.8333333333333334,0.1666666666666666,2.70940422,2.7109792199999996,2.70940422,2.70940422,0.5421958439999999,1.5256759,0.0015749999999994,1.0,0.0,39.833333333333336,75.0,21.255718184892167,21000.0,0.0,0.0,5197148,5201207,0.6869060733334885,6.0,0.1373812146666977,0.0250460948160401,0.468111409072129,5.0,4.0,1.0,5.6189970543491013e-05,0.0,2397.0,0.0,0.0
0x268a5797e3cab775f74087193df9b30bb3e9abb7,0,ok,100,24.0,76.0,0.24,25.0,24.0,1.0,0.25,0.75,5.31069464,5.16740734,0.2212789433333333,0.47958316,0.0679922018421052,0.07898965,-0.1432873000000007,0.0903051658040726,0.0,32.38,40.0,13.637287120244991,73440.0,0.0,0.0,6337067,6895394,92.03301522842436,1.086566595170241,0.9296264164487308,0.0399081303703564,1.7006737671253522,25.0,1.0,24.0,1.785841040590335e-05,0.0,818.0,0.0,0.0
0xe74b02131ed2184eb94fd357b4f303e6935367f5,1,ok,4,1.0,3.0,0.25,4.0,1.0,3.0,1.0,0.0,5.99995,6.000811000000001,5.99995,5.99995,2.000270333333334,5.091,0.0008610000000004,1.0,0.0,27.75,41.0,13.808964479641476,21000.0,0.0,0.0,5178179,5182063,0.6572907585181572,4.0,0.2190969195060524,0.001692303703339,1.3323825479872529,4.0,3.0,1.0,4.54469715483178e-05,0.0,5.0,0.0,0.0
0x4a0d27a1044dd871a93275de5109e5f5efc4d46e,1,ok,98,33.0,65.0,0.336734693877551,85.0,31.0,54.0,0.8673469387755102,0.1326530612244898,1279.0235515023746,1279.0553973423748,38.7582894394659,1276.0,19.677775343728843,709.573978,0.0318458400001873,0.99763604704634,0.2755102040816326,38.81632653061224,60.0,14.684676824649504,105383.39795918368,0.010204081632653,0.0,4133623,5267290,217.74560268870383,0.4500664940641946,2.244800027718596,0.0,6.095782056850027,85.0,54.0,31.0,0.0005902325232072,0.0,3798.0,0.0,0.0
0x14130d36b36887620c37a404f859d11e293ec06a,1,ok,2,1.0,1.0,0.5,2.0,1.0,1.0,1.0,0.0,5.60897834,5.60996534,5.60897834,5.60897834,5.60996534,5.60996534,0.0009869999999994,1.0,0.0,36.0,47.0,11.0,21000.0,0.0,0.0,11251853,11275380,3.613564212222894,0.5534701703196508,3.613564212222894,3.613564212222894,0.0,2.0,1.0,1.0,1.3085094893848697e-05,0.0,23.0,0.0,0.0
0x4bb1c210e3921e0f051ed00e898b9605c902114e,1,ok,20,3.0,17.0,0.15,19.0,2.0,17.0,0.95,0.05,10.313115059071263,10.314879115071264,3.4377050196904215,4.480615059071265,0.606757595004192,3.0,0.0017640559999989,0.4344579725337381,0.0,31.14609375,60.0,14.074840310310533,56860.2,0.0,0.0,5099886,5126219,4.45634334296264,4.487984533683555,0.2345443864717179,0.0005076911107257,3.957642154989761,19.0,17.0,2.0,0.0001884014478715,0.0,25.0,0.0,0.0
0x3bbbec40c5722b4c19e1456e7d8b79e86a1474fe,0,ok,100,21.0,79.0,0.21,22.0,21.0,1.0,0.22,0.78,1.5919577200000004,1.49429793,0.0758075104761905,0.13073268,0.018915163670886,0.05231666,-0.0976597900000002,0.0821206985321192,0.0,35.210040532789996,60.0,12.52385148130702,75510.0,0.0,0.0,5621545,7131274,257.7727737137013,0.3879385652693728,2.6037653910474874,0.0021282697220643,2.7247158102536493,22.0,1.0,21.0,1.806848232285185e-05,0.0,818.0,0.0,0.0
0x703f0116bf2ef4c80efac751a319f097fd2dfe6c,1,ok,7,0.0,6.0,0.0,3.0,0.0,3.0,0.4285714285714285,0.5,0.0,0.0,0.0,0.0,0.0,0.0,0.0,0.0,1.0,4.0,7.0,1.5118578920369088,377480.71428571426,0.0,0.0,5130816,5833941,120.6366796308811,0.0580254697113539,20.10611327181352,0.0023692251852265,1.8220026723752465,3.0,3.0,0.0,1.311026011390056e-05,0.0,165.0,0.0,0.0
0xa89253a6607995d7f622e9c7b623376d63bffa66,0,ok,98,68.0,29.0,0.6938775510204082,39.0,30.0,17.0,0.3979591836734694,0.5979381443298969,18.934434770698164,18.4106966414,0.2784475701573259,3.0,0.634851608324138,4.18336234,-0.5237381292981631,0.158441486969689,0.4081632653061224,47.2818638542449,567.0,92.20559363175904,106821.6224489796,0.0306122448979591,0.010204081632653,3999384,17032685,2102.8719665137046,0.046602932351831,21.67909243828561,0.0,4.232417526390745,39.0,17.0,30.0,0.0001897676955833,0.0013495276653171,3798.0,0.0,0.0
0xdb21509547c82b69e714bf3a761e6d64f0f91cd0,1,ok,21,11.0,10.0,0.5238095238095238,13.0,4.0,9.0,0.6190476190476191,0.3809523809523809,5.078202714,5.083515714,0.4616547921818181,1.999517,0.5083515714,1.9,0.0053130000000001,0.3937450142523003,0.0,25.428571428571427,60.0,14.04269485930548,39857.142857142855,0.0,0.0,5156753,5719457,96.4645520237033,0.2176965482080907,4.823227601185165,0.003384607406678,3.313354556045699,13.0,9.0,4.0,0.0002040898537894,0.0,2397.0,0.0,0.0
0xcda5dd8e13fdae006b270769b1a18fa6c5524ce0,1,ok,8,2.0,6.0,0.25,8.0,2.0,6.0,1.0,0.0,9.47558,9.476,4.73779,9.37579,1.5793333333333333,6.0,0.0004199999999983,0.989468718537546,0.0,17.625,39.0,9.472822968893697,42062.5,0.0,0.0,4619353,4648672,4.863492729164384,1.644908391047294,0.6947846755949121,0.002654111109398,1.072676868229009,8.0,6.0,2.0,7.835735458676095e-05,0.0,9.0,0.0,0.0
0x2e84bc3888ac9c386457423fd5b074a561fdeeb3,0,ok,3,2.0,1.0,0.6666666666666666,3.0,2.0,1.0,1.0,0.0,0.007454254,0.01,0.003727127,0.007454254,0.01,0.01,0.002545746,1.0,0.3333333333333333,41.709074881666666,78.0,25.688345528902556,44000.0,0.0,0.0,4178892,4272859,22.538921657223945,0.1331030847715143,11.269460828611972,0.2340336600001211,0.9792329319424108,3.0,1.0,2.0,1.5516793152892565e-05,0.0,740.0,0.0,0.0
0xd8a0596eabb37bb0cc5b696d9764d9568c0a5cc8,0,ok,25,4.0,21.0,0.16,22.0,4.0,18.0,0.88,0.12,3.0882837199999997,3.089071227678105,0.7720709299999999,1.63082382,0.1470986298894335,0.8227661148524564,0.0007875076781052,0.5280680040627874,0.0,39.54,50.0,16.900840215799924,21000.0,0.0,0.0,6639797,7010010,61.710960826205984,0.405114418334961,2.5712900344252496,0.0003990262939974,3.8998195565222167,22.0,18.0,4.0,0.0001830183479504,0.0,217.0,0.0,0.0
0x3feba790b920f98da2067dd3f0f1705aa1723341,0,ok,5,3.0,2.0,0.6,3.0,3.0,1.0,0.6,0.4,0.007500119999979,0.0084678,0.002500039999993,0.007500119999979,0.0042339,0.008,0.000967680000021,1.0,0.4,10.5000000002,21.0,8.683317338252703,180200.0,0.0,0.0,5573782,6852387,215.37727601782316,0.0232150767826882,53.84431900445579,0.005628325925381,1.5691515561866791,3.0,1.0,3.0,1.7835604882143283e-05,0.0,182.0,0.0,0.0
0xb5879bf4a37c6ed9d86a6f2d8aab7939b21687cd,1,ok,9,3.0,6.0,0.3333333333333333,3.0,1.0,2.0,0.3333333333333333,0.6666666666666666,0.599,0.60065,0.1996666666666666,0.3,0.1001083333333333,0.2,0.00165,0.5008347245409015,0.0,7.044444444444444,41.0,12.045387416961374,27666.666666666668,0.0,0.0,5256123,5298041,7.056491645185484,1.2754213357767576,0.8820614556481855,0.0005050211096251,2.1560830972797755,3.0,2.0,1.0,3.447684386883675e-05,0.0,4.0,0.0,0.0
0x51a868927c81fd7407976081f733e9e7e4bdd4fb,0,ok,66,54.0,12.0,0.8181818181818182,11.0,8.0,6.0,0.1666666666666666,0.8333333333333334,132.67611355703576,74.801,2.4569650658710325,51.6,6.233416666666667,21.5,-57.87511355703576,0.3889170297245541,0.2424242424242424,90.72433727915153,792.0,153.8582324403758,450913.2878787879,0.0,0.0,6097838,23236711,2578.3674238041676,0.0255975930314161,39.66719113544873,0.0005582822224608,7.10995105540054,11.0,6.0,8.0,6.799447433197997e-05,0.0,237.0,0.0,0.0
0x8908168ed092276d8c54b0df3959c2dd092e30c9,0,ok,90,74.0,16.0,0.8222222222222222,33.0,23.0,12.0,0.3666666666666666,0.6333333333333333,21.102509566737027,15.7059472,0.285169048199149,3.15,0.9816217,3.12946075,-5.396562366737026,0.1492713456680625,0.1555555555555555,43.61570132187777,341.9,59.39211378030739,173643.52222222224,0.2555555555555555,0.0,5086404,15362934,1646.1734468054633,0.0546722462172212,18.496330862982735,0.0,5.656437653542278,33.0,12.0,23.0,7.651616783292692e-05,0.0,94.0,0.0,0.0
0x63f31608390814d1a199c299468cdf73c667a6d5,0,ok,13,11.0,2.0,0.8461538461538461,6.0,4.0,2.0,0.4615384615384615,0.5384615384615384,0.024595096609021,0.039139,0.0022359178735473,0.024595096609021,0.0195695,0.03,0.014543903390979,1.0,0.7692307692307693,32.58323278438461,111.0,36.66593857290278,116160.07692307692,0.0,0.0,4892147,14062275,1472.9041289574072,0.0088261005889107,122.7420107464506,0.0001758851855993,1.9450873984174135,6.0,2.0,4.0,3.447684386883675e-05,0.0,3798.0,0.0,0.0
0xf9f33bc8e770b5347ceb2fbfb82a1f7001a4910d,0,ok,17,9.0,8.0,0.5294117647058824,11.0,6.0,5.0,0.6470588235294118,0.3529411764705882,64.92044175850745,64.92350186450746,7.213382417611939,38.81574564673081,8.115437733063432,45.01976755995179,0.0030601060000066,0.597897127550649,0.0,9.907123014,16.0,4.362409023413667,44062.05882352941,0.0,0.0,6856440,23192519,2446.591323646111,0.0069484428542259,152.91195772788194,0.0005000659713038,3.867719001456088,11.0,5.0,6.0,6.008664945861417e-05,0.0181818181818181,301.0,0.0,0.0
0xeafddd80f84789f49e736741c74517346797ab37,0,ok,3,2.0,1.0,0.6666666666666666,2.0,2.0,1.0,0.6666666666666666,0.3333333333333333,0.007486802,0.008,0.003743401,0.007486802,0.008,0.008,0.000513198,1.0,0.3333333333333333,9.69,21.0,8.036097726301408,153666.66666666666,0.0,0.0,6758789,6851889,15.518714004630844,0.1933149872537626,7.759357002315422,0.0050006597240765,0.99935553168612,2.0,1.0,2.0,1.5186096696008964e-05,0.0,182.0,0.0,0.0
0xc214894da829ab38a609b565930f5f671bf33396,0,ok,78,39.0,39.0,0.5,3.0,2.0,1.0,0.0384615384615384,0.9615384615384616,2305.019156212715,2305.042374599999,59.10305528750552,184.05284398,59.10365063076921,184.0534523,0.0232183872840323,0.0798487264124997,0.0,19.867917487730768,22.027999998,2.172574783185557,64756.41025641026,0.0,0.0,3224151,22705290,3035.0377407729156,0.0256998451624315,39.41607455549241,0.0010042105559949,8.520778739931682,3.0,1.0,2.0,1.6661333263807784e-05,0.0,393.0,0.0,1.0
0x0c5e09e6a92bb01e90a89695eac9dce820aa7ed0,0,ok,10,4.0,6.0,0.4,9.0,4.0,5.0,0.9,0.1,3.1881379,3.1899019,0.797034475,1.011724,0.5316503166666667,0.95670499,0.001764,0.3173401000000659,0.0,29.5,61.0,11.324751652906125,27900.0,0.0,0.0,4071558,4161351,21.619942831667483,0.462535913154805,2.402215870185276,0.0016854275928603,1.749191079187867,9.0,5.0,4.0,1.5228923098726747e-05,0.1111111111111111,1143.0,0.0,1.0
0x1e67f055367bcbce045e1211f09355eb7411236f,1,ok,4,1.0,3.0,0.25,4.0,1.0,3.0,1.0,0.0,3.17979,3.1799999999999997,3.17979,3.17979,1.0599999999999998,2.0,0.0002099999999995,1.0,0.0,18.0,21.0,4.636809247747852,110500.0,0.0,0.0,4507647,4669139,26.788606972222528,0.1493172080260707,8.92953565740751,0.0472763541671964,1.4050188754616946,4.0,3.0,1.0,4.54469715483178e-05,0.0,836.0,0.0,0.0
0x92029180e566982cf7e7c1c484de0c6af5628282,0,ok,7,6.0,1.0,0.8571428571428571,7.0,6.0,1.0,1.0,0.0,0.0005741,0.005,9.568333333333332e-05,0.0005741,0.005,0.005,0.0044259,1.0,0.7142857142857143,9.943269535571428,17.0,3.854709534603832,75457.71428571429,0.0,0.0,5681974,21003582,2338.1036656707415,0.0029938792290426,389.6839442784569,0.8581438185191816,2.223109739077531,7.0,1.0,6.0,2.3506716189355696e-05,0.0,601.0,0.0,0.0
0xa64fce2c44011447b77f4973980de868c9a93452,0,ok,55,45.0,10.0,0.8181818181818182,17.0,14.0,4.0,0.3090909090909091,0.6909090909090909,1.1348793717264094,1.1318520200000002,0.0252195415939202,1.091082,0.113185202,1.092491,-0.0030273517264092,0.9614079057056226,0.6363636363636364,4.711818181818181,30.0,6.453392086452488,285062.1818181818,0.0363636363636363,0.0,4295553,7438579,552.2109591238421,0.0995996169421646,10.226128872663743,0.0,2.4736964399021533,17.0,4.0,14.0,3.926349452906806e-05,0.0,3798.0,0.0,0.0
0x8f3ab9008b1b3e1b4f3dc4c354e9192c1a3ad931,0,ok,100,100.0,0.0,1.0,6.0,6.0,0.0,0.06,0.94,26.184,0.0,0.26184,3.7,0.0,0.0,-26.184,0.1413076688053773,0.77,31.15,55.0,6.475144786026024,250000.0,0.04,0.0,5023468,5347911,54.81846826407369,1.824202739818925,0.5537219016573101,0.0,4.626442375185211,6.0,0.0,6.0,1.2536588509874642e-05,0.0,3798.0,0.0,0.0
0xd72ebdf278c092d9cdaa12c58f8bd9438f96b83e,1,ok,6,0.0,5.0,0.0,3.0,0.0,3.0,0.5,0.4,0.0,0.0,0.0,0.0,0.0,0.0,0.0,0.0,1.0,5.333333333333333,15.0,4.459696053419884,398716.8333333333,0.0,0.0,5191482,5929665,126.80375824365628,0.0473172095457207,25.360751648731252,0.012861508147584,1.647165037266508,3.0,3.0,0.0,1.295755569373233e-05,0.0,165.0,0.0,0.0
0x5f6ab160206bc6a5d663ca5d0f237d82c572272b,1,ok,6,0.0,5.0,0.0,3.0,0.0,3.0,0.5,0.4,0.0,0.0285858945327012,0.0,0.0,0.0057171789065402,0.0259800992439791,0.0285858945327012,0.0,0.6666666666666666,23.666666666666668,47.0,18.070848224573066,285917.5,0.3333333333333333,0.0,5213313,11186949,972.256289176342,0.0061712123303238,194.45125783526845,0.0016914806928899,1.9087062327885616,3.0,3.0,0.0,3.452908257207238e-05,0.0,165.0,0.0,0.0
0xf17ca7f2bb5a36e2ad24f6d6bfbca578ac7ecdeb,0,ok,100,100.0,0.0,1.0,5.0,5.0,0.0,0.05,0.95,0.27,0.0,0.0027,0.25,0.0,0.0,-0.27,0.9259259259259258,0.98,1.0495015200000004,4.0,0.3124830249499157,68542.85,0.0,0.0,5390044,8224324,475.76499627703595,0.2101878044465684,4.805707033101373,0.0,9.283562495821206,5.0,0.0,5.0,1.2536588509874642e-05,0.0,6.0,0.0,0.0
0xc9a29c4f5a835a54779363bc34118c233a6da4fd,0,ok,7,5.0,2.0,0.7142857142857143,5.0,5.0,1.0,0.7142857142857143,0.2857142857142857,0.0159403617726041,0.02,0.0031880723545208,0.0159403617726041,0.01,0.01,0.0040596382273958,1.0,0.5714285714285714,20.759858975714284,26.560465752,7.715828936184607,114428.57142857143,0.0,0.0,3743512,4267204,113.568855997037,0.0616366162936661,18.928142666172832,0.000385234353167,1.2868328587601616,5.0,1.0,5.0,1.294118636988344e-05,0.2,3798.0,0.0,0.0
0xff72ba4d89091bb44a47ea425573ee8512cf8de3,0,ok,3,2.0,1.0,0.6666666666666666,3.0,2.0,1.0,1.0,0.0,751.7378950198511,751.7387770198511,375.86894750992553,750.637895019851,751.7387770198511,751.7387770198511,0.0008820000000469,0.9985367240267022,0.0,21.0,21.0,0.0,44000.0,0.0,0.0,4256255,4256263,0.0018960992605597,3.0,0.0009480496302798,0.0007110372240896,0.2499999985446572,3.0,1.0,2.0,1.802165234961517e-05,0.0,9.0,0.0,0.0
0x4767a91fa1040495abc016988ea31ebd48f9a2c9,0,ok,3,2.0,1.0,0.6666666666666666,2.0,2.0,1.0,0.6666666666666666,0.3333333333333333,0.007489616,0.008,0.003744808,0.007489616,0.008,0.008,0.000510384,1.0,0.3333333333333333,9.666666666666666,21.0,8.055363982396381,153666.66666666666,0.0,0.0,6758789,6851985,15.534716115742922,0.1931158559736918,7.767358057871461,0.0050006597240765,0.9993561955446346,2.0,1.0,2.0,1.5186096696008964e-05,0.0,182.0,0.0,0.0
0x5bc989f38ec9b913b0fbd8b702858214d428a1bd,1,ok,15,8.0,7.0,0.5333333333333333,9.0,3.0,6.0,0.6,0.4,2.5698073564051582,2.573811386837524,0.3212259195506448,0.7493302860568368,0.3676873409767891,1.0,0.0040040304323656,0.291590061873376,0.0,29.743383210666668,61.58209024,15.722139298006844,23240.0,0.0,0.0,5219571,5485091,44.72481695073898,0.3353842681239226,3.1946297821956415,0.0096461311120677,1.9372089147914735,9.0,6.0,3.0,7.607100380869866e-05,0.0,377.0,0.0,0.0
0xc1dd8ac971129c8c08333924f58ff40a50b8bb9a,1,ok,100,37.0,63.0,0.37,24.0,18.0,6.0,0.24,0.76,24.94894525725505,22.001953628209336,0.67429581776365,4.14,0.349237359177926,4.0,-2.9469916290457157,0.1659388786704762,0.23,19.99770314688,115.040210772,24.77006874721444,98472.76,0.06,0.0,4661822,14035269,1508.2506407603703,0.0663019774681388,15.23485495717546,0.0,6.130675515550295,24.0,6.0,18.0,4.393815487757092e-05,0.0,1393.0,0.0,1.0
0x7c94dbebd3821d0f2ab818ecefd546145c978eae,0,ok,16,13.0,3.0,0.8125,15.0,12.0,3.0,0.9375,0.0625,1.0114801,1.01896394,0.0778061615384615,0.51627162,0.3396546466666666,0.50120848,0.0074838399999999,0.5104120387539014,0.6875,22.911920517375,49.0,12.0972811782325,69948.75,0.0,0.0,4941546,15323801,1664.8364819441183,0.0096105534528627,110.98909879627456,0.0057538325919045,1.7746717355654693,15.0,3.0,12.0,4.54469715483178e-05,0.0,3798.0,0.0,0.0
0x3aa65f17cde339df49afd2f88b3c8495842d5fb0,1,ok,11,5.0,6.0,0.4545454545454545,8.0,3.0,5.0,0.7272727272727273,0.2727272727272727,54.222,54.224358,10.8444,25.0,9.037393,50.0,0.0023580000000009,0.4610674633912434,0.0,26.363636363636363,51.0,11.37998823511716,127727.27272727272,0.0,0.0,4369613,4398649,6.881892261480291,1.5983975892168218,0.6881892261480291,0.0009480496302798,2.6749367295623303,8.0,5.0,3.0,6.73872269072799e-05,0.0,9.0,0.0,0.0
0x2b065809f6ec6df32878bcd26711a0e2bcf59c26,1,ok,24,20.0,4.0,0.8333333333333334,21.0,18.0,3.0,0.875,0.125,149.258042721435,149.273246049435,7.46290213607175,75.0,37.31831151235875,147.0,0.0152033279999841,0.5024854850868898,0.5416666666666666,21.0,21.0,0.0,72111.58333333333,0.0416666666666666,0.0,3976728,4111104,31.233693667777157,0.7684009536393726,1.3579866812077028,0.0,1.9556666023995823,21.0,3.0,18.0,3.2063293402927104e-05,0.1476190476190476,3798.0,1.0,3.0
0x66e88b42922916d01b9aec71dd334d7fa5fb526d,1,ok,8,0.0,7.0,0.0,4.0,0.0,4.0,0.5,0.4285714285714285,0.0,0.0,0.0,0.0,0.0,0.0,0.0,0.0,1.0,3.875,6.0,1.165922381636102,334037.625,0.125,0.0,5136144,5833896,119.72729475296204,0.0668185146628987,17.10389925042315,0.0020307644456624,2.205805019570059,4.0,4.0,0.0,2.408038779338161e-05,0.0,165.0,0.0,0.0
0x1b42bf30cd988ad20500ce47cce52098576ec2a2,1,ok,2,1.0,1.0,0.5,2.0,1.0,1.0,1.0,0.0,1.999559,2.0,1.999559,1.999559,2.0,2.0,0.0004409999999999,1.0,0.0,15.5,21.0,5.5,85500.0,0.0,0.0,4408228,4471574,15.013787959631946,0.1332108862451943,15.013787959631946,15.013787959631946,0.0,2.0,1.0,1.0,2.3506716189355696e-05,0.0,99.0,0.0,0.0
0x702d965332e3082dc976c3b4013cfe0e2c540bcb,1,ok,5,0.0,4.0,0.0,3.0,0.0,3.0,0.6,0.25,0.0,0.0,0.0,0.0,0.0,0.0,0.0,0.0,1.0,4.8,12.0,3.6551333764994136,428460.2,0.0,0.0,5130718,5929875,137.12292463689766,0.0364636330011194,34.280731159224416,1.2062740799977822,1.5422292739228745,3.0,3.0,0.0,1.2882417832913967e-05,0.0,165.0,0.0,0.0
0x3b0009071a0a9983e9aab537fd8c9ad478310aeb,1,ok,41,0.0,40.0,0.0,30.0,0.0,30.0,0.7317073170731707,0.25,0.0,47.23007095802725,0.0,0.0,1.1807517739506812,11.775,47.23007095802725,0.0,0.073170731707317,39.86335381395122,300.0,46.093528633743034,317175.0731707317,0.073170731707317,0.0,4172573,10682552,1093.8211968546304,0.037483274339443,27.34552992136576,0.0002407753715912,6.225328089986116,30.0,30.0,0.0,0.0003965987876033,0.0,314.0,0.0,1.0
0x425f9c3920fbd562e1b614b46176da057a4cde0a,0,ok,3,2.0,1.0,0.6666666666666666,3.0,2.0,1.0,1.0,0.0,0.0002627322729765,0.0006,0.0001313661364882,0.0002627322729765,0.0006,0.0006,0.0003372677270234,1.0,0.3333333333333333,9.349681237333334,15.0,6.627035223649106,29955.0,0.0,0.0,5771019,25564247,2959.0649691477333,0.0010138337722486,1479.532484573867,0.0705592431955867,0.9999523097708696,3.0,1.0,2.0,2.3506716189355696e-05,0.0,2397.0,0.0,0.0
0x5872b9ee0f855753a00fadcf6e1a470d97fd01d3,0,ok,46,30.0,16.0,0.6521739130434783,34.0,19.0,15.0,0.7391304347826086,0.2608695652173913,29.343458799999993,29.37031727,0.9781152933333332,10.88661008,1.835644829375,10.00025045,0.0268584700000076,0.3710063682063276,0.0,32.11121547830435,57.475936256,12.690959201190704,22370.5,0.0,0.0,3905166,3996630,17.617537378889544,2.6110346191244713,0.3915008306419898,0.0,1.4936674311240052,34.0,15.0,19.0,0.0001554572558905,0.0017825311942959,1143.0,0.0,0.0
0x35af10a1f8f4b3b2a6db44e2f355e0796aa61c64,0,ok,89,61.0,27.0,0.6853932584269663,35.0,22.0,13.0,0.3932584269662921,0.6022727272727273,148.24260332231376,97.071657997,2.430206611841209,50.0,3.5952465924814816,20.004,-51.17094532531375,0.3372849564122158,0.1797752808988764,30.93854893478651,220.200487271,34.06506574417924,552814.8876404495,0.0224719101123595,0.0112359550561797,4314415,23832965,2978.640974325924,0.0298793982783175,33.84819289006732,0.0,3.8095696385465487,35.0,13.0,22.0,0.0001435239213899,0.0033613445378151,2450.0,0.0,0.0
0xec5612d4b3d50af3825120c0ee3ecd46d1926147,0,ok,68,50.0,18.0,0.7352941176470589,22.0,16.0,7.0,0.3235294117647059,0.6764705882352942,1369.4119260188,1369.5894730000002,27.388238520376,255.45879718,76.08830405555557,255.5,0.1775469812002938,0.1865463505365243,0.5882352941176471,80.12989604858824,671.35,134.4519932533987,88500.0,0.0,0.0,3958436,21169873,2690.4186815062967,0.0252748765340599,40.155502709049195,0.0,2.7956173710113075,22.0,7.0,16.0,7.461025909085734e-05,0.0086580086580086,740.0,0.0,0.0
0x06dd03830308c0ffe861bb38392bac2b2651f128,0,ok,25,14.0,11.0,0.56,2.0,2.0,1.0,0.08,0.92,0.00315105,0.0121666999999999,0.0002250749999999,0.00315105,0.0011060636363636,0.00396424,0.00901565,1.0,0.52,31.23,40.0,9.26982200476363,80440.0,0.0,0.0,4786511,7622294,485.12312967407206,0.0515333087020529,20.21346373641967,0.000338460739564,4.009254990623816,2.0,1.0,2.0,2.5028413804036967e-05,0.0,182.0,0.0,0.0
0x8fbde7dda264c08482f53019746eae0c746473fb,0,ok,5,4.0,1.0,0.8,5.0,4.0,1.0,1.0,0.0,2.2275080000000003,2.227739,0.5568770000000001,1.565271,2.227739,2.227739,0.0002309999999998,0.7027005065750606,0.0,5.2,15.0,4.915282290977803,34800.0,0.0,0.0,5370149,7611849,383.573847426946,0.0130352995480284,95.8934618567365,0.0006733614813398,1.731433615918048,5.0,1.0,4.0,1.3791236163776358e-05,0.0,1474.0,0.0,0.0
0xccdf72de615b5158bb37931bbce645aa69221520,1,ok,3,1.0,2.0,0.3333333333333333,3.0,1.0,2.0,1.0,0.0,1.93078208,1.93164308,1.93078208,1.93078208,0.96582154,1.338309,0.000861,1.0,0.0,34.0,41.0,9.899494936611664,26666.666666666668,0.0,0.0,5105997,5152885,7.934873605925176,0.3780778559295288,3.967436802962588,1.3365814651852406,0.6631120969117439,3.0,2.0,1.0,3.447684386883675e-05,0.0,4.0,0.0,0.0
0x5d3f32f4b2e99fb79d2f6a1cbf3aa7390f8fc751,1,ok,60,3.0,57.0,0.05,56.0,3.0,53.0,0.9333333333333332,0.0666666666666666,133.699265898,133.700186003,44.566421966,133.69,2.3456172982982455,15.2,0.0009201050000058,0.999930695969512,0.0333333333333333,27.035965327249997,100.0,16.33237045692149,75640.18333333333,0.0166666666666666,0.0,4265905,5658164,252.94839708981416,0.23720253099171,4.287260967623968,0.0,7.277139767238687,56.0,53.0,3.0,0.0005560691290299,0.0,800.0,0.0,0.0
0xd71e4be9412dd43b558aed1c155a6c707b30eca0,0,ok,39,19.0,20.0,0.4871794871794871,5.0,2.0,3.0,0.1282051282051282,0.8717948717948718,4.508091371286408,4.515684387930369,0.2372679669098109,0.65253867,0.2257842193965184,0.65297967,0.0075930166439608,0.144748323904046,0.0,22.348005670282053,40.0,5.826635467479732,83461.53846153847,0.0,0.0,3333943,6280801,543.3005408543514,0.0717834735424185,14.297382654061876,0.0293745951851209,3.0603307457401674,5.0,3.0,2.0,1.4067453936587388e-05,0.2,1443.0,0.0,2.0
0xdf1ec2e44a8b1774b068ecfc5ef1c937a86baf3e,1,ok,100,0.0,100.0,0.0,93.0,0.0,93.0,0.93,0.07,0.0,91.2341998597026,0.0,0.0,0.912341998597026,20.0,91.2341998597026,0.0,0.02,38.91411860128,105.0,23.84272211573261,65549.0,0.0,0.0,5008528,5017770,1.564027082964226,63.937511753616675,0.015798253363275,0.0,1.925420838692768,93.0,93.0,0.0,0.0010021770702745,0.0,800.0,0.0,0.0
0xac8c540c12ed0e88f4093304bd7b98df2ee796cc,0,ok,6,3.0,3.0,0.5,2.0,1.0,1.0,0.3333333333333333,0.6666666666666666,299.9986290620291,300.0,99.99954302067636,99.999559,100.0,100.0,0.0013709379708757,0.3333333865979888,0.0,21.760920173,23.282760519,1.0761036285398815,23100.5,0.0,0.0,4201418,4202383,0.2323482324072608,6.0,0.0464696464814521,0.0028893044425381,1.8419962394950244,2.0,1.0,1.0,2.1316307083845403e-05,0.0,1148.0,0.0,1.0
0x48d0a447b1d7b9a89112578db4536032d3047b2e,1,ok,7,3.0,4.0,0.4285714285714285,5.0,1.0,4.0,0.7142857142857143,0.2857142857142857,3.5061874868630274,3.507510486863027,1.168729162287676,1.9366284868630272,0.8768776217157568,1.933,0.0013229999999997,0.5523459581437619,0.0,28.3,50.0,11.163588772689284,73642.85714285714,0.0,0.0,3984652,3997819,2.5361903554173533,2.7600451933932564,0.4226983925695588,0.0258107015766479,1.1218669207669487,5.0,4.0,1.0,5.6417099227798855e-05,0.0,1148.0,0.0,0.0
0xb177fc9a7caaa9c50d82c5d2533750f1d72aac86,1,ok,3,2.0,1.0,0.6666666666666666,3.0,2.0,1.0,1.0,0.0,0.19874,0.2,0.09937,0.11574,0.2,0.2,0.00126,0.5823689242226023,0.0,25.791666666666668,59.0,24.414889013787377,22400.0,0.0,0.0,5176677,7284836,363.1081953927764,0.008262000246937,181.5540976963882,39.410778875185386,0.7829254234674903,3.0,1.0,2.0,2.3506716189355696e-05,0.0,4.0,0.0,0.0
0x09cc69f6b484cada8e152d2002adfca496d723f3,1,ok,6,0.0,5.0,0.0,3.0,0.0,3.0,0.5,0.4,0.0,0.0,0.0,0.0,0.0,0.0,0.0,0.0,1.0,5.333333333333333,15.0,4.459696053419884,398716.8333333333,0.0,0.0,5191416,5929630,126.80891875342638,0.047315283964109,25.361783750685277,0.0072769059240818,1.6474612970843865,3.0,3.0,0.0,1.295755569373233e-05,0.0,165.0,0.0,0.0
0xea513cb6c81fb5897f5b3e1069c1678102bd7652,0,ok,4,3.0,1.0,0.75,3.0,3.0,1.0,0.75,0.25,5.29,5.3,1.7633333333333334,4.0,5.3,5.3,0.0099999999999997,0.7561436672967864,0.0,13.1875,44.0,17.817447229646845,118900.0,0.0,0.0,6648177,7560202,159.052181069724,0.0251489792412624,53.017393689908,3.896975656019317,1.0269059256849695,3.0,1.0,3.0,1.324636899720467e-05,0.3333333333333333,237.0,0.0,1.0
0xfbf1d84c087ea7ff71c2e147daf2c13e9718c13b,0,ok,7,4.0,3.0,0.5714285714285714,6.0,3.0,3.0,0.8571428571428571,0.1428571428571428,0.6586106114327337,0.6598509114327336,0.1646526528581834,0.5049139,0.2199503038109111,0.505,0.0012402999999998,0.7666349300106422,0.2857142857142857,19.47142857142857,41.0,16.0307485152498,31714.285714285714,0.0,0.0,5370164,15249559,1580.3063339529158,0.0044295209413547,263.38438899215265,0.0004659034698097,1.2447960917927443,6.0,3.0,3.0,3.9961907708577274e-05,0.0,377.0,0.0,0.0
0xd06f80a4b932d7247aba4a85decce6c2458c0654,1,ok,6,0.0,5.0,0.0,3.0,0.0,3.0,0.5,0.4,0.0,0.0,0.0,0.0,0.0,0.0,0.0,0.0,1.0,4.166666666666667,7.0,1.7716909687891085,398659.5,0.0,0.0,5191057,5830131,109.78798355467616,0.0546507896924065,21.957596710935235,0.0015450929160471,1.93901595081886,3.0,3.0,0.0,1.30351222530822e-05,0.0,165.0,0.0,0.0
0x15577e328dd6e17b7721c9ca4d00610d3ce3762f,1,ok,9,3.0,6.0,0.3333333333333333,8.0,2.0,6.0,0.8888888888888888,0.1111111111111111,115.055228,115.058,38.35174266666667,50.0,19.176333333333336,108.018,0.0027720000000073,0.4345739074107958,0.1111111111111111,31.333333333333332,60.0,19.44222209522358,78388.88888888889,0.0,0.0,4126072,5259778,218.2991246481461,0.0412278336640432,27.287390581018258,0.0252814138873859,2.5824711573732904,8.0,6.0,2.0,7.835735458676095e-05,0.0,9.0,0.0,0.0
0x2150a04837a9d8033dde2ebd6bf6dd8f9cadea28,0,ok,25,6.0,19.0,0.24,3.0,2.0,1.0,0.12,0.88,4.395032266787879,4.4000066,0.7325053777979799,1.66751025,0.2315792947368421,0.6,0.0049743332121208,0.3794079653523691,0.0,68.75492040404,80.0,21.648746436253116,87240.0,0.0,0.0,3940561,5309059,268.399111253564,0.0931448687860289,11.183296302231833,0.1278517216664773,3.9544962370726378,3.0,1.0,2.0,1.3057669574649996e-05,0.0,1148.0,0.0,0.0
0x0d979f9ffdd579d67c29531cccba568d2172d0b0,1,ok,3,1.0,2.0,0.3333333333333333,3.0,1.0,2.0,1.0,0.0,6.452349,6.452999999999999,6.452349,6.452349,3.2264999999999997,6.153,0.0006509999999995,1.0,0.0,45.333333333333336,55.0,10.338708279513884,87500.0,0.0,0.0,3920032,3964798,8.622700497499771,0.3479188452469011,4.311350248749886,0.6059736354621472,0.8594469016666287,3.0,2.0,1.0,3.447684386883675e-05,0.0,4.0,0.0,0.0
0x1612ab2b211a51c04e5870d0fb0f3fe024fcf388,0,ok,8,4.0,4.0,0.5,5.0,1.0,4.0,0.625,0.375,33.12245107558935,33.12776964,8.280612768897338,16.7869901035,8.28194241,16.79,0.0053185644106434,0.5068160585456101,0.0,41.182188217125,100.0,30.957528584042805,53875.0,0.0,0.0,3971441,4889534,190.85530981800895,0.0419165702417629,27.26504425971557,0.0008756620354122,1.6929811793863476,5.0,4.0,1.0,4.661678689714848e-05,0.0,818.0,0.0,0.0
0xbf3a406102155da78d33dcc12d7325890ddcdb49,0,ok,41,2.0,39.0,0.048780487804878,30.0,1.0,29.0,0.7317073170731707,0.2682926829268293,1.7043438202,1.7047543302,0.8521719101,1.7037543302,0.0437116494923076,0.046326,0.0004105099999998,0.9996541249523638,0.0,13.489731707317071,85.5,12.966055578682456,47682.92682926829,0.0,0.0,5579713,7286767,294.91448602347185,0.139023350642521,7.372862150586798,2.7225902184733637,0.1775703936846498,30.0,29.0,1.0,3.644861767913423e-05,0.0,818.0,0.0,0.0
0xe6d3486a5fe2742e313a3266af8ff4f43e597d27,1,ok,6,0.0,5.0,0.0,3.0,0.0,3.0,0.5,0.4,0.0,0.0,0.0,0.0,0.0,0.0,0.0,0.0,1.0,3.3333333333333335,4.0,0.7453559924999298,398663.5,0.0,0.0,5129772,5830469,120.21729362569474,0.049909624639209,24.043458725138947,0.0013734159259884,1.7893135944326348,3.0,3.0,0.0,1.30351222530822e-05,0.0,165.0,0.0,0.0
0xd5edb088b7382b397238f5010d14cf10dd395007,1,ok,4,1.0,3.0,0.25,4.0,1.0,3.0,1.0,0.0,1.296139,1.297,1.296139,1.296139,0.4323333333333333,1.067,0.000861,1.0,0.25,31.46875,53.0,18.87714702192839,44050.0,0.0,0.0,4927520,5076417,25.625674101481284,0.1560934547188665,8.541891367160428,0.3915960629643114,0.7439101632708881,4.0,3.0,1.0,3.457865142977874e-05,0.0,373.0,0.0,0.0
0xac9093198de62e5289163e85bacb53ead596b9f3,1,ok,6,0.0,5.0,0.0,3.0,0.0,3.0,0.5,0.4,0.0,0.0,0.0,0.0,0.0,0.0,0.0,0.0,1.0,4.166666666666667,11.0,3.131382371342656,379871.0,0.0,0.0,5119919,5929841,138.94460638884317,0.0431826765783819,27.788921277768633,0.0037230681490015,1.7663346307033645,3.0,3.0,0.0,1.2934656536149592e-05,0.0,165.0,0.0,0.0
0x181c71726f12ce2514e8b93019eb22645a79f966,1,ok,75,47.0,28.0,0.6266666666666667,30.0,18.0,16.0,0.4,0.6,32.07875045035953,32.101367450359525,0.6825266053267984,9.0,1.1464774089414116,15.0,0.0226169999999967,0.2805595565178609,0.0,20.719152,51.0,7.436865158050758,25674.666666666668,0.0,0.0,4913810,5658707,127.40155746481484,0.5886898205362454,1.7216426684434438,0.0013538429637749,2.4038745347054005,30.0,16.0,18.0,0.0002022342693707,0.0,31.0,0.0,0.0
0xaaa06f651b59f9229d33859fec4cd2e860081520,0,ok,100,48.0,52.0,0.48,30.0,1.0,29.0,0.3,0.7,2.497231392585979,2.45469165,0.0520256540122079,0.161193,0.0472056086538461,0.081515,-0.042539742585979,0.0645486839860196,0.0,6.199314090129999,21.0,5.260214976195227,33480.0,0.0,0.0,7697980,8075525,58.95502295370179,1.6962083125390588,0.5955052823606242,0.0045347165757859,0.8786693852018322,30.0,29.0,1.0,3.42240593436528e-05,0.0,818.0,0.0,0.0
0xf6f19188e01b1eb0e2d67993d3963afd4e4a1f75,0,ok,5,3.0,2.0,0.6,4.0,2.0,2.0,0.8,0.2,1.8416729691046831,1.8437754201046832,0.6138909897015611,0.9566485,0.9218877100523416,0.9587885134855594,0.0021024509999998,0.519445371707371,0.0,15.44,20.0,7.656004179727176,57400.0,0.0,0.0,5975949,23166882,2589.2816385157876,0.0019310375223863,647.3204096289468,0.0125324203239546,1.7319325998422832,4.0,2.0,2.0,3.447684386883675e-05,0.0,301.0,0.0,0.0
0xd1bdd067f5f1cbd358e2dde444f8d9f41de8ae76,1,ok,3,2.0,1.0,0.6666666666666666,2.0,1.0,1.0,0.6666666666666666,0.3333333333333333,3.998404,4.0,1.999202,2.1,4.0,4.0,0.0015960000000001,0.525209558613887,0.0,43.666666666666664,55.0,8.013876853447538,26666.666666666668,0.0,0.0,5023721,5024585,0.1462150399993967,3.0,0.0731075199996983,0.014892272590487,0.7962962963242559,2.0,1.0,1.0,2.3506716189355696e-05,0.0,377.0,1.0,1.0
0x6d0b90ea2951ca5ad3abdb606e4146e9765f1ee4,1,ok,100,44.0,56.0,0.44,90.0,42.0,48.0,0.9,0.1,96.01467637282758,54.049046760985874,2.1821517357460816,95.7,0.9651615493033192,30.43,-41.965629611841706,0.996722622158245,0.42,29.745,60.0,8.947204870796243,78492.07,0.01,0.0,4837854,5272557,74.50186565852,1.342248266081697,0.752544097560808,0.0003366807406699,5.629009937563316,90.0,48.0,42.0,0.0005226475256057,0.0,3798.0,0.0,0.0
0x8cf84dfd31dc9dfbb8cd11797bf4356bf370151f,0,ok,7,4.0,3.0,0.5714285714285714,3.0,1.0,2.0,0.4285714285714285,0.5714285714285714,0.0,0.00172018,0.0,0.0,0.0005733933333333,0.001,0.00172018,0.0,0.5714285714285714,8.453361202285715,18.123528416,4.190117163915823,29893.14285714286,0.0,0.0,6449364,6824346,61.671262818425895,0.1135050537332043,10.278543803070985,0.0260303758333126,1.0505700724859155,3.0,2.0,1.0,1.985000696286201e-05,0.0,6.0,0.0,0.0
0x2716ae223a5604f686b18d0680ce459ff036a933,0,ok,3,2.0,1.0,0.6666666666666666,3.0,2.0,1.0,1.0,0.0,5.672247999999979,5.673866,2.8361239999999897,5.671666,5.673866,5.673866,0.0016180000000209,0.9998973951773654,0.0,13.866666667,21.0,9.389829012290075,127000.0,0.0,0.0,3977208,4064098,19.823350363704893,0.151336678460407,9.911675181852448,0.00423757787104,0.999572466026853,3.0,1.0,2.0,2.3506716189355696e-05,0.0,7.0,0.0,0.0
0xe08329736e2221de81881ecc73d5b103b4d01391,0,ok,100,99.0,1.0,0.99,32.0,32.0,1.0,0.32,0.68,293.4227382451604,0.2,2.9638660428804084,147.08,0.2,0.2,-293.22273824516043,0.5012563132619661,0.61,17.70921722901,20.0,3.6326380667173144,87930.0,0.0,0.0,4520040,14820991,1654.8534898609723,0.0604283101873877,16.715691816777497,0.0,9.893747990417442,32.0,1.0,32.0,1.5364424788391122e-05,0.0,740.0,0.0,0.0
0x5e891d2c0782f5f2566ab5596581e7d72ddfbdf6,0,ok,13,7.0,6.0,0.5384615384615384,6.0,2.0,4.0,0.4615384615384615,0.5384615384615384,5.315897169548735,5.32387769,0.7594138813641049,2.00185841,0.8873129483333333,1.99955,0.007980520451265,0.3765795962847674,0.0,36.27509322807692,55.0,15.588892305129091,95098.23076923077,0.0,0.0,4133712,19489205,2415.3217580159258,0.0053823056728801,201.27681316799385,0.001444652221269,3.258415957318634,6.0,4.0,2.0,0.0001140826534558,0.0,1541.0,0.0,0.0
0x6fcf42fcd9c6a54b64d1b52083700142952a2805,1,ok,12,2.0,10.0,0.1666666666666666,11.0,2.0,9.0,0.9166666666666666,0.0833333333333333,19.338509,19.34,9.6692545,11.0,1.934,10.0,0.0014909999999979,0.5688132420136423,0.0,31.59166666666667,60.0,17.94252204184858,73433.5,0.0,0.0,4036785,5259758,239.7938683349998,0.0500429810124903,21.799442575909072,0.0084271379643016,2.172711664341996,11.0,9.0,2.0,0.0001112677376252,0.0,23.0,0.0,0.0
0x6af114154a8850b1c54d48bd9103bdcdb420611b,1,ok,16,1.0,15.0,0.0625,15.0,1.0,14.0,0.9375,0.0625,4.567507024,4.568368023999998,4.567507024,4.567507024,0.3045578682666665,1.0,0.0008609999999977,1.0,0.0,37.09375,60.5,14.803102240324492,44781.25,0.0,0.0,4899706,4928570,5.055021807405132,3.165169332516331,0.3370014538270087,0.0001751324065305,3.242434452112251,15.0,14.0,1.0,0.0001661183760226,0.0,16.0,0.0,0.0
0x63cfa80bbbee233a4257857dcdc9d78cbc8efe37,1,ok,5,4.0,1.0,0.8,4.0,3.0,1.0,0.8,0.2,0.005608794,0.007498475,0.0014021985,0.005608794,0.007498475,0.007498475,0.0018896809999999,1.0,0.6,20.0,43.0,11.50651989091402,36666.2,0.0,0.0,5173394,5548121,63.512925341482514,0.0787241332865253,15.878231335370629,0.0005276555567979,1.696435834081601,4.0,1.0,3.0,2.3506716189355696e-05,0.0,3798.0,0.0,0.0
0x1260bbd621e4629e8651bab5d1151f87580be4d8,0,ok,6,4.0,2.0,0.6666666666666666,4.0,3.0,1.0,0.6666666666666666,0.3333333333333333,0.04399187,0.049401,0.0109979675,0.04399187,0.0247005,0.04851,0.0054091299999999,1.0,0.5,41.0,41.0,0.0,58655.0,0.0,0.0,6945776,7363287,77.70200544384343,0.0772180842145226,15.540401088768686,0.0013265559242831,1.7503613746227706,4.0,1.0,3.0,2.3506716189355696e-05,0.0,5.0,0.0,0.0
0x6a14e385fff2f21abe425a07ce29842b7037a80d,1,ok,100,2.0,98.0,0.02,9.0,1.0,8.0,0.09,0.91,1002.0,1.0302120000000007e-05,501.0,501.0,1.0512367346938785e-07,1.02e-05,-1001.99998969788,0.5,0.02,0.16348190874,3.08575025,0.4186783001112117,22368.55,0.0,0.0,25492074,25623849,18.39190995833388,5.437173204226528,0.1857768682659988,0.0,8.09755747528558,9.0,8.0,1.0,0.0001002976099457,0.0,10.0,0.0,0.0
0x1e80dad60d19fb8159af3f440a8ceaa0e5581847,1,ok,62,21.0,41.0,0.3387096774193548,53.0,20.0,35.0,0.8548387096774194,0.1451612903225806,608.8448758850498,608.8643103920497,28.992613137383323,607.5,14.850349033952432,257.67516434,0.0194345069999144,0.9977911025643522,0.2419354838709677,42.145161290322584,60.0,15.74990709055397,76180.33870967742,0.0,0.0,4154406,5267372,212.75537207666648,0.2914144982325442,3.487792984863385,0.0,5.03988249152439,53.0,35.0,20.0,0.0004227198559729,0.0,3798.0,0.0,0.0
0xdbd67083fe38cf27773ddd33a90cbfe68b98849f,0,ok,100,75.0,25.0,0.75,44.0,35.0,10.0,0.44,0.56,2.1861320144448517,2.230103867858338,0.0291484268592646,0.28998296,0.0892041547143334,0.47391618,0.0439718534134856,0.1326465913695695,0.37,25.71152,140.0,21.511335382295535,44457.75,0.0,0.0,4604181,5255628,111.22685330583263,0.8990634637935593,1.1235035687457844,0.0,1.8813915300710569,44.0,10.0,35.0,7.204652563898753e-05,0.0063424947145877,1143.0,0.0,0.0
0x3d331ff700c9082744317e9ee96df8be3eaf55da,0,ok,4,3.0,1.0,0.75,2.0,2.0,1.0,0.5,0.5,0.0090162538971898,0.01,0.0030054179657299,0.0090162538971898,0.01,0.01,0.0009837461028101,1.0,0.5,16.3264059655,21.805623862,8.008262998456155,85500.0,0.0,0.0,4307953,6974158,463.81607620583367,0.0086241081437308,154.6053587352779,0.0035551861121698,1.4141539421495624,2.0,1.0,2.0,1.2738887439879045e-05,1.0,571.0,0.0,0.0
0x2056d2e97cc9ad78cf527b382495a8b9704ce011,1,ok,17,11.0,6.0,0.6470588235294118,13.0,10.0,3.0,0.7647058823529411,0.2352941176470588,1.0767844523439811,1.0822407200000002,0.0978894956676346,0.2,0.1803734533333333,0.5,0.0054562676560188,0.1857381944590982,0.0,20.352941176470587,41.0,8.34506671083608,37235.294117647056,0.0,0.0,5140791,5757022,105.7433842356503,0.1607665588053746,6.6089615147281435,0.0323628740730109,2.762059844516497,13.0,3.0,10.0,4.54469715483178e-05,0.0,14.0,0.0,0.0
0xbb53be0690ae7256833099a1f01125eb33445692,1,ok,100,66.0,34.0,0.66,76.0,49.0,31.0,0.76,0.24,50.83992627269891,12.504947105580232,0.7703019132227108,50.28727193998195,0.3677925619288303,6.329139,-38.334979167118675,0.9891295213578282,0.58,41.391000000000005,146.0,34.247295061070155,75214.64,0.08,0.0,5051980,12188916,1153.5816297433332,0.0866865399219728,11.6523396943771,0.0003114192601707,6.177723410945982,76.0,31.0,49.0,0.0003667974187827,0.0,3798.0,0.0,0.0
0xbf27b0d6b878dbc85327f3c4ca430ece78212f51,0,ok,4,2.0,2.0,0.5,4.0,2.0,2.0,1.0,0.0,84.045929,84.046769,42.0229645,73.99958,42.0233845,74.0,0.0008399999999966,0.8804659652224202,0.0,27.5,40.0,8.2915619758885,99083.25,0.0,0.0,3304392,3304453,0.0102094739813495,4.0,0.0034031579937831,0.0013389474070734,0.4404927490605475,4.0,2.0,2.0,1.6823222681401664e-05,0.0,54.0,0.0,1.0
0x944a3f5641d6faf7a6abde4ec31e40d0929955ed,1,ok,19,1.0,18.0,0.0526315789473684,18.0,1.0,17.0,0.9473684210526316,0.0526315789473684,41.423,41.423705769,41.423,41.423,2.3013169871666666,14.0,0.0007057689999996,1.0,0.0,30.473684210526315,60.0,14.022982718427976,148947.47368421053,0.0,0.0,3946446,3951419,0.957885215881246,19.0,0.0532158453267358,0.0005778515283708,1.224720365421614,18.0,17.0,1.0,0.0001815249378158,0.0,3798.0,0.0,1.0
0x1d60606d8a09b5015d773a80b0c660bb8d91809c,1,ok,100,78.0,22.0,0.78,53.0,47.0,7.0,0.53,0.47,272.26236540452675,209.81928953881305,3.4905431462118814,87.5,9.53724043358241,21.627,-62.44307586571372,0.3213811790329255,0.67,45.97809802958,60.0,18.721523756048715,143801.61,0.0,0.0,4104826,4357300,60.385754932962634,1.6560197038360325,0.609957120534976,0.0,5.9307158636433215,56.0,10.0,47.0,9.495615198424574e-05,0.0428571428571428,3798.0,1.0,3.0
0xb13aa546ec77c6bb0f85b5ca7159d92cd5c9d30c,0,ok,49,12.0,37.0,0.2448979591836734,7.0,1.0,6.0,0.1428571428571428,0.8571428571428571,8.87958094137217,8.888648259842048,0.7399650784476809,2.3780840673193,0.2402337367524878,2.3786,0.0090673184698779,0.267814898362964,0.0,25.179591165428576,78.0,12.976107568728738,657408.2040816327,0.0,0.0,4047437,5349987,252.41831236796523,0.1941222074592186,5.258714840999275,0.00213311166675,4.16436068345613,7.0,6.0,1.0,5.098003520509241e-05,0.0476190476190476,1148.0,0.0,2.0
0xf33068d5e798f6519349ce32669d1ec940db1193,1,ok,100,33.0,67.0,0.33,74.0,21.0,57.0,0.74,0.26,748.307412404157,310.84818783611996,22.67598219406537,630.0,4.63952519158388,58.0,-437.4592245680371,0.8418999859642445,0.0,61.49019885761,363.0,44.43982742986382,45467.11,0.0,0.0,4910492,25637734,3116.9698022359253,0.0320824410708971,31.484543456928535,0.0007005296288817,9.808745402210429,74.0,57.0,21.0,0.0006735978333497,0.0,447.0,0.0,1.0
0x943db403251105195f56ce69c7c48a6320475ab1,1,ok,4,2.0,2.0,0.5,4.0,2.0,2.0,1.0,0.0,2.2498,2.25,1.1249,2.249,1.125,2.0,0.0001999999999999,0.9996444128366966,0.0,12.5,31.0,10.920164833920778,83519.0,0.0,0.0,4497444,5176643,115.75275198962952,0.0345564138324622,38.58425066320985,0.0713407346275117,1.3796392712759526,4.0,2.0,2.0,3.447684386883675e-05,0.0,5.0,0.0,0.0
0xda1e5d4cc9873963f788562354b55a772253b92f,0,ok,100,58.0,42.0,0.58,23.0,14.0,10.0,0.23,0.77,3796.76433143,3652.8027675,65.46145399017242,600.4989429,86.97149446428573,225.15230000000005,-143.96156392999956,0.1581607101417933,0.33,125.00521170442,343.882,64.57344733619148,76620.0,0.0,0.0,10687393,13444082,425.8921986659726,0.2348012016027323,4.301941400666391,0.0,3.4597809471631753,23.0,10.0,14.0,0.0009772632060731,0.0434782608695652,1143.0,0.0,0.0
0x8651e8e218597e781e9a6d8ceb53ec5a236ae75b,1,ok,2,1.0,1.0,0.5,2.0,1.0,1.0,1.0,0.0,5.64679652,5.64778352,5.64679652,5.64679652,5.64778352,5.64778352,0.0009870000000002,1.0,0.0,36.0,47.0,11.0,21000.0,0.0,0.0,11251975,11275387,3.5959011066677395,0.5561888218481531,3.5959011066677395,3.5959011066677395,0.0,2.0,1.0,1.0,1.3085094893848697e-05,0.0,23.0,0.0,0.0
0x538b8bc7fb6e259cdbca06d616c1234761272dbb,0,ok,11,6.0,5.0,0.5454545454545454,8.0,5.0,3.0,0.7272727272727273,0.2727272727272727,2.679195537,2.63527084,0.4465325895,1.88812,0.527054168,1.29412,-0.043924697,0.7047339299893736,0.2727272727272727,39.03243362627273,87.0,26.164520997705814,56947.27272727273,0.0,0.0,4902465,25377515,3082.056679674075,0.0035690453301991,308.2056679674075,0.0119090037047863,1.2871629333343035,8.0,3.0,5.0,4.54469715483178e-05,0.0,2397.0,0.0,0.0
0x079b05eb4746fe17c0d63df2c83158d071410906,0,ok,5,3.0,2.0,0.6,4.0,2.0,2.0,0.8,0.2,90.59383333626448,90.59602417,30.197944445421488,71.5940858,45.298012085,71.59602416999999,0.0021908337355256,0.7902754874524234,0.0,26.55090818,50.0,16.63029686840147,58200.0,0.0,0.0,3592854,22603041,2958.283545026481,0.0016901692903663,739.5708862566203,0.0278389270382898,1.550348321699112,4.0,2.0,2.0,3.344014531459625e-05,0.0,1541.0,0.0,1.0
0x2ad7cb7ce3b5cbaa02481e416d85f5954748d292,0,ok,100,45.0,55.0,0.45,51.0,2.0,49.0,0.51,0.49,20.142422108760165,0.243668372290347,0.4476093801946703,20.142422108760165,0.0044303340416426,0.09207243030808,-19.898753736469818,1.0,0.44,67.4407762973,137.0,32.06363208267098,138810.0,0.43,0.0,11450742,12801175,208.3493582331472,0.4799630814705843,2.1045389720519916,0.0,6.567805306360173,51.0,49.0,2.0,0.0005500728448044,0.0,3798.0,0.0,0.0
0xb357fc52d36acba49cfedf8487e87ae898ff4254,0,ok,4,2.0,2.0,0.5,3.0,2.0,1.0,0.75,0.25,0.0139269783546144,0.015,0.0069634891773072,0.0139269783546144,0.0075,0.01,0.0010730216453855,1.0,0.25,22.320161098,25.0,1.6064613067527225,38250.0,0.0,0.0,4095717,4274224,42.88893502388839,0.0932641483816762,14.296311674629465,0.5282611625917532,0.6890522922122361,3.0,1.0,2.0,1.8496997795910488e-05,0.0,740.0,0.0,0.0
0xf72899acfbabcd70985f915256c3813143378836,0,ok,4,2.0,2.0,0.5,3.0,2.0,1.0,0.75,0.25,34.8699433159405,34.8708253159405,17.43497165797025,18.672162882109003,17.43541265797025,18.672603882109,0.0008819999999971,0.5354801616087853,0.0,40.5,60.0,19.5,21000.0,0.0,0.0,4032550,4032571,0.0050562827785809,4.0,0.0016854275928603,0.000481550740423,0.6494372233744446,3.0,1.0,2.0,2.0724668549448983e-05,0.0,1443.0,0.0,0.0
0x394f59e83d88469d3ca3b8da15f31b73f27eada7,1,ok,3,2.0,1.0,0.6666666666666666,3.0,2.0,1.0,1.0,0.0,19.999118,20.0,9.999559,14.999118,20.0,20.0,0.0008820000000007,0.749988974513776,0.0,21.0,21.0,0.0,80666.66666666667,0.0,0.0,4420546,4538844,25.275102068147177,0.1186938826957591,12.637551034073589,2.0475501875910496,0.8379788788135922,3.0,1.0,2.0,2.3506716189355696e-05,0.0,4.0,0.0,0.0
0xdf4f6e173d8ef50cf723396e19330289fff0f4d0,0,ok,48,31.0,16.0,0.6458333333333334,10.0,7.0,3.0,0.2083333333333333,0.7872340425531915,13.197909916,11.5593695,0.425739029548387,2.403689187,0.7224605937499999,2.44201743,-1.6385404159999997,0.1821265035371984,0.1458333333333333,16.233333333333334,50.0,13.40928368291494,1156513.4791666667,0.0833333333333333,0.0208333333333333,6170910,7414429,214.33516714809943,0.2239483172018774,4.560322705278712,0.001596105184268,2.3128351920338575,10.0,3.0,7.0,0.0003683551939991,0.0222222222222222,1393.0,0.0,0.0
0xc23578aa3bb956d61fe8a34ac608d82d98957a0b,0,ok,14,6.0,8.0,0.4285714285714285,7.0,2.0,5.0,0.5,0.5,16.218488280857237,16.22067576873385,2.703081380142873,10.0,2.0275844710917315,6.7969452,0.0021874878766148,0.6165802772014856,0.0714285714285714,16.795171250642856,32.0,13.6597055786623,32289.714285714286,0.0,0.0,3927240,23019865,2954.631978139814,0.0047383227771108,227.27938293383184,0.0005582822197013,3.182611929612246,7.0,5.0,2.0,4.563239240058283e-05,0.0,1143.0,0.0,0.0
0xfb1a7ccf5bcd436dcc0acb49ba1fb9f57bb4d064,1,ok,5,1.0,4.0,0.2,5.0,1.0,4.0,1.0,0.0,5.389139,5.39,5.389139,5.389139,1.3475,5.0,0.0008609999999995,1.0,0.0,37.4,60.0,18.24938355123263,134200.0,0.0,0.0,5173171,5199780,4.503050925185283,1.110358306639463,1.1257627312963208,0.0010153822214515,1.729273655425903,5.0,4.0,1.0,5.6417099227798855e-05,0.0,6.0,0.0,0.0
0x3a46e28ce874036dfdebbbe7ea121d11a34b8bba,0,ok,5,3.0,2.0,0.6,5.0,3.0,2.0,1.0,0.0,1000.99685,1001.0,333.66561666666666,864.3749352437796,500.5,824.9420193237796,0.003150000000005,0.8635141411721522,0.0,46.4,50.0,4.409081537009721,34800.0,0.0,0.0,3995865,3995880,0.0028892576390946,5.0,0.0007223144097736,0.0,1.1527744312883696,5.0,2.0,3.0,3.447684386883675e-05,0.0,93.0,0.0,1.0
0xd6f8668e96951e4108a79bc45ccef022544c73b3,1,ok,7,0.0,6.0,0.0,3.0,0.0,3.0,0.4285714285714285,0.5,0.0,0.0,0.0,0.0,0.0,0.0,0.0,0.0,1.0,4.142857142857143,12.0,3.356382892705923,361376.28571428574,0.0,0.0,5118826,5929740,139.11223580759156,0.0503190819942094,23.185372634598593,0.0028769162959522,1.6496466841435509,3.0,3.0,0.0,1.3009794396967956e-05,0.0,165.0,0.0,0.0
0xaf313b5cf52d7a2ad7785d008660ab68421db2d1,1,ok,3,1.0,2.0,0.3333333333333333,3.0,1.0,2.0,1.0,0.0,0.627162165,0.63,0.627162165,0.627162165,0.315,0.33,0.002837835,1.0,0.0,59.37833333333333,135.135,55.8841325621345,21000.0,0.0,0.0,5209283,11632814,1041.4198739653716,0.0028806824941577,520.7099369826857,0.2927685407411169,0.9994377511932316,3.0,2.0,1.0,3.447684386883675e-05,0.0,4.0,0.0,0.0
0x769b0589eddc5f1155c5e8ece4e35553a0f285af,0,ok,8,3.0,5.0,0.375,5.0,2.0,3.0,0.625,0.375,12.99271661,12.994674859999998,4.330905536666667,7.99978869,2.5989349719999995,4.89464992,0.0019582499999977,0.615713320787961,0.0,22.53125,41.0,13.106795410682963,50625.0,0.0,0.0,6546072,8988239,399.99384522458195,0.0200003077435061,57.14197788922599,0.0006495935166323,1.921870474203878,5.0,3.0,2.0,3.682758551443983e-05,0.0,1474.0,0.0,0.0
0x34743ffa1f93e745668725e44efeb3c50a237796,1,ok,17,1.0,16.0,0.0588235294117647,17.0,1.0,16.0,1.0,0.0,28.433,28.434401649,28.433,28.433,1.7771501030625,9.999559,0.0014016490000017,1.0,0.0,25.64176493235294,50.0,9.447052741629628,41529.41176470588,0.0,0.0,4280285,4313136,7.786094595742998,2.1833795866408625,0.4866309122339374,0.0,2.685646512164076,17.0,16.0,1.0,0.0001489003844647,0.0,447.0,0.0,1.0
0xac2e2e6589659a92f55a4917cffee6f6e0d75b4a,0,ok,9,5.0,4.0,0.5555555555555556,5.0,3.0,3.0,0.5555555555555556,0.4444444444444444,10.72582136847904,10.746041189283758,2.145164273695808,6.5745053044790405,2.6865102973209396,10.466,0.0202198208047175,0.612960544336506,0.0,14.11111111111111,21.0,9.278942042716873,57333.666666666664,0.0,0.0,4022993,4661893,140.76592198546285,0.0639359290448823,17.595740248182857,0.0161319498138295,2.0020141743531905,5.0,3.0,3.0,2.5510268254926483e-05,0.0,8.0,0.0,1.0
0x97ebb477f3ad909bdc3793bf6933149d05600df0,0,ok,100,49.0,51.0,0.49,3.0,1.0,2.0,0.03,0.97,12.87498068,12.703301419915109,0.262754707755102,3.4243149,0.2490843415669628,1.42,-0.1716792600848933,0.2659666049300821,0.0,22.38961505374,58.0,6.015578410354125,67272.4,0.01,0.0,4157046,4874246,144.86412283110948,0.690302043360905,1.463273967991005,0.000481550740423,6.514198413885952,3.0,2.0,1.0,2.3567210850969635e-05,0.0,1541.0,0.0,0.0
0xb37722e14fcfc78a56312a9a746c5474822002f2,1,ok,38,2.0,36.0,0.0526315789473684,35.0,1.0,34.0,0.9210526315789472,0.0789473684210526,28.06922589,28.07304189,14.034612945,18.06922589,0.7798067191666667,4.98466295,0.0038160000000004,0.6437379484853332,0.0,66.32894736842105,100.0,32.316745764180894,81736.84210526316,0.0,0.0,4720638,4747977,4.535046479166658,8.37918644815802,0.122568823761261,0.0009952916646445,5.188386338413164,35.0,34.0,1.0,0.0004049166223226,0.0,39.0,0.0,0.0
0xb0dba64e6a353a74cc78e8a98914c4dff517ba7d,1,ok,4,2.0,2.0,0.5,3.0,1.0,2.0,0.75,0.25,0.5900000000000001,0.6000000000000001,0.295,0.39,0.3,0.4,0.01,0.6610169491525423,0.0,25.75,41.0,16.663958113245485,40750.0,0.0,0.0,5093700,5093965,0.0448460481481419,4.0,0.0149486827160473,0.0069384451845177,0.5424782603003893,3.0,2.0,1.0,3.447684386883675e-05,0.0,4.0,0.0,0.0
0x19f107d2adf286eee88373b56651e8e0ff767603,0,ok,75,21.0,54.0,0.28,17.0,2.0,15.0,0.2266666666666666,0.7733333333333333,159.4477773769399,159.4512244,7.592751303663805,25.8517319958,2.952800451851852,24.995,0.0034470230600902,0.1621329091009254,0.0,11.96862091296,60.0,7.625164717628614,67976.0,0.0,0.0,6431248,20525388,2144.3296194229633,0.0349759660644814,28.977427289499506,0.0,7.622166481866721,17.0,15.0,2.0,0.0001657261547359,0.0,880.0,0.0,0.0
0x6834d3096793d0731348f1581ae1b20c9b79e26a,1,ok,6,3.0,3.0,0.5,2.0,1.0,1.0,0.3333333333333333,0.6666666666666666,0.139895,0.14,0.0466316666666666,0.099958,0.0466666666666666,0.1,0.000105,0.7145216054898318,0.0,21.333333333333332,41.0,19.669491322575908,21000.0,0.0,0.0,5285759,5285931,0.0289545437058916,6.0,0.0057909087411783,0.0008417018530545,0.9499366632044546,2.0,1.0,1.0,2.3506716189355696e-05,0.0,1443.0,0.0,0.0
0x4ed4d9e03fd97eae639f3530eeeb86b7726dbde9,0,ok,100,18.0,82.0,0.18,3.0,2.0,1.0,0.03,0.97,6.58045903684949,6.456929685848217,0.3655810576027494,1.0210271113095293,0.0787430449493685,0.200168713521941,-0.1235293510012729,0.1551604691393024,0.0,25.892565585009997,178.058583385,33.07828070429483,49560.0,0.0,0.0,6691501,16148323,1488.0001684613885,0.067204293466849,15.030304731933215,0.0065419472202106,2.037760009545985,3.0,1.0,2.0,1.439022898851899e-05,0.0,1393.0,0.0,0.0
0xadf5b0c2103598fb66a61714152f1d1717d49fe0,1,ok,32,2.0,30.0,0.0625,29.0,1.0,28.0,0.90625,0.09375,182.664,182.67402332376324,91.332,181.664,6.0891341107921075,68.0,0.0100233237632494,0.9945254675250732,0.0,36.56330798971875,82.90625,16.968112183760574,146781.25,0.0,0.0,3897234,3945726,9.340392094999553,3.4259803736859658,0.3013029708064371,0.0013483202319454,2.5167271104920172,29.0,28.0,1.0,0.0003197001635353,0.0,51.0,0.0,0.0
0xbeccd1b0e3fc3868e8c91085f5825e91a6d12e85,0,ok,8,6.0,2.0,0.75,7.0,6.0,1.0,0.875,0.125,0.0,0.0021999999999999,0.0,0.0,0.0010999999999999,0.0012,0.0021999999999999,0.0,0.75,8.359375,21.28125,5.881977239840358,58800.0,0.125,0.0,5014447,6942155,325.26555817375026,0.0245952877547722,46.46650831053576,0.0032153770355162,1.8968554061993292,7.0,1.0,6.0,2.3506716189355696e-05,0.0,376.0,0.0,0.0
0xac0c6f22545e63388aa0969bb051d73cb416a196,0,ok,100,100.0,0.0,1.0,2.0,2.0,0.0,0.02,0.98,0.2826121727816962,0.0,0.0028261217278169,0.2826121727816962,0.0,0.0,-0.2826121727816962,1.0,0.99,20.205381502469997,27.221063327,1.1714557551859046,85522.8,0.0,0.0,4238200,4333901,22.726727364259187,4.400105584813032,0.2295629026692847,0.00165908685161,1.131675296176339,2.0,0.0,2.0,1.2536588509874642e-05,0.0,3798.0,0.0,0.0
0x3884eb0ae2a04bce65b5b0ca9c1bd069cbd52c66,1,ok,25,0.0,24.0,0.0,12.0,0.0,12.0,0.48,0.5,0.0,0.0,0.0,0.0,0.0,0.0,0.0,0.0,1.0,9.094,41.0,7.930930840702116,229647.8,0.0,0.0,5191009,7048862,314.77662235296157,0.0794213998902602,13.115692598040065,0.0005276555567979,1.6857785277315542,12.0,12.0,0.0,0.0001009623577446,0.0,165.0,0.0,0.0
0xe7b8f8729690c6518d2d581af4b3a6863bcdddae,0,ok,10,4.0,6.0,0.4,7.0,2.0,5.0,0.7,0.3,33.08381244918978,33.08520079218978,8.270953112297445,25.16,5.51420013203163,13.25999993,0.0013883430000021,0.7604927648118186,0.0,8.64,13.0,3.6008887791766075,47500.0,0.0,0.0,6964598,23152247,2422.941826424908,0.0041272142364041,269.2157584916564,0.0010001319453672,2.828379402937513,7.0,5.0,2.0,5.768247199188183e-05,0.0476190476190476,301.0,0.0,0.0
0x0af16719353eddc122eaf834638406c499197860,1,ok,3,1.0,2.0,0.3333333333333333,3.0,1.0,2.0,1.0,0.0,1.049139,1.05,1.049139,1.049139,0.525,0.55,0.000861,1.0,0.0,27.0,41.0,9.899494936611664,140333.33333333334,0.0,0.0,5077881,5141270,10.727343947407272,0.2796591602458202,5.363671973703636,0.0285999325938798,0.9946678445784723,3.0,2.0,1.0,3.447684386883675e-05,0.0,121.0,0.0,0.0
0x175f6dbf87215a6da7107977b4680bc3db31b2de,1,ok,32,21.0,11.0,0.65625,15.0,6.0,9.0,0.46875,0.53125,13.06748486875316,13.076682868753162,0.622261184226341,4.35,1.188789351704833,8.8,0.0091980000000013,0.3328873186914244,0.53125,27.4375,49.0,15.421043860582202,30625.0,0.0,0.0,5160742,12588141,1196.8860752876378,0.0267360450260979,38.60922823508509,0.0,5.363449360907674,15.0,9.0,6.0,9.024165957286545e-05,0.0,33.0,0.0,0.0
0x33a1de12b9eab1087faa0f9e4b1eb253d5ef7962,0,ok,22,19.0,3.0,0.8636363636363636,8.0,5.0,3.0,0.3636363636363636,0.6363636363636364,2.5995480000000004,2.117604,0.1368183157894737,1.0,0.705868,1.064518,-0.4819440000000003,0.3846822601467639,0.1363636363636363,33.07252386363636,133.0,32.41077570152339,606618.1818181818,0.0,0.0,6097215,6664928,94.04372615328818,0.2339337338052803,4.478272673966104,0.0008245481467909,2.6040755160323577,8.0,3.0,5.0,1.6611816329352437e-05,0.0,237.0,0.0,0.0
0xa802ca2ba78ef80feb34f057d34503663527f1f3,0,ok,76,48.0,28.0,0.631578947368421,16.0,8.0,10.0,0.2105263157894736,0.7894736842105263,39.880270434,39.92695886999999,0.830838967375,13.3,1.425962816785714,5.0,0.0466884359999966,0.3334982399883894,0.3815789473684211,22.743157894736843,41.0,10.614179221871874,53442.28947368421,0.0,0.0,4081074,6368501,418.2465651248147,0.1817109961855151,5.5766208683308625,0.0007223261120142,2.318706260457186,16.0,10.0,8.0,0.0001050019614268,0.0333333333333333,3798.0,0.0,0.0
0x858457daa7e087ad74cdeeceab8419079bc2ca03,1,ok,100,70.0,30.0,0.7,64.0,39.0,27.0,0.64,0.36,1195.2,904.938403650552,17.074285714285715,680.0,30.164613455018404,193.5,-290.2615963494479,0.5689424364123159,0.61,52.72,100.0,16.648171070721254,92557.71,0.11,0.0,4062781,4173903,26.7554407062961,3.737557571849974,0.2702569768312737,0.0,3.6730927117739833,64.0,27.0,39.0,0.0003129792220655,0.0,3798.0,0.0,0.0
0x0a78fa6dab70385dd46fbdd20da5d868eb43f904,1,ok,4,1.0,3.0,0.25,4.0,1.0,3.0,1.0,0.0,3.81478501,3.81520501,3.81478501,3.81478501,1.2717350033333332,1.81520501,0.0004199999999996,1.0,0.0,65.0,100.0,35.70714214271425,80250.0,0.0,0.0,4738116,4794007,9.678392880556208,0.4132917571507103,3.226130960185403,0.0960456458341192,1.2954397038248306,4.0,3.0,1.0,4.54469715483178e-05,0.0,5.0,0.0,0.0
0x0b1f025593acd090a6c9b754e6e46acf88e89646,1,ok,6,0.0,5.0,0.0,4.0,0.0,4.0,0.6666666666666666,0.2,0.0,0.0,0.0,0.0,0.0,0.0,0.0,0.0,1.0,4.833333333333333,12.0,3.933474573735315,393509.3333333333,0.0,0.0,5128043,5929739,137.55226780689978,0.043619782470057,27.51045356137995,0.116430494815663,1.0885011668712357,4.0,4.0,0.0,1.5076443368810178e-05,0.0,165.0,0.0,0.0
0x0387cfc283ffcf25a4a6a61e832545bbeb7c8fda,1,ok,6,4.0,2.0,0.6666666666666666,6.0,4.0,2.0,1.0,0.0,3.775976,3.779,0.943994,2.04857597,1.8895,3.4,0.0030239999999999,0.5425288640605767,0.0,40.96666666666667,60.0,9.35978394812378,60916.666666666664,0.0,0.0,4738641,4766771,4.821398611573709,1.2444521773406314,0.964279722314742,0.3882685472209145,1.0637468373561365,6.0,2.0,4.0,3.447684386883675e-05,0.0,7.0,0.0,0.0
0x0b00010919f2add219057db7b9b0e2a134c196c8,0,ok,5,3.0,2.0,0.6,5.0,3.0,2.0,1.0,0.0,2000.998677,2001.0,666.999559,1468.2850720797371,1000.5,1378.5942673481982,0.0013229999999566,0.7337761333660978,0.0,21.0,21.0,0.0,34800.0,0.0,0.0,4154638,4154654,0.0038524059261436,5.0,0.0009631014815359,0.0,0.8838834772682591,5.0,2.0,3.0,2.899178002909622e-05,0.0,9.0,0.0,0.0
0x87508cd49185705848fb6a7da0b3aafaa0073f8a,0,ok,23,14.0,9.0,0.6086956521739131,13.0,6.0,7.0,0.5652173913043478,0.4347826086956521,16.128598387,16.19029454,1.1520427419285717,5.5998613575,1.7989216155555556,3.05458768,0.0616961529999997,0.3472007438670932,0.3478260869565217,33.70423804686957,60.4,17.35469949691122,81840.26086956522,0.0,0.0,3967825,8420793,783.0906425618049,0.0293708017308925,35.59502920735477,0.0003852343504075,2.644727159972277,13.0,7.0,6.0,5.8333432687728195e-05,0.0128205128205128,740.0,0.0,0.0
0xcee9ee01d48050415f1b104277bd493c5dbe645e,1,ok,7,0.0,6.0,0.0,4.0,0.0,4.0,0.5714285714285714,0.3333333333333333,0.0,0.0,0.0,0.0,0.0,0.0,0.0,0.0,1.0,4.428571428571429,6.0,1.0497813183356477,377444.1428571429,0.0,0.0,5207045,5822645,105.79715444051006,0.066164350421505,17.63285907341834,0.0020307644456624,1.858667603995478,4.0,4.0,0.0,1.320133630883191e-05,0.0,165.0,0.0,0.0
0xd84af8766bd29b988f3426cc48cac5a6646f1f90,1,ok,6,0.0,5.0,0.0,4.0,0.0,4.0,0.6666666666666666,0.2,0.0,0.0,0.0,0.0,0.0,0.0,0.0,0.0,1.0,4.5,11.0,2.9860788111948193,398727.5,0.0,0.0,5130610,5929799,137.12815406560347,0.0437546909377161,27.425630813120694,1.15787419407456,1.4534545689787128,4.0,4.0,0.0,2.385254551239502e-05,0.0,165.0,0.0,0.0
0x82b8edd1885d3bc6a71a3e6e17ea80b1111bec56,0,ok,4,2.0,2.0,0.5,3.0,2.0,1.0,0.75,0.25,0.47716,0.478,0.23858,0.29858,0.239,0.299,0.0008399999999999,0.625743985246039,0.0,20.0,20.0,0.0,55500.0,0.0,0.0,3304183,3304400,0.0363189484261804,4.0,0.0121063161420601,0.0023431579630683,1.034826462405363,3.0,1.0,2.0,4.990188259339333e-05,0.0,54.0,0.0,1.0
0xfcdd417b449c982fc9b6d7b117e417682e81b627,1,ok,2,1.0,1.0,0.5,2.0,1.0,1.0,1.0,0.0,0.49874,0.5,0.49874,0.49874,0.5,0.5,0.0012599999999999,1.0,0.0,35.0,60.0,25.0,21000.0,0.0,0.0,4715213,4742056,4.4527690347228885,0.4491587109962165,4.4527690347228885,4.4527690347228885,0.0,2.0,1.0,1.0,2.3506716189355696e-05,0.0,3.0,0.0,0.0
0x89fdb595cc181a582a80420fcfea55f20ab7b688,0,ok,5,3.0,2.0,0.6,4.0,2.0,2.0,0.8,0.2,1.65,1.6567778207995203,0.5499999999999999,1.65,0.8283889103997603,1.5967778207995205,0.0067778207995206,1.0,0.4,27.2625,60.0,19.133337643364783,38280.0,0.0,0.0,6628295,7768860,194.8193130060175,0.0256648066500756,48.704828251504374,0.0026194088878454,0.9422863671473042,4.0,2.0,2.0,3.447684386883675e-05,0.0,559.0,0.0,0.0
0xa6b60dd3be491aafe5aba8622b35c0ead608d3fd,1,ok,2,1.0,1.0,0.5,2.0,1.0,1.0,1.0,0.0,0.499559,0.5,0.499559,0.499559,0.5,0.5,0.000441,1.0,0.0,20.5,21.0,0.5,21000.0,0.0,0.0,4472253,4668731,34.56580963638922,0.0578606438280703,34.56580963638922,34.56580963638922,0.0,2.0,1.0,1.0,2.3506716189355696e-05,0.0,7.0,0.0,0.0
0xce686d019e6f692af646a8df3bfe789da97a484f,1,ok,9,7.0,2.0,0.7777777777777778,9.0,7.0,2.0,1.0,0.0,3.2800766699999997,3.2874,0.4685823814285714,0.62487667,1.6437,3.0,0.0073233300000001,0.1905067267833102,0.0,40.77777777777778,59.0,8.966329334147561,71666.66666666667,0.0,0.0,4947084,5010256,11.002933148890731,0.817963708241501,1.3753666436113416,0.0010153822242109,2.205170007781231,9.0,2.0,7.0,3.447684386883675e-05,0.0,10.0,0.0,0.0
0x1d82886f997d0b124dfab342558bc463299c8a6b,1,ok,8,0.0,7.0,0.0,4.0,0.0,4.0,0.5,0.4285714285714285,0.0,0.0,0.0,0.0,0.0,0.0,0.0,0.0,1.0,3.5,8.0,2.1213203435596424,359590.625,0.0,0.0,5128325,5833732,121.022351992409,0.0661034913658081,17.288907427486997,0.0006867079629942,1.7723954199512837,4.0,4.0,0.0,1.3276474169650274e-05,0.0,165.0,0.0,0.0
0x04c3ec4ed06676130e476abbbf1e2057ed2fe6af,0,ok,5,3.0,2.0,0.6,2.0,2.0,1.0,0.4,0.6,0.00315105,0.00456828,0.00105035,0.00315105,0.00228414,0.0039,0.00141723,1.0,0.4,24.75,30.0,10.5,72200.0,0.0,0.0,5245352,7622881,406.30470881842626,0.0123060350802738,101.57617720460658,0.0011846125926132,1.731395816752215,2.0,1.0,2.0,1.4807829472449613e-05,0.0,182.0,0.0,0.0
0x8ecf10247f1adbddd4c693e614a4fdca88c6275a,0,ok,58,40.0,18.0,0.6896551724137931,38.0,26.0,12.0,0.6551724137931034,0.3448275862068966,2.0137482000935023,2.0799292931105473,0.0503437050023375,0.47959919,0.1155516273950304,0.5168631,0.066181093017045,0.2381624425425836,0.4310344827586206,51.81887915284483,322.5,65.81489421844256,59518.24137931035,0.0,0.0,3691998,22033960,2861.3878431803705,0.0202698841187269,50.19978672246264,0.0001395705535455,3.700726505981839,38.0,12.0,26.0,8.503739476134458e-05,0.0128022759601706,1143.0,0.0,0.0
0x12736c6b02381c3c50e41db3a69d7bb651a77d57,1,ok,7,0.0,6.0,0.0,4.0,0.0,4.0,0.5714285714285714,0.3333333333333333,0.0,0.0,0.0,0.0,0.0,0.0,0.0,0.0,1.0,4.285714285714286,6.0,1.27775312999988,375191.5714285714,0.0,0.0,5190889,5822690,108.53896576879752,0.0644929675754505,18.089827628132923,0.0015450929188066,1.7988815840517958,4.0,4.0,0.0,1.320133630883191e-05,0.0,165.0,0.0,0.0
0xd33441a44da0c1dcee596abb7ebdcdba77c7ddbd,1,ok,58,18.0,40.0,0.3103448275862069,31.0,13.0,19.0,0.5344827586206896,0.4655172413793103,45.62349825,45.656481953367255,2.5346387916666666,25.0,1.1414120488341817,9.0,0.0329837033672575,0.5479632417270852,0.0172413793103448,53.39728966318966,331.0,64.51577364023169,41487.6724137931,0.0,0.0,5215208,15855384,1696.7604858414802,0.0341827856577151,29.76772782178035,0.0,3.86266497240383,31.0,19.0,13.0,0.0002570394329469,0.0021505376344086,2397.0,0.0,0.0
0x8664fc8554b593e9229043003d8c714056f63536,0,ok,100,50.0,50.0,0.5,44.0,1.0,43.0,0.44,0.56,151.4620753279783,149.87995824000004,3.029241506559566,15.4750992,2.997599164800001,15.4752,-1.5821170879782755,0.1021714456671083,0.0,11.42243429604,51.9,12.882852153438568,35320.0,0.0,0.0,6497942,8036134,257.9319300340723,0.3876991886455864,2.605373030647195,0.0001557606486258,2.6380024513346623,44.0,43.0,1.0,0.0004748227042619,0.0,836.0,0.0,0.0
0x47ee37424ae4b97d506fd78f524892031c69ea53,0,ok,15,8.0,7.0,0.5333333333333333,8.0,4.0,5.0,0.5333333333333333,0.4666666666666667,4.584888254,4.595103937,0.57311103175,3.55,0.6564434195714286,3.18680705,0.0102156830000001,0.7742827749188584,0.2,41.6,50.0,2.2449944320643644,39344.2,0.0,0.0,5104930,7147073,348.9381891968515,0.0429875561471944,24.924156371203683,0.0010153822214515,2.275278876309679,8.0,5.0,4.0,6.948517464782618e-05,0.0,2397.0,0.0,0.0
0xe3284130e18cf0d1850f77d846a0f4672bf443da,0,ok,5,3.0,2.0,0.6,5.0,3.0,2.0,1.0,0.0,1000.9986491911912,1001.0,333.6662163970637,719.5369275938505,500.49999999999994,745.1930792192645,0.0013508088087519,0.7188190795014936,0.0,21.326213697,21.522992742,0.1670093545548058,34800.0,0.0,0.0,4097899,4097917,0.0043339566665667,5.0,0.0010834891666416,0.0,1.1055415970411004,5.0,2.0,3.0,3.447684386883675e-05,0.0,6.0,0.0,0.0
0x13cc05f486ec5b583072d29fdbc5a2aa86b3f0d7,0,ok,5,3.0,2.0,0.6,5.0,3.0,2.0,1.0,0.0,1000.996913,1001.0,333.66563766666667,570.6111947561307,500.5,690.2764875200799,0.0030869999999367,0.5700429115670316,0.0,49.0,49.0,0.0,34800.0,0.0,0.0,3917529,3917565,0.0069342183321714,5.0,0.0017335545830428,0.0,0.8958064168724938,5.0,2.0,3.0,3.447684386883675e-05,0.0,6.0,0.0,0.0
0x35ad1cb9a39de486cebcce3cf51661fd6c848193,1,ok,4,2.0,2.0,0.5,4.0,2.0,2.0,1.0,0.0,4.999034000000001,5.000000000000001,2.4995170000000004,4.0,2.5000000000000004,5.0,0.000966,0.8001545898667621,0.0,14.75,23.0,8.613216588476108,21000.0,0.0,0.0,5225201,5450165,37.89259418999983,0.1055615242372514,12.630864729999944,0.1017074525908187,1.398896057453488,4.0,2.0,2.0,3.447684386883675e-05,0.0,5.0,0.0,0.0
0xee042369c2033dfa6b866cf10da5a2f3054aab84,0,ok,100,100.0,0.0,1.0,10.0,10.0,0.0,0.1,0.9,9.08443546,0.0,0.0908443546,5.6,0.0,0.0,-9.08443546,0.6164389658176954,0.93,3.73102,75.0,9.876338885417004,195020.0,0.0,0.0,5816448,12349668,1047.4098918007396,0.0954736066393996,10.579897896977169,0.0,7.991566955923935,10.0,0.0,10.0,1.2536588509874642e-05,0.0,285.0,0.0,0.0
0xb65db9f684f3bfa45ad3fb4cdc4120618ad81f00,1,ok,39,7.0,32.0,0.1794871794871795,31.0,2.0,29.0,0.7948717948717948,0.2051282051282051,21.465338391173574,21.473004391173575,3.0664769130247964,5.9,0.6710313872241742,4.0,0.0076660000000003,0.2748617278927243,0.0,28.795128205128204,119.0,22.76416615826285,43438.89743589744,0.0,0.0,5190667,11893724,1084.6646118924075,0.0359558148872921,28.543805576115993,0.0032153770355162,6.044717774923866,31.0,29.0,2.0,0.0002192540405798,0.0043010752688172,2397.0,0.0,0.0
0xa5c9fc8ec289bca748d57eb9789ebf6df1a66afd,0,ok,97,82.0,15.0,0.845360824742268,58.0,47.0,14.0,0.5979381443298969,0.4020618556701031,28.075899999999997,27.50908743,0.3423890243902439,14.0,1.833939162,26.0,-0.5668125699999962,0.4986483069109094,0.4536082474226804,31.045979646206188,174.350540884,27.89106258022617,92315.65979381444,0.0103092783505154,0.0,4154282,23593971,2983.59814009574,0.0325110807304925,31.07914729266396,0.0,3.09042017662364,58.0,14.0,47.0,0.0002275459070032,0.0024198427102238,2450.0,0.0,0.0
0xcc83dc5a37d49de4562019560307ce724a975d5c,0,ok,100,2.0,98.0,0.02,63.0,2.0,61.0,0.63,0.37,125.64230478190926,38.193840870578065,62.82115239095463,100.0,0.3897330701079394,11.745741,-87.4484639113312,0.7959102642504103,0.0,13.601,100.0,10.566290692575144,21980.0,0.0,0.0,6924562,12504463,886.3153374474551,0.1128266608676716,8.95268017623692,0.0,5.196620698568461,67.0,65.0,2.0,0.0004877637159636,0.0,2397.0,0.8,5.0
0x8abe0a9b8a1c8a003354e61f3ed8befdeb7d2cec,1,ok,18,0.0,17.0,0.0,4.0,0.0,4.0,0.2222222222222222,0.7647058823529411,0.0,0.0,0.0,0.0,0.0,0.0,0.0,0.0,1.0,12.27777777777778,56.0,14.40989457728248,257556.72222222225,0.1111111111111111,0.0,5858675,5911360,9.0448022571758,1.9900932588901532,0.5320471915985765,0.0003433539801173,3.169374355391928,4.0,4.0,0.0,5.6417099227798855e-05,0.0,5.0,0.0,0.0
0xf9e65fe70590522ee314df9b5490d48e0a4f682a,0,ok,17,10.0,7.0,0.5882352941176471,7.0,3.0,4.0,0.4117647058823529,0.5882352941176471,46.094910255404976,46.09907380740498,4.609491025540498,19.27371309,6.585581972486425,19.27976309,0.0041635520000014,0.4181310470767216,0.1176470588235294,22.81764705882353,65.0,17.055867898110183,35525.529411764706,0.0,0.0,5696109,15555170,1571.5490278819452,0.0108173526236796,98.22181424262158,0.0024034778691,3.21973214991314,7.0,4.0,3.0,4.058919290637839e-05,0.0,880.0,0.0,0.0
0x660d30d1fbafdc88a1951370cbe2b3094dbf224b,1,ok,100,41.0,59.0,0.41,90.0,35.0,55.0,0.9,0.1,63.584920976593054,49.93566038137874,1.550851731136416,63.0,0.8463671251081142,39.9,-13.649260595214315,0.9908009482813012,0.38,41.42,61.0,17.49581664284351,74608.89,0.04,0.0,4906482,5279278,63.614294432222295,1.5719737347168847,0.6425686306285082,0.0001692303684022,4.952991640588527,90.0,55.0,35.0,0.0006049234832018,0.0,3798.0,0.0,0.0
0x4fafc9291a0112a0ee0928361c02848ff2fdf6bd,1,ok,6,1.0,5.0,0.1666666666666666,5.0,1.0,4.0,0.8333333333333334,0.1666666666666666,9.503853,9.504,9.503853,9.503853,1.9008,5.0,0.0001470000000001,1.0,0.0,32.333333333333336,50.0,18.988300491501484,81333.33333333333,0.0,0.0,5173165,5455276,47.55905337555541,0.126158945019791,9.511810675111082,0.000338460739564,1.999137138054591,5.0,4.0,1.0,5.6417099227798855e-05,0.0,6.0,0.0,0.0
0x36b7aa104fb4fc1621d86b2fe3e7470f05d97633,0,ok,32,16.0,16.0,0.5,12.0,2.0,10.0,0.375,0.625,199.33074614403424,199.35588454,12.458171634002142,30.40020103,12.45974278375,30.0,0.0251383959657403,0.1525113491926285,0.0,37.2587975660625,90.0,18.012037378448806,103867.625,0.0,0.0,4102260,19486423,2422.5047091181464,0.013209468646048,78.14531319735957,0.0016854275928603,5.054865220586372,12.0,10.0,2.0,9.346234216588277e-05,0.0303030303030303,1541.0,0.0,1.0
0xbf8441f4cea8e29bd6b4ef319335e99263945856,0,ok,41,23.0,18.0,0.5609756097560976,13.0,8.0,6.0,0.3170731707317073,0.6829268292682927,364.074506765,364.1285212327629,15.829326381086956,152.791206765,20.22936229070905,133.33275,0.0540144677629541,0.4196701607114241,0.3658536585365853,42.181097560975616,324.0,69.2244433735709,54489.17073170731,0.048780487804878,0.0,5471153,12408326,1116.7045692288905,0.0367151717023164,27.917614230722258,0.0005050211096251,3.319034904609768,13.0,6.0,8.0,6.861308949896883e-05,0.0,1474.0,0.0,0.0
0xf73ef0650415656b51be39bd5d37cf5ce03f4033,1,ok,3,2.0,1.0,0.6666666666666666,2.0,1.0,1.0,0.6666666666666666,0.3333333333333333,0.0,0.01241978,0.0,0.0,0.01241978,0.01241978,0.01241978,0.0,0.6666666666666666,57.0,60.0,4.242640687119285,57688.333333333336,0.0,0.0,3988691,3989631,0.1810601453703862,3.0,0.0905300726851931,0.0026966404638908,0.9702127659472,2.0,1.0,1.0,1.2636056001735884e-05,0.0,559.0,0.0,0.0
0x704e2960f52180d34c888781543d8447ec9b3aee,0,ok,62,7.0,55.0,0.1129032258064516,5.0,3.0,2.0,0.0806451612903225,0.9193548387096774,7.048704913000002,7.052967918999999,1.006957844714286,2.027632241,0.1282357803454545,0.148981704,0.0042630059999977,0.2876602533410664,0.0,15.927060725258064,61.0,16.16108247360552,716016.1290322581,0.0,0.0,5490168,18112782,1967.183227042222,0.0315171455041433,32.2489053613479,0.0145310656505602,5.216601769884789,5.0,2.0,3.0,3.0017541641952675e-05,0.0,1739.0,0.0,0.0
0xe276c66af8853cdd91c1a25608b4e8b599f4da0e,1,ok,8,2.0,6.0,0.25,8.0,2.0,6.0,1.0,0.0,19.518278,19.52,9.759139,11.668278,3.2533333333333334,18.0,0.0017219999999973,0.5978128808289338,0.0,37.375,50.0,10.20952374011638,31625.0,0.0,0.0,5038821,5055164,2.765731942962717,2.892543516502258,0.3951045632803882,0.0003384607423234,0.6533604952711229,8.0,6.0,2.0,7.835735458676095e-05,0.0,9.0,0.0,0.0
0x240e125c20a4cc84bd6e7f8d1fd07aff4c06d43d,1,ok,5,1.0,4.0,0.2,5.0,1.0,4.0,1.0,0.0,1.9,1.902199484949186,1.9,1.9,0.4755498712372965,1.0,0.0021994849491862,1.0,0.0,25.8,60.0,18.059900331950892,21000.0,0.0,0.0,4040424,4346506,73.33385841000135,0.0681813299941967,18.33346460250034,0.0515259292611369,1.6678163714398648,5.0,4.0,1.0,5.6417099227798855e-05,0.0,6.0,0.0,0.0
0x37c81cc9ff71d0f97849a947bf22e8e529b72230,1,ok,92,66.0,26.0,0.717391304347826,68.0,47.0,22.0,0.7391304347826086,0.2608695652173913,86.25999999999999,86.4381349197102,1.306969696969697,82.0,3.324543650758085,23.57476155,0.1781349197102031,0.950614421516346,0.6304347826086957,21.065217391304348,41.0,4.949317800654092,119356.3695652174,0.1195652173913043,0.0,4360360,4620318,53.054996362038786,1.7340496901028275,0.5830219380443823,0.0,5.223673241529697,68.0,22.0,47.0,0.0002130341761214,0.0026338893766461,3798.0,0.0,0.0
0x545f5e5c54d8ac72af1c7de8c070387b73841a24,1,ok,100,76.0,24.0,0.76,85.0,62.0,23.0,0.85,0.15,50.852856804805455,2.2150340603033065,0.6691165369053349,50.2,0.0922930858459711,1.704055,-48.637822744502145,0.9871618460431556,0.74,28.12,60.0,9.695648508480494,135661.76,0.0,0.0,4970986,5279372,52.33337761962855,1.9108264084696351,0.5286199759558439,0.0,8.870373013597332,85.0,23.0,62.0,0.0002588370692988,0.0,3798.0,0.0,0.0
0x613c147458ad1c291663e79be35498ba22755841,0,ok,6,4.0,2.0,0.6666666666666666,4.0,2.0,2.0,0.6666666666666666,0.3333333333333333,1.9432786055431412,2.1587700928,0.4858196513857853,1.24705415,1.0793850464,1.94705415,0.2154914872568589,0.6417268972358453,0.0,33.933224439166665,140.0,49.43288813517624,24333.333333333332,0.0,0.0,3977208,23046340,2948.7024135514816,0.002034793328898,589.7404827102963,0.0085138038904578,1.1188895795243938,4.0,2.0,2.0,2.1268180020563117e-05,0.0,800.0,0.0,1.0
0x820d759d807d79a1104dc017cb9c77b6c6dea99c,0,ok,11,9.0,2.0,0.8181818181818182,4.0,4.0,1.0,0.3636363636363636,0.6363636363636364,6.111999999999999,6.577505304479041,0.679111111111111,2.5,3.2887526522395203,6.5745053044790405,0.4655053044790413,0.4090314136125655,0.0,19.181818181818183,21.0,5.749595745760689,31841.545454545456,0.0,0.0,4153724,4888773,148.2081270938891,0.0742199514675167,14.820812709388912,0.0122592685206068,2.6179941440064476,4.0,1.0,4.0,2.1379244374617503e-05,0.0,8.0,0.0,1.0
0xbe11d0d38ef4857224032afc9c96647492f726ce,1,ok,11,1.0,10.0,0.0909090909090909,11.0,1.0,10.0,1.0,0.0,4.47393863,4.47437963,4.47393863,4.47393863,0.4474379629999999,1.001,0.0004409999999994,1.0,0.0,20.918181818181814,60.0,19.211588272887333,53454.545454545456,0.0,0.0,4992454,5261635,45.58778194814921,0.2412927220831059,4.55877819481492,0.0064798990747442,2.9088559077874914,11.0,10.0,1.0,0.0001222378653046,0.0,23.0,0.0,0.0
0x57d4e4ea0a207074d7e45fe60c939d2f4d3ed06b,1,ok,7,0.0,6.0,0.0,3.0,0.0,3.0,0.4285714285714285,0.5,0.0,0.0,0.0,0.0,0.0,0.0,0.0,0.0,1.0,3.5714285714285716,7.0,1.5907898179514348,361336.28571428574,0.0,0.0,5120017,5830790,121.92324420268612,0.0574131704399461,20.320540700447687,0.001030061945871,1.975317908797678,3.0,3.0,0.0,1.3087360956317824e-05,0.0,165.0,0.0,0.0
0x0a00fb2e074ffaaf6c561164c6458b5c448120fc,1,ok,2,1.0,1.0,0.5,2.0,1.0,1.0,1.0,0.0,5.51526714,5.51614914,5.51526714,5.51526714,5.51614914,5.51614914,0.0008819999999998,1.0,0.0,34.0,42.0,8.0,21000.0,0.0,0.0,11252072,11275402,3.583306544445179,0.5581437075486574,3.583306544445179,3.583306544445179,0.0,2.0,1.0,1.0,1.3085094893848697e-05,0.0,23.0,0.0,0.0
0xfbec629e6faab86f36b45a1f9d9c1be1675212b2,0,ok,6,4.0,2.0,0.6666666666666666,6.0,4.0,2.0,1.0,0.0,3000.997438,3001.0,750.2493595,2404.3851828128486,1500.5,2422.7523779071394,0.0025620000001254,0.8011953467095392,0.0,30.5,30.5,0.0,44000.0,0.0,0.0,4052297,4052307,0.0024077537048746,6.0,0.0004815507409749,0.0,0.6324555313088323,6.0,2.0,4.0,3.447684386883675e-05,0.0,818.0,0.0,2.0
0x4dff139802b02e0654d8f82752bbc301b01facf1,0,ok,9,7.0,2.0,0.7777777777777778,7.0,6.0,2.0,0.7777777777777778,0.2222222222222222,0.04270572,0.045461529,0.0061008171428571,0.025,0.0227307645,0.0438884,0.0027558089999999,0.585401674529782,0.3333333333333333,19.11111111111111,100.0,29.395556899506065,44111.11111111111,0.0,0.0,5921372,6918020,165.90278784925738,0.0542486363048798,20.737848481157172,0.0047310446313133,2.23128659685632,7.0,2.0,6.0,2.744952456532022e-05,0.0,2397.0,0.0,0.0
0x1dea82c5628ae89572a153a556312832ee33fda9,1,ok,7,0.0,6.0,0.0,5.0,0.0,5.0,0.7142857142857143,0.1666666666666666,0.0,0.0,0.0,0.0,0.0,0.0,0.0,0.0,1.0,4.857142857142857,15.0,4.290473547908916,347050.5714285714,0.0,0.0,5191615,5929684,126.78451246722152,0.0552117909654758,21.130752077870255,0.0140461207401973,1.400237899855064,5.0,5.0,0.0,2.522381147233015e-05,0.0,165.0,0.0,0.0
0x7ba85e2e55c7598378fe927ad2aef2dac6c45218,1,ok,15,1.0,14.0,0.0666666666666666,11.0,1.0,11.0,0.7333333333333333,0.2666666666666666,26.37,26.378,26.37,26.37,1.8841428571428571,20.0,0.0079999999999991,1.0,0.0,40.92796002986667,98.0,22.550150120854823,68980.0,0.0,0.0,5124278,5130459,1.0460129192581884,14.340167051318735,0.074715208518442,0.0042307592597272,1.5635081247190417,11.0,11.0,1.0,0.0002799864307984,0.0,33.0,0.0,0.0
0xdb82af76f9ccddfe9e8f7996492f4c5bd5f9d53d,1,ok,7,2.0,5.0,0.2857142857142857,6.0,2.0,4.0,0.8571428571428571,0.1428571428571428,27.196105000000003,27.207365,13.5980525,26.006105,5.441473,15.0,0.0112599999999964,0.95624373416708,0.0,39.285714285714285,60.0,18.14791830418878,103571.42857142857,0.0,0.0,3956942,3975050,3.487911821667243,2.0069314701465006,0.5813186369445406,0.0362120290735253,1.5416952154305372,6.0,4.0,2.0,5.6417099227798855e-05,0.0,836.0,0.0,0.0
0xad0c88f3313abbce2185597e87a15f764e948a46,1,ok,12,1.0,11.0,0.0833333333333333,11.0,1.0,10.0,0.9166666666666666,0.0833333333333333,105.04016469,105.04060569,105.04016469,105.04016469,9.549145971818184,80.0,0.0004410000000092,1.0,0.0,17.666666666666668,21.0,5.7638721552635275,45833.333333333336,0.0,0.0,4265803,5260180,184.78248030351816,0.0649412215935686,16.798407300319838,0.0058058680566372,1.96768680264978,11.0,10.0,1.0,0.0001129081891852,0.0,1143.0,0.0,0.0
0xb26d54f27b1e97a862cb5f6634faee0cd4dedad5,0,ok,6,5.0,1.0,0.8333333333333334,5.0,4.0,1.0,0.8333333333333334,0.1666666666666666,2.095,2.11,0.4189999999999999,1.0,2.11,2.11,0.0150000000000001,0.4773269689737471,0.3333333333333333,63.336666666666666,112.0,29.001725044478913,64614.166666666664,0.0,0.0,5689957,11808858,986.0752582808336,0.0060847282695852,197.2150516561667,0.0042212444461054,1.6224156605300573,5.0,1.0,4.0,1.2650171107047545e-05,0.0,740.0,0.0,0.0
0xf9fe85e19bd533c69067c6e2ff02727d40a54100,1,ok,16,1.0,15.0,0.0625,16.0,1.0,15.0,1.0,0.0,27.751,27.7573979,27.751,27.751,1.8504931933333333,7.9,0.0063978999999996,1.0,0.0,34.2455859750625,224.800001833,50.34093712570133,51575.25,0.0,0.0,3949633,11979810,1344.5736743077332,0.0118996826322944,89.6382449538489,0.0098717901855707,3.4509308140564032,16.0,15.0,1.0,0.0001756203226409,0.0,294.0,0.0,0.0
0x5e0f56a3e977318b69303c12369b2a797dfa2b0b,1,ok,32,16.0,16.0,0.5,17.0,8.0,9.0,0.53125,0.46875,12.171569488318369,12.185009488318368,0.760723093019898,3.19916,0.761563093019898,3.2,0.0134399999999992,0.2628387409750554,0.0,34.6875,61.0,10.45358042729858,42437.5,0.0,0.0,4975631,5426316,76.25649497092321,0.4196363865425715,2.45988693454591,0.0021999948140647,1.9923485833542265,17.0,9.0,8.0,0.0001282318399238,0.0147058823529411,2397.0,1.0,1.0
0xbf8cf3a51a7c99b788fceaf1110f642b8a078c3e,0,ok,8,5.0,3.0,0.625,5.0,3.0,2.0,0.625,0.375,12.103254664994624,12.104017,2.420650932998925,5.103825899994624,4.034672333333333,5.114017,0.0007623350053744,0.4216903668693392,0.125,14.987500032,28.0,10.244808117929784,48960.875,0.0,0.0,5741214,9482990,618.4233272111112,0.0129361226331442,88.34618960158731,0.0008583849530529,2.422646112734117,5.0,2.0,3.0,1.537548227478152e-05,0.1,559.0,0.0,0.0
0x9b521529d04329c2b0a9f9b7db18ed775c6ca8fc,1,ok,3,2.0,1.0,0.6666666666666666,3.0,2.0,1.0,1.0,0.0,20.74303780312513,20.74328980312513,10.371518901562563,13.0,20.74328980312513,20.74328980312513,0.0002519999999996,0.6267163046890571,0.0,5.0,6.0,1.4142135623730951,21000.0,0.0,0.0,4974284,4985199,1.9115702268536443,1.5693904193820074,0.9557851134268222,0.0033275157406374,0.9965185524508672,3.0,1.0,2.0,6.221534800864927e-05,0.3333333333333333,292.0,1.0,1.0
0x62e8aaffb7568cec94b0e15e7b4d859302d65ee9,1,ok,100,1.0,99.0,0.01,87.0,1.0,86.0,0.87,0.13,64.72871271848966,61.63832271848966,64.72871271848966,64.72871271848966,0.6226093203887845,6.4757192,-3.0903899999999993,1.0,0.02,61.57685170096,104.5,30.644863942280832,89398.55,0.0,0.0,5013874,5609224,101.2556664933347,0.9875990496451144,1.022784510033684,0.0,9.75401287289044,87.0,86.0,1.0,0.000945039311982,0.0,87.0,0.0,0.0
0xd354cf84a4cfd096120e2d4bf0a0cc8866d4efe1,1,ok,7,0.0,6.0,0.0,3.0,0.0,3.0,0.4285714285714285,0.5,0.0,0.0,0.0,0.0,0.0,0.0,0.0,0.0,1.0,5.142857142857143,15.0,4.155154163499711,373026.28571428574,0.0,0.0,5191555,5929682,126.7943229354642,0.0552075190587425,21.132387155910703,0.0011846125926132,1.8468209774789244,3.0,3.0,0.0,1.3123769749482046e-05,0.0,165.0,0.0,0.0
0x03adc79e8cdb9278c905c558fc54255c8cd9ebd3,0,ok,31,7.0,24.0,0.2258064516129032,7.0,6.0,2.0,0.2258064516129032,0.7741935483870968,1.1738267072341495,1.17906374609613,0.1676895296048785,0.4108669379654845,0.0491276560873387,0.0544534257026784,0.0052370388619804,0.3500235046905665,0.032258064516129,11.871456630322582,60.0,17.159274123761037,43645.16129032258,0.0,0.0,5134952,16254517,1766.1008038125933,0.0175527919658257,58.870026793753105,0.0164725377796976,4.040882746269871,7.0,2.0,6.0,1.8891050994351936e-05,0.238095238095238,1393.0,0.0,0.0
0xd0cc2b24980cbcca47ef755da88b220a82291407,1,ok,87,66.0,21.0,0.7586206896551724,61.0,47.0,17.0,0.7011494252873564,0.2988505747126437,366.9211898200001,367.21312980114294,5.559411966969699,183.0,17.48633951434014,266.0,0.291939981142832,0.4987447034328379,0.5977011494252874,21.666666666666668,60.0,4.603014171562099,51133.14942528736,0.0,0.0,4076477,4255516,43.087425032037274,2.019150597542367,0.5010165701399684,0.0,5.973188354035885,61.0,17.0,47.0,0.0001786722350764,0.0109289617486338,3798.0,1.0,2.0
0xc14777c94229582e5758c5a79b83dde876b9be98,1,ok,8,0.0,7.0,0.0,6.0,0.0,6.0,0.75,0.1428571428571428,0.0,1.36964738,0.0,0.0,0.1956639114285714,1.04007804,1.36964738,0.0,0.5,102.605145527375,278.0,98.07295482367,289723.375,0.5,0.0,5213313,14012271,1410.1858336864825,0.0056730111797297,201.45511909806893,1.9412315053713545,1.7449425218259185,6.0,6.0,0.0,6.184583300342199e-05,0.0,377.0,0.0,0.0
0x37d9be620b29cdd376af7a50ba24909557aa84e5,0,ok,14,9.0,5.0,0.6428571428571429,9.0,5.0,4.0,0.6428571428571429,0.3571428571428571,22.28326959,22.291721000000003,2.4759188433333335,11.59948444,4.458344200000001,9.9,0.0084514100000028,0.520546789291885,0.2142857142857142,25.960982869571428,86.267737744,18.3291989430882,119857.14285714286,0.0,0.0,5713046,19554583,2130.124964582777,0.0065723843590285,163.85576650636747,0.0014034611124683,1.7207720990300264,9.0,4.0,5.0,5.6417099227798855e-05,0.0,435.0,0.0,0.0
0x34ba2136e04ff71d1af82e8a16e1b9e72dba2340,0,ok,3,2.0,1.0,0.6666666666666666,3.0,2.0,1.0,1.0,0.0,0.03374,0.03395,0.01687,0.031189,0.03395,0.03395,0.00021,0.9243924125666864,0.0,20.0,50.0,21.463146709340332,21000.0,0.0,0.0,6235911,7354343,193.38878608564812,0.015512791929266,96.69439304282406,16.107042052594046,0.8334232053614469,3.0,1.0,2.0,1.2740440585150655e-05,0.0,149.0,0.0,1.0
0xa6ba0996684fcff6167128a13c8b0a1648310e6e,1,ok,6,0.0,5.0,0.0,3.0,0.0,3.0,0.5,0.4,0.0,0.0,0.0,0.0,0.0,0.0,0.0,0.0,1.0,4.5,11.0,2.9860788111948193,396120.8333333333,0.0,0.0,5130550,5929832,137.14397322852025,0.043749643959945,27.428794645704055,1.134520402961859,1.472980535987629,3.0,3.0,0.0,1.295755569373233e-05,0.0,165.0,0.0,0.0
0xf280e98d96cab3202c19cc426d36973d6c985c2d,0,ok,88,61.0,27.0,0.6931818181818182,50.0,35.0,15.0,0.5681818181818182,0.4318181818181818,72.10034495671695,66.910922796,1.181972868142901,16.758449370017207,2.4781823257777775,10.996,-5.189422160716958,0.2324323050059966,0.3295454545454545,29.98609139401136,280.60946787,29.558995062665645,108363.94318181818,0.034090909090909,0.0,3977692,15368386,1870.6563360465732,0.0470423125318562,21.501796966052567,0.0012038768524373,8.151633932132137,50.0,15.0,35.0,0.0001085465253634,0.0,740.0,0.0,1.0
0xe1632e7e0dc135f3bc8991b917e8b682ab340fe1,1,ok,6,0.0,5.0,0.0,4.0,0.0,4.0,0.6666666666666666,0.2,0.0,0.0,0.0,0.0,0.0,0.0,0.0,0.0,1.0,6.5,15.0,5.057996968497839,398770.1666666667,0.0,0.0,5130552,5929988,137.17041637833196,0.0437412100831662,27.434083275666392,0.0345070751370103,1.7993993727004385,4.0,4.0,0.0,1.3126198448013543e-05,0.0,165.0,0.0,0.0
0xe1358ae1a9130bc458c8021fcbb7ef8aedd51487,1,ok,6,0.0,5.0,0.0,3.0,0.0,3.0,0.5,0.4,0.0,0.0,0.0,0.0,0.0,0.0,0.0,0.0,1.0,3.8333333333333335,7.0,2.034425935955617,393520.0,0.0,0.0,5130453,5830977,120.1892596547692,0.0499212659869472,24.03785193095384,0.0012017389359297,1.7725962439966865,3.0,3.0,0.0,1.30351222530822e-05,0.0,165.0,0.0,0.0
0x0363f4abe7e27594b3181eb532250bdbbdd51ceb,0,ok,16,10.0,6.0,0.625,13.0,8.0,5.0,0.8125,0.1875,4.077080485568613,4.09278446,0.4077080485568613,2.04,0.6821307433333333,2.365,0.0157039744313864,0.5003580398328805,0.375,40.77187509125,230.000001459,50.67609627556797,72312.5,0.0,0.0,4677891,12394793,1249.895663414352,0.0128010684958236,83.3263775609568,0.0035351477784139,3.2759585515165903,13.0,5.0,8.0,2.7600736292693092e-05,0.0,3798.0,0.0,1.0
0xfe0e608dd80762df70d91c5f134ee28ea944856b,0,ok,23,11.0,12.0,0.4782608695652174,7.0,3.0,4.0,0.3043478260869565,0.6956521739130435,3.452837751,3.45871266,0.313894341,2.240020539,0.288226055,2.24,0.005874909,0.6487476969780154,0.0869565217391304,12.26086956521739,20.0,7.314175583156836,46695.65217391304,0.0,0.0,6057245,6926775,144.1910768374994,0.1595105640685419,6.5541398562499715,0.0021438251849677,2.1495229292686293,7.0,4.0,3.0,4.802833377689284e-05,0.0476190476190476,1393.0,0.0,0.0
0x5e5d6f6706420f932d796c0f28a83b26dabcfd8d,1,ok,18,0.0,17.0,0.0,15.0,0.0,15.0,0.8333333333333334,0.1176470588235294,0.0,36.388760018,0.0,0.0,2.1405152951764705,10.0,36.388760018,0.0,0.0555555555555555,36.44444444444444,60.0,16.994189275626024,500010.6666666667,0.0555555555555555,0.0,4273916,4274131,0.0509576675930508,18.0,0.0029975098584147,0.0,1.4373823935083034,15.0,15.0,0.0,0.0001819827197928,0.0,314.0,0.0,0.0
0x5f58fe612db5b3e97faf4a2e8f38b4ae295288aa,1,ok,11,1.0,10.0,0.0909090909090909,8.0,1.0,7.0,0.7272727272727273,0.2727272727272727,6.03868554,6.03910554,6.03868554,6.03868554,0.6039105539999999,1.28330161,0.0004199999999991,1.0,0.0909090909090909,27.818181818181817,50.0,20.665378081217614,21381.81818181818,0.0,0.0,5218262,5318676,16.931976770369545,0.6496583446328412,1.693197677036954,0.009476900740906,2.5305061975674215,8.0,7.0,1.0,9.63649373463585e-05,0.0,2397.0,0.0,0.0
0x23d56797f64640e96feaf57b7874c897b53ef0e4,1,ok,100,11.0,89.0,0.11,76.0,6.0,70.0,0.76,0.24,82.9721053,77.79324942787525,7.542918663636363,21.8521053,0.8740814542457893,5.0,-5.178855872124743,0.2633668896430907,0.01,28.3744375,128.0,22.34224830784088,38994.85,0.0,0.0,5186661,17330971,1908.6171697594448,0.0523939538973149,19.27896131070146,0.0,7.012577385697867,76.0,70.0,6.0,0.0007314486257258,0.0014035087719298,1148.0,0.0,2.0
0xad2e9ec756c07b201c22d29f56432215e23fdc40,0,ok,38,19.0,19.0,0.5,2.0,1.0,1.0,0.0526315789473684,0.9473684210526316,2.89997133094481,2.9079513309448095,0.1526300700497268,0.1999245195042773,0.1530500700497268,0.2003445195042773,0.0079799999999994,0.0689401710185672,0.0,10.5,20.0,9.5,35500.0,0.0,0.0,6436247,8104890,278.81200092888815,0.1362925551030782,7.535459484564546,0.001145991390502,3.846554059811872,2.0,1.0,1.0,1.2561043798612197e-05,0.0,601.0,0.0,0.0
0xf4d6a57a6dea54a598b8e7b2d74073f0a736d426,0,ok,100,81.0,17.0,0.81,31.0,23.0,8.0,0.31,0.6836734693877551,33.68118149437596,14.789450286,0.415817055486123,11.3,0.8699676638823529,2.8785484,-18.891731208375965,0.3354989195342467,0.56,37.32000004377,100.0,26.591683008496982,128103.07,0.06,0.02,4884648,12191215,1182.9342445421305,0.0845355525561831,11.948830752950808,0.0,5.791220353368852,31.0,8.0,23.0,7.347054916913215e-05,0.0,1474.0,0.0,0.0
0x1e9939daaad6924ad004c2560e90804164900341,0,failed,0,0.0,0.0,0.0,0.0,0.0,0.0,0.0,0.0,0.0,0.0,0.0,0.0,0.0,0.0,0.0,0.0,0.0,0.0,0.0,0.0,0.0,0.0,0.0,0,0,0.0,0.0,0.0,0.0,0.0,5.0,0.0,5.0,1.2536588509874642e-05,0.0,435.0,0.0,5.0
0x89ee3fa4c25f3ed3d23baded4e7c1d024583438a,0,ok,100,57.0,43.0,0.57,69.0,40.0,32.0,0.69,0.31,46.54594564698152,38.79591434039049,0.8165955376663425,6.5,0.9022305660555928,4.40359141,-7.750031306591033,0.1396469640835736,0.14,37.46398608841,72.0,18.37571788234984,41590.54,0.02,0.0,4808340,12845025,1297.6593925416662,0.0770618242157786,13.107670631734004,0.0,5.4404062247370755,69.0,32.0,40.0,0.0004130399745751,0.0,220.0,0.0,0.0
0xbe2617f219db0a1f51f002e31d43982270868d3b,0,ok,9,5.0,4.0,0.5555555555555556,7.0,4.0,3.0,0.7777777777777778,0.2222222222222222,27.80855686089272,27.810720037154905,5.561711372178545,23.10298569,6.952680009288726,17.13749448531836,0.0021631762621829,0.8307869338768102,0.0,10.713789747,16.0,4.461094169152368,41222.22222222222,0.0,0.0,6449660,23170325,2510.4658500750006,0.0035849920044644,313.8082312593751,0.0003298192581644,2.6457296610107197,7.0,3.0,4.0,4.134957145858667e-05,0.0476190476190476,301.0,0.0,0.0
0xbeebe66b6a511dd2accbff7f258554dbe97f1294,1,ok,32,16.0,16.0,0.5,22.0,7.0,15.0,0.6875,0.3125,285.552731,285.56465899999995,17.8470456875,149.99979000000002,17.847791187499997,150.0,0.0119279999999548,0.5252962893217786,0.0,34.875,100.0,21.522880267287647,62156.25,0.0,0.0,4949294,5714121,130.93366077222203,0.2443985741425851,4.223666476523293,0.0023567651846894,1.9874038148874051,22.0,15.0,7.0,0.0001567396121765,0.0,2397.0,0.0,0.0
0x5df45e0f2803b0f39a2f951c8bfeb333ef8e55b8,0,ok,17,12.0,5.0,0.7058823529411765,12.0,10.0,3.0,0.7058823529411765,0.2941176470588235,7.348039461351567,7.35460892643005,0.6123366217792973,3.0,1.47092178528601,3.995,0.0065694650784831,0.4082721678046341,0.0,25.217333745470587,59.0,13.421837221247982,25823.529411764703,0.0,0.0,3862632,21209266,2714.3702803237047,0.0062629627664404,169.64814252023154,0.0020935583335381,2.534151735139639,12.0,3.0,10.0,3.111939612359996e-05,0.0,542.0,0.0,0.0
0x3bdaa65b31e695b2e41ee261e40877d8a9a3a55f,0,ok,8,3.0,5.0,0.375,7.0,2.0,5.0,0.875,0.125,2583.0329750525843,2583.04,861.0109916841948,2243.035568789,516.608,2000.0,0.0070249474156298,0.8683727968061798,0.0,73.06516318837501,211.0,52.62988525965291,21000.125,0.0,0.0,3265291,13878783,1761.7634946843982,0.0045409046243367,251.6804992406283,0.0052762443517093,2.410608264511118,7.0,5.0,2.0,6.73872269072799e-05,0.0,8.0,0.0,0.0
0xd1acdc1c04d4fcae3238e6b8669c58892efffd6d,0,ok,4,2.0,2.0,0.5,3.0,2.0,1.0,0.75,0.25,159.89061594999998,159.9915,79.94530797499999,99.99256,79.99575,99.995,0.1008840500000189,0.6253810419447572,0.0,181.7514634905,341.740249934,155.5378942291198,55250.0,0.0,0.0,4153800,14076996,1623.96074500074,0.0024631137250784,541.3202483335799,0.0027828299999237,1.4142061530719632,3.0,1.0,2.0,1.3964314841849396e-05,0.0,800.0,0.0,0.0
0xf777303e97c7a6453978626da73083762c444d3b,0,ok,20,18.0,2.0,0.9,6.0,4.0,2.0,0.3,0.7,0.2597574522,0.04653497,0.0144309695666666,0.15,0.023267485,0.04301353,-0.2132224822,0.5774617772448262,0.75,8.7,58.0,13.029658475954005,175329.7,0.0,0.0,5824039,12393215,1052.8324855927324,0.0189963743270518,55.412236083828006,0.0003379317593795,3.9791641812656104,6.0,2.0,4.0,2.3561803713006385e-05,0.0,384.0,0.0,0.0
0x4e53c3f986782634c6c7c37d97c32f7f02538c5e,0,ok,4,2.0,2.0,0.5,2.0,1.0,1.0,0.5,0.5,0.398873664309095,0.400112664309095,0.1994368321545475,0.1994997251183339,0.2000563321545475,0.200108725118334,0.001239,0.500157676400861,0.0,18.25,30.0,11.453711188955308,35500.0,0.0,0.0,3995869,7751246,673.3169268857881,0.0059407388115143,224.438975628596,0.2917195662966481,0.9885047921747956,2.0,1.0,1.0,1.2581799253256211e-05,0.0,447.0,0.0,0.0
0x563acfd9d2536e6b6b74e3ad403a34b346da1db2,0,ok,18,9.0,9.0,0.5,11.0,2.0,9.0,0.6111111111111112,0.3888888888888889,26.77614653903213,26.78482783,2.975127393225792,10.29917559,2.9760919811111113,10.3,0.0086812909678712,0.3846399471629229,0.0,37.98172222716667,233.846052,50.02408409154803,66166.66666666667,0.0,0.0,3746385,22578602,2927.8210719475924,0.0061479166785374,172.22476893809366,0.0025040232859275,3.670781707109388,11.0,9.0,2.0,0.0001015522575996,0.0,1541.0,0.0,0.0
0xb23fb6cc17026d1ce9cd543cb69a023569503e4c,1,ok,0,0.0,0.0,0.0,0.0,0.0,0.0,0.0,0.0,0.0,0.0,0.0,0.0,0.0,0.0,0.0,0.0,0.0,0.0,0.0,0.0,0.0,0.0,0.0,0,0,0.0,0.0,0.0,0.0,0.0,0.0,0.0,0.0,0.0,0.0,0.0,0.0,0.0
0xf23f9dda63ed0628609272dc0544c7a2f7189f51,1,ok,17,1.0,16.0,0.0588235294117647,15.0,1.0,14.0,0.8823529411764706,0.1176470588235294,18.904372218,18.905674218,18.904372218,18.904372218,1.181604638625,6.5,0.001301999999999,1.0,0.0588235294117647,24.105514705882353,62.0,18.213639983392575,50917.64705882353,0.0,0.0,5183631,6439799,213.74843972666673,0.0795327442938949,13.359277482916667,0.0003384607423234,3.3079963620510404,15.0,14.0,1.0,0.0001356649913812,0.0,1474.0,0.0,0.0
0x0dea8a35f4e39cdf65d3cc11f10612e9e0278b60,1,ok,100,12.0,88.0,0.12,91.0,12.0,79.0,0.91,0.09,81.79750668908686,68.00146059908685,6.8164588907572385,7.0,0.7727438704441688,5.0,-13.796046090000004,0.0855771805686824,0.0,29.67177187,128.0,22.66250737666965,42440.7,0.0,0.0,5213716,5222365,1.4636734733316634,68.32124911875091,0.0147845805387036,0.0,8.334814669521254,91.0,79.0,12.0,0.0008460247605636,0.0,1148.0,0.0,3.0
0x2d07296dedb4fe5871b559942506d08c8c16d093,0,ok,46,32.0,14.0,0.6956521739130435,29.0,24.0,10.0,0.6304347826086957,0.3695652173913043,24.6423740507,19.103270925,0.770074189084375,5.1,1.3645193517857144,5.794296,-5.539103125699999,0.2069605789404502,0.217391304347826,19.45,99.0,24.78993265157381,70044.84782608696,0.108695652173913,0.0,4906862,10059617,850.5587346913914,0.0540820970073162,18.901305215364253,0.0013538429637749,6.186070107143478,29.0,10.0,24.0,0.0001074281831504,0.0147783251231527,1474.0,0.0,1.0
0xdbef868e61566d6b50615c286495f50bde49a268,0,ok,9,7.0,2.0,0.7777777777777778,8.0,7.0,1.0,0.8888888888888888,0.1111111111111111,11.748738812,11.76144218,1.678391258857143,4.514291868,5.88072109,6.66626188,0.0127033679999986,0.3842362946556582,0.1111111111111111,71.35866666666668,497.728,151.6732153194272,68500.0,0.0,0.0,5976648,13474279,1194.7520538906476,0.0075329437356411,149.34400673633098,0.0012680509714064,1.1014127935818094,8.0,1.0,7.0,1.9667687232163538e-05,0.0,740.0,0.0,0.0
0xeffb2ba4bb6f739a01e1890755851b29ae326dbc,0,ok,5,3.0,2.0,0.6,5.0,3.0,2.0,1.0,0.0,5000.99874,5001.0,1666.99958,4269.06895841918,2500.5,4337.506431995086,0.001260000000002,0.8536432781463128,0.0,20.0,20.0,0.0,34800.0,0.0,0.0,3592775,3592861,0.0151528337018357,5.0,0.0037882084254589,0.0003523914791919,1.4907321408005187,5.0,2.0,3.0,3.447684386883675e-05,0.0,10.0,0.0,1.0
0xc3dd266dbaa4edb2dbcf4176cd6a55328afbad2e,0,ok,100,28.0,72.0,0.28,20.0,17.0,4.0,0.2,0.8,5.079194407268904,4.680193456742552,0.1813998002596037,0.79159518,0.0650026868992021,0.1868487910498,-0.3990009505263518,0.1558505378071643,0.09,44.00574907799,390.0,78.04258736864458,39236.97,0.02,0.0,11717261,17530717,878.5299276147231,0.1138265150186832,8.874039672875991,0.0,4.80351944737208,21.0,4.0,18.0,4.594079066091821e-05,0.0,1541.0,0.0,1.0
0x3cc9063e7ac5fa8345e1f59bc32a470ccd30ca6d,0,ok,100,93.0,7.0,0.93,55.0,48.0,7.0,0.55,0.45,394.4387,4.0027e-05,4.241276344086021,345.0,5.7181428571428575e-06,2.1427e-05,-394.438659973,0.8746606253392479,0.9,29.693080009760003,65.147091848,11.945241079317285,128628.66,0.0,0.0,18555967,22053278,489.03903900277834,0.2044826527630892,4.939788272755337,0.0001395705535455,2.6248046312997717,55.0,7.0,48.0,8.9327482266242e-05,0.0,2450.0,0.0,0.0
0xb82bfd79d5a8c0cc0d4c045633288b48a2beddcb,1,ok,12,4.0,8.0,0.3333333333333333,11.0,3.0,8.0,0.9166666666666666,0.0833333333333333,3.241126703000001,3.2454317030000013,0.8102816757500002,2.798278,0.4056789628750001,0.82865274,0.0043050000000004,0.8633658157855728,0.0,27.21666666666667,50.0,16.307964993285402,60250.0,0.0,0.0,5158750,5201825,7.289598203704313,1.6461812660541468,0.6626907457913013,0.003046146667114,1.14339214117445,11.0,8.0,3.0,7.42597744095739e-05,0.0,436.0,0.0,0.0
0xa450b3ab3bf4a8b4de8dbd5ff1013abdf81709d2,0,ok,4,3.0,1.0,0.75,4.0,3.0,1.0,1.0,0.0,0.9180069783546144,0.9195,0.3060023261182048,0.9085319783546144,0.9195,0.9195,0.0014930216453854,0.9896787276966212,0.25,16.78835493675,25.0,9.301501505987853,39300.0,0.0,0.0,4020012,4274066,61.07938647740693,0.0654885425458487,20.359795492468976,0.6173480496307214,0.825774771460374,4.0,1.0,3.0,2.3506716189355696e-05,0.0,740.0,0.0,0.0
0x512f48b3f2053ed2c41253984381bf7b454526d9,0,ok,24,15.0,9.0,0.625,12.0,5.0,8.0,0.5,0.5,8.718006228999998,8.73095335,0.5812004152666665,6.569733708999999,0.9701059277777778,4.96031603,0.0129471210000016,0.7535821306419946,0.4166666666666667,28.204197872041664,60.0,11.474628341404436,83541.66666666667,0.0,0.0,3547623,4867753,265.35205633037066,0.0904458790781682,11.53704592740742,0.0,2.5397756265090874,12.0,8.0,5.0,6.984313285888969e-05,0.0303030303030303,3798.0,0.0,1.0
0xccffdb4bd0abb6fd105c1c4e03b4e919a5b57ab9,1,ok,3,0.0,2.0,0.0,2.0,0.0,2.0,0.6666666666666666,0.0,0.0,0.0,0.0,0.0,0.0,0.0,0.0,0.0,1.0,18.666666666666668,50.0,22.17105219775452,536441.0,0.3333333333333333,0.0,5210284,5222757,2.1108104096297864,1.4212550716604473,1.0554052048148932,0.008123057777131,0.9923033752912412,2.0,2.0,0.0,2.355895489259132e-05,0.0,165.0,0.0,0.0
0xbbdef8b12babd3ab6018566bc17ec3aa302b8348,1,ok,42,15.0,26.0,0.3571428571428571,36.0,13.0,25.0,0.8571428571428571,0.1219512195121951,64.19095683499997,64.19426781,4.279397122333331,32.69089647,2.4690103003846153,30.20940509,0.0033109750000335,0.5092757310664571,0.0476190476190476,25.19047619047619,100.0,26.000218035018108,36754.166666666664,0.0,0.0238095238095238,4947200,4985404,6.690758492593412,6.2773152022290875,0.1631892315266686,0.0,2.9047137015167808,36.0,25.0,13.0,0.0003188700740617,0.0142857142857142,292.0,1.0,2.0
0x8369f6723c4792b41d4af4190662269431ee5b0b,1,ok,18,1.0,17.0,0.0555555555555555,18.0,1.0,17.0,1.0,0.0,31.806779,31.80722,31.806779,31.806779,1.8710129411764709,10.5,0.0004410000000021,1.0,0.0,25.419444444444444,60.0,9.96517740948294,144166.66666666666,0.0555555555555555,0.0,4243126,4287710,10.592827779258842,1.699262970671975,0.6231075164269908,0.0067417103686818,2.79139564030164,18.0,17.0,1.0,0.000199028759061,0.0,19.0,0.0,0.0
0x43ac6aae3c5dd21855c3aabe3cadb7dfdcf2e5be,1,ok,4,1.0,3.0,0.25,4.0,1.0,3.0,1.0,0.0,6.07759,6.0778,6.07759,6.07759,2.025933333333333,5.0008,0.00021,1.0,0.0,16.0,21.0,5.049752469181039,66800.0,0.0,0.0,4470389,4675406,36.11486274296211,0.110757724000474,12.03828758098737,1.7261613631469233,0.6196536609068052,4.0,3.0,1.0,4.54469715483178e-05,0.0,8.0,0.0,0.0
0x175e0d5f3757b066a6f0cf7634b45f3085cb490b,1,ok,3,0.0,2.0,0.0,2.0,0.0,2.0,0.6666666666666666,0.0,0.0,0.0,0.0,0.0,0.0,0.0,0.0,0.0,1.0,3.0,4.0,0.816496580927726,574698.6666666666,0.0,0.0,5220493,5295727,12.691180654444077,0.2363846265910247,6.345590327222038,0.8140940311109578,0.8717071242972361,2.0,2.0,0.0,1.2755041268859982e-05,0.0,165.0,0.0,0.0
0x0d6197e754ccb1e82bc6f3029005993c71307c26,0,ok,94,32.0,62.0,0.3404255319148936,3.0,2.0,1.0,0.0319148936170212,0.9680851063829788,24.80964172296036,24.85252490201867,0.7753013038425113,1.0020145,0.4008471758390108,1.0027200631566258,0.0428831790583075,0.0403881084293399,0.0,19.452861466382977,220.0,28.439336155279133,49265.95744680851,0.0,0.0,3604701,22575684,2952.377922397593,0.031838742353033,31.74599916556551,0.000481550740423,7.855046334347145,3.0,1.0,2.0,1.261638997838665e-05,0.0,1541.0,0.0,0.0
0x3c3b85b2ae785a8cc16c3d4df12cb27c6983dff5,1,ok,8,4.0,4.0,0.5,7.0,4.0,3.0,0.875,0.125,0.9339518161856,0.9373118161856,0.2334879540464,0.49936,0.2343279540464,0.5002,0.00336,0.5346742640744161,0.0,26.15,40.0,15.456632880417391,141125.0,0.0,0.0,5240888,5327236,14.54396398074097,0.5500563677545923,2.077709140105853,0.0042307592597272,1.6093977665530153,7.0,3.0,4.0,3.575574493138009e-05,0.0,377.0,0.0,1.0
0x7136787743be968fe8e16f17995e1b69f0a43239,0,ok,7,5.0,2.0,0.7142857142857143,7.0,5.0,2.0,1.0,0.0,0.086045275,0.08952627,0.017209055,0.0616,0.044763135,0.06330681,0.003480995,0.715902180567149,0.4285714285714285,43.766112144714285,119.0,35.88184813114466,35036.142857142855,0.0,0.0,5689957,24405863,2811.557823563519,0.0024897229362787,468.5929705939199,0.0039094814823733,1.7808421887382966,7.0,2.0,5.0,3.078823503951822e-05,0.0476190476190476,384.0,0.0,1.0
0x495a8b1fdba38d726e514e95b4f1657c69fefa0a,1,ok,4,0.0,3.0,0.0,2.0,0.0,2.0,0.5,0.3333333333333333,0.0,0.0,0.0,0.0,0.0,0.0,0.0,0.0,1.0,3.0,4.0,0.7071067811865476,473183.25,0.25,0.0,5220479,5416411,33.00953913740814,0.1211770931835576,11.00317971246938,1.9002261007411612,0.645364467934504,2.0,2.0,0.0,1.2807279972095605e-05,0.0,165.0,0.0,0.0
0x612d0e66e87e3a94b1a422f1aa5804caeb4f7631,0,ok,6,3.0,3.0,0.5,4.0,2.0,2.0,0.6666666666666666,0.3333333333333333,100.10826038,100.11,33.36942012666666,69.99958,33.37,70.0,0.0017396200000092,0.6992388014164791,0.0,20.29952666666667,21.79716,0.6697619877405876,65333.333333333336,0.0,0.0,1942140,3604563,276.7925468224094,0.0216768842545807,55.35850936448186,0.002290544628545,1.9594476437331776,4.0,2.0,2.0,2.368955165068038e-05,0.0,818.0,0.0,0.0
0x2d4498a2cf71f5b0946f0ebcfff97ca9d0cd5d04,1,ok,3,2.0,1.0,0.6666666666666666,3.0,2.0,1.0,1.0,0.0,2.07487085,2.08410367,1.037435425,1.93,2.08410367,2.08410367,0.0092328200000002,0.9301783771264608,0.0,21.0,21.0,0.0,21000.0,0.0,0.0,4270835,4272469,0.3872782737044272,3.0,0.1936391368522136,0.0317596625923006,0.835985312119317,3.0,1.0,2.0,2.3506716189355696e-05,0.0,4.0,0.0,0.0
0x1ebc53b8eed7b31b657c6cda1ea4a62bcda138d4,0,ok,11,6.0,5.0,0.5454545454545454,8.0,3.0,5.0,0.7272727272727273,0.2727272727272727,0.31435047597875,0.33426810597875,0.0523917459964583,0.21039247597875,0.06685362119575,0.21064924,0.01991763,0.6692926909802819,0.2727272727272727,19.263636363636365,41.0,9.137562110449048,38440.36363636364,0.0,0.0,4384265,8255058,659.1160512240727,0.0166890185416838,65.91160512240728,0.0024882291643707,2.732389224312026,8.0,5.0,3.0,3.686309455635967e-05,0.1428571428571428,94.0,0.0,1.0
0x321b82662c4e61bdafd397bbbd34d6574b48ed84,0,ok,17,9.0,8.0,0.5294117647058824,15.0,8.0,7.0,0.8823529411764706,0.1176470588235294,13.680470171,13.68531617,1.5200522412222224,10.05813655,1.71066452125,10.058640550000002,0.0048459989999987,0.735218630959142,0.1176470588235294,25.19470588235294,118.01,24.58122863861941,44243.41176470588,0.0,0.0,4265032,8706640,757.7622266622246,0.0224344779956652,47.36013916638905,0.0056882977761604,2.225258541253416,15.0,7.0,8.0,2.40690529994561e-05,0.0285714285714285,1143.0,0.0,0.0
0x6c5c3d58dc80ec8f5bad74be72bd3cb8127fddeb,0,ok,12,6.0,6.0,0.5,10.0,6.0,4.0,0.8333333333333334,0.1666666666666666,6.2489216,6.2537516,1.0414869333333334,1.28979002,1.0422919333333334,1.35147225,0.0048300000000001,0.2064020166295573,0.0,27.36766666666667,125.0,30.43793083017015,43083.333333333336,0.0,0.0,4652749,12117364,1211.2713695136126,0.0099069459594497,110.11557904669206,0.0004976458323222,3.126388866155067,10.0,4.0,6.0,1.5300834310707556e-05,0.0222222222222222,1143.0,0.0,1.0
0x1a675e733599840445135fbb18d23230e7ff3011,0,ok,9,4.0,5.0,0.4444444444444444,6.0,4.0,3.0,0.6666666666666666,0.3333333333333333,0.3027983528678746,0.3059488393981522,0.0756995882169686,0.2166941145878478,0.0611897678796304,0.0874517893981523,0.0031504865302776,0.7156383531663457,0.0,38.77777777777778,82.5,24.422338489259182,33888.88888888889,0.0,0.0,4650029,14399583,1566.6539341230084,0.005744727539358,195.831741765376,0.0068011597212817,2.384432792740865,6.0,3.0,4.0,2.997149888479562e-05,0.0,1148.0,0.0,0.0
0x00c4efdf5fb9a14daddd37ba0d0d0f0bc1c71b35,0,ok,10,7.0,3.0,0.7,10.0,7.0,3.0,1.0,0.0,0.14545497,0.16816328,0.0207792814285714,0.135,0.0560544266666666,0.15016328,0.02270831,0.928122291043063,0.4,34.6846420954,70.200001604,19.135219041688696,58258.7,0.0,0.0,4534453,17371545,2025.4595232708311,0.0049371512415372,225.05105814120344,0.0054741041665827,1.4079336248941332,10.0,3.0,7.0,1.5450796362532897e-05,0.0888888888888888,94.0,0.0,1.0
0x4e556877e96fdf3bef67c81ef72e20ab29a9aebf,1,ok,11,2.0,9.0,0.1818181818181818,10.0,2.0,9.0,0.9090909090909092,0.0909090909090909,12.605341287,12.607063287,6.3026706435,12.105341287,1.4007848096666669,5.0,0.0017220000000008,0.9603342750810204,0.0,27.09090909090909,50.0,15.991216597384415,33090.90909090909,0.0,0.0,5296479,5422688,21.246069804074036,0.517742815562561,2.1246069804074037,0.0,2.0609730770223047,10.0,9.0,2.0,0.0001535078678179,0.0,1148.0,0.0,0.0
0x7e10eb8873f231a0bd4db5b41b730b21c522a569,0,ok,10,6.0,4.0,0.6,10.0,6.0,4.0,1.0,0.0,2.489507078565994,2.492216175,0.4149178464276656,2.131828175,0.62305404375,2.132416175,0.0027090964340059,0.8563254121084788,0.3,24.9595068286,67.0,23.599765309658704,46300.0,0.0,0.0,5035662,25737183,3109.1391094249984,0.0032163244062274,345.45990104722205,0.0026096495351305,1.8839395398157324,10.0,4.0,6.0,1.534689585562669e-05,0.0,1474.0,0.0,0.0
0xc24ff0afc03791e21a4993c02f166a0435c99537,0,ok,3,2.0,1.0,0.6666666666666666,3.0,2.0,1.0,1.0,0.0,5858.726605555662,5858.727445555662,2929.363302777831,5768.726605555662,5858.727445555662,5858.727445555662,0.0008399999996981,0.9846383000847564,0.0,20.0,20.0,0.0,44000.0,0.0,0.0,3304380,3304400,0.0033473685190633,3.0,0.0016736842595316,0.0008368421290759,0.5000000004121856,3.0,1.0,2.0,1.802165234961517e-05,0.3333333333333333,54.0,0.0,1.0
0x0b7f284d74f549731499c44aed2a10adcc9e9cc0,1,ok,59,5.0,54.0,0.0847457627118644,47.0,1.0,46.0,0.7966101694915254,0.2033898305084746,68.39672049762157,68.40310449762156,13.679344099524316,25.0,1.266724157363362,19.9918,0.0063839999999828,0.3655146009649593,0.0,41.070444915254235,80.0,18.685332155256493,80267.79661016949,0.0,0.0,4904217,4919926,2.7511549879638135,21.44553842227083,0.0474337066890312,0.0003502648158205,4.2400934521056515,47.0,46.0,1.0,0.000514380414126,0.0,1443.0,0.0,0.0
0x00e01a648ff41346cdeb873182383333d2184dd1,1,ok,37,15.0,22.0,0.4054054054054054,34.0,13.0,21.0,0.918918918918919,0.081081081081081,199.95,200.2164942700664,13.33,25.0,9.100749739548473,49.999313636,0.2664942700664028,0.1250312578144536,0.1351351351351351,33.45945945945946,99.0,23.745946561175337,28340.837837837837,0.054054054054054,0.0,4040123,5604757,297.8577917516673,0.1242203528818476,8.273827548657426,0.0,5.739353775265651,34.0,21.0,13.0,0.0002321380770832,0.0,1143.0,0.0,0.0
0x2789b7b3557f39643198433daebf6b43512be65b,1,ok,34,6.0,28.0,0.1764705882352941,32.0,6.0,26.0,0.9411764705882352,0.0588235294117647,13.646418882199782,13.653193882199782,2.274403147033297,12.66333,0.4876140672214207,2.0,0.0067749999999993,0.9279599365455424,0.0,45.61764705882353,100.0,17.514724403605555,48241.17647058824,0.0,0.0,4946373,4970042,4.145208950928516,8.20224032189839,0.1256123924523792,0.0040280453722786,1.6482186227684967,32.0,26.0,6.0,0.0002804582743395,0.0,292.0,0.0,0.0
0xb109e90713be214025f1908aeee5091976928f8d,0,ok,100,6.0,94.0,0.06,45.0,5.0,40.0,0.45,0.55,8.5864857272,6.544223650200001,1.4310809545333332,3.5438249622,0.0696194005340425,1.78,-2.0422620769999984,0.4127212313384488,0.01,15.29110298399,96.5,15.033762875060717,61903.31,0.0,0.0,4228753,9560363,906.7874379704645,0.1102794280253992,9.159469070408733,0.0182499553704703,2.622300375859673,45.0,40.0,5.0,0.0001041702391274,0.0,818.0,0.0,0.0
0xfe68de56a07cd3af0ec40c22b0193115ecdd0501,1,ok,53,5.0,48.0,0.0943396226415094,49.0,4.0,45.0,0.9245283018867924,0.0754716981132075,163.31253709821,163.31579209820998,32.662507419642,50.0,3.4024123353793745,50.0,0.0032549999999957,0.3061614306434532,0.0,37.430188640603774,100.0,19.36332432954322,90913.2075471698,0.0,0.0,4771504,4800010,4.9923244055553715,10.61629727848265,0.0960062385683725,0.0003502648130611,1.3202206150664286,49.0,45.0,4.0,0.0005909896939406,0.0,1443.0,0.0,1.0
0xb08e5fc0f35ca58bc1d38feaadd6b79301433388,0,ok,8,7.0,1.0,0.875,4.0,3.0,1.0,0.5,0.5,1.9273531903196273,0.995,0.275336170045661,1.257,0.995,0.995,-0.9323531903196272,0.652189752409387,0.375,30.6698044675,60.0,26.77345771564492,431492.0,0.0,0.0,6089780,25024876,2829.3041333372203,0.0028275503880043,404.18630476246005,0.0004187116661557,2.4374495138756966,4.0,1.0,3.0,1.4622157470743378e-05,0.0,237.0,0.0,0.0
0x9c01e245cb00455b152f3c795bfc705b1f073947,0,ok,13,7.0,6.0,0.5384615384615384,4.0,2.0,2.0,0.3076923076923077,0.6923076923076923,230.91168557,230.84757227,32.98738365285714,49.99968499999999,38.47459537833333,50.0,-0.0641133000000024,0.2165316357921729,0.0,52.54461538469231,113.0,36.91790322728359,32076.92307692308,0.0,0.0,5802813,7254255,250.50562529888697,0.051895042215077,20.875468774907244,0.0021438251849677,2.0954093055595786,4.0,2.0,2.0,6.729152809880536e-05,0.3333333333333333,880.0,0.0,1.0
0x1c39d6e0278d1a28ce21dbd73826559b010224e5,1,ok,16,1.0,15.0,0.0625,16.0,1.0,15.0,1.0,0.0,6.117766,6.118627,6.117766,6.117766,0.4079084666666667,1.0,0.0008610000000004,1.0,0.0625,48.75,99.0,19.230509613632183,62375.0,0.0,0.0,4908600,4928927,3.5599164453700736,4.494487509899044,0.2373277630246715,0.0008756620354122,2.1081570635797897,16.0,15.0,1.0,0.000177088503702,0.0,17.0,0.0,0.0
0xdef05b512d405f4fb930e252c6c11f054832c93b,1,ok,30,0.0,29.0,0.0,4.0,0.0,4.0,0.1333333333333333,0.8620689655172413,0.0,0.0,0.0,0.0,0.0,0.0,0.0,0.0,1.0,3.3313333333333333,8.8,1.9274157713258333,151736.16666666666,0.8,0.0,5128328,9041953,650.08130375236,0.0461480738283593,22.416596681115863,0.0,3.928943635869506,4.0,4.0,0.0,2.4005249932563247e-05,0.0,165.0,0.0,0.0
0x91ef0754d270e67f2ca92595f5a1c0459ec7df89,1,ok,3,0.0,2.0,0.0,2.0,0.0,2.0,0.6666666666666666,0.0,0.0,0.0,0.0,0.0,0.0,0.0,0.0,0.0,1.0,3.0,4.0,0.816496580927726,569625.0,0.0,0.0,5220443,5300446,13.49404038074116,0.2223203662767774,6.74702019037058,1.6036103681474925,0.762323170392141,2.0,2.0,0.0,1.2755041268859982e-05,0.0,165.0,0.0,0.0
0x784205acd9423a2044d09e41642a71e087162861,1,ok,4,3.0,1.0,0.75,4.0,3.0,1.0,1.0,0.0,0.196703,0.2,0.0655676666666666,0.1403,0.2,0.2,0.0032969999999999,0.7132580591043349,0.0,44.5,66.0,16.25576820700886,110500.0,0.0,0.0,4562773,5166063,102.9435836591682,0.0388562342383906,34.3145278863894,6.6273154444468245,0.822934244912074,4.0,1.0,3.0,2.3506716189355696e-05,0.0,46.0,0.0,0.0
0x68b0e0db7918c0211ea1fb78292a879839137dd0,1,ok,100,59.0,41.0,0.59,83.0,55.0,38.0,0.83,0.17,430.0945350454503,118.08713873287527,7.289737882126277,429.5,2.880174115435983,36.72105445,-312.007396312575,0.998617664264468,0.42,40.26,60.0,19.216982073156025,76345.72,0.01,0.0,4197027,5267413,202.5001869712963,0.493826704536202,2.045456434053498,0.0,6.224993931616087,83.0,38.0,55.0,0.0004643070926487,0.0,3798.0,0.0,0.0
0x749b77555132fa5ec9dedabe845bc6dbde0b8856,0,ok,3,2.0,1.0,0.6666666666666666,2.0,2.0,1.0,0.6666666666666666,0.3333333333333333,0.007489616,0.008,0.003744808,0.007489616,0.008,0.008,0.000510384,1.0,0.3333333333333333,9.666666666666666,21.0,8.055363982396381,153666.66666666666,0.0,0.0,6758789,6851985,15.534716115742922,0.1931158559736918,7.767358057871461,0.0050006597240765,0.9993561955446346,2.0,1.0,2.0,1.5186096696008964e-05,0.0,182.0,0.0,0.0
0x5a3858664afc7221f4832aa38a5d79e00a59bf5c,0,ok,28,17.0,11.0,0.6071428571428571,17.0,13.0,4.0,0.6071428571428571,0.3928571428571428,56.4735815,51.46629141000001,3.3219753823529414,29.99895,4.678753764545456,30.0,-5.007290089999991,0.531203249434428,0.2142857142857142,52.87754901178572,100.0,21.22402195764009,103041.25,0.1428571428571428,0.0,3903428,6186338,426.069951566019,0.065716908449155,15.78036857651922,0.000385234353167,2.6357464777814346,17.0,4.0,13.0,2.845605351762056e-05,0.0,966.0,0.0,1.0
0x24aa18952e80707dad3ab4c9c97e787f2af337ca,1,ok,18,15.0,3.0,0.8333333333333334,8.0,5.0,3.0,0.4444444444444444,0.5555555555555556,2.713708792606992,1.4097991726069925,0.1809139195071328,1.39,0.4699330575356641,0.908,-1.3039096199999998,0.5122141343193504,0.5555555555555556,12.555555555555555,50.0,15.864783579510036,160944.44444444444,0.0,0.0,5169551,5498425,55.43437057518573,0.3247082958322143,3.2608453279521017,0.0006769214818874,3.04181677791969,8.0,3.0,5.0,2.5734581738129105e-05,0.0,3798.0,0.0,0.0
0x3e2b9f6b67fc972419af5e9818281b745a6bf83b,1,ok,7,0.0,6.0,0.0,3.0,0.0,3.0,0.4285714285714285,0.5,0.0,0.0,0.0,0.0,0.0,0.0,0.0,0.0,1.0,3.5714285714285716,7.0,1.6781914463529617,361290.5714285714,0.0,0.0,5118803,5830576,122.09195099629736,0.0573338368572084,20.348658499382896,0.001030061945871,1.9745635049559032,3.0,3.0,0.0,1.3087360956317824e-05,0.0,165.0,0.0,0.0
0x3bcb583356fa25a3152613c85b83b4045f32f195,0,ok,8,5.0,3.0,0.625,6.0,4.0,3.0,0.75,0.1428571428571428,3.02684337,3.102,0.6053686739999999,2.999559,1.034,3.0,0.0751566299999999,0.9909858665729374,0.25,39.75,120.0,32.10042834605171,247928.875,0.0,0.0,4337069,12365631,1313.5171930466674,0.0060905179181128,187.64531329238108,6.6150401805562,1.648559497393978,6.0,3.0,4.0,3.5358238752503576e-05,0.0,26.0,0.0,0.0
0xa2d3a135eabcc6dfaadaa479ed13d3467a6c9abe,0,ok,3,2.0,1.0,0.6666666666666666,2.0,1.0,1.0,0.6666666666666666,0.3333333333333333,0.999337121054488,1.0,0.499668560527244,0.969406280092051,1.0,1.0,0.0006628789455119,0.9700493053526776,0.0,30.34090812333333,60.0,23.417796456542348,21000.0,0.0,0.0,5976648,20530543,2221.189512399816,0.0013506276629042,1110.5947561999078,892.8842983129178,0.1960305112838134,2.0,1.0,1.0,1.5995778744384165e-05,0.0,880.0,0.0,1.0
0x07425527076b4f73b5616716dda54fb14cf1219e,1,ok,3,1.0,2.0,0.3333333333333333,3.0,1.0,2.0,1.0,0.0,0.5999507130181972,0.6007805860181972,0.5999507130181972,0.5999507130181972,0.3003902930090986,0.6007804860181972,0.0008298729999999,1.0,0.0,20.000000411666665,21.0,1.4142129801885122,27171.0,0.0,0.0,4006659,10190471,1057.6708253458337,0.0028364212457302,528.8354126729167,3.406730715370289,0.9935580510802946,3.0,2.0,1.0,2.899178002909622e-05,0.0,436.0,0.0,0.0
0xcf132dec338654c20e2bd9ec2c64a6837b2ca22a,0,ok,5,3.0,2.0,0.6,5.0,3.0,2.0,1.0,0.0,2000.998677,2001.0,666.999559,1202.1079259634985,1000.5,1302.9058594241542,0.0013229999999566,0.6007539833888149,0.0,21.0,21.0,0.0,34800.0,0.0,0.0,3812225,3812242,0.0032744919895022,5.0,0.0008186229973755,0.0,0.9017476306561012,5.0,2.0,3.0,2.899178002909622e-05,0.0,1443.0,0.0,1.0
0x9e009c57b36ac7e3382697b4c9d3e7092a1cdb42,1,ok,18,5.0,13.0,0.2777777777777778,14.0,3.0,12.0,0.7777777777777778,0.2222222222222222,10.34692,10.35284610500119,2.0693840000000003,10.30192,0.7963727773077838,5.0,0.0059261050011887,0.9956508796820696,0.1666666666666666,23.666666666666668,52.0,12.55653880122491,55111.11111111111,0.1111111111111111,0.0,5065781,5100177,5.820847819259873,3.0923330344493904,0.3424028128976396,0.0006769214818874,3.127570087256961,14.0,12.0,3.0,0.0001575386077473,0.0,373.0,0.0,0.0
0x6343697b7880d977e16229ab4729342f7505eb19,0,ok,5,4.0,1.0,0.8,5.0,4.0,1.0,1.0,0.0,3.000179586,2.00081,0.7500448965000001,1.70726463,2.00081,2.00081,-0.9993695860000004,0.5690541452807552,0.0,7.8,10.0,2.9257477676655586,34800.0,0.2,0.0,6964679,7657160,121.70011325347204,0.0410845961136141,30.425028313368006,0.0001666886580211,1.7196388730922432,5.0,1.0,4.0,2.3506716189355696e-05,0.0,818.0,0.0,0.0
0xfb3c3548b79623d83ec197666633d87e05a78e40,0,ok,51,28.0,23.0,0.5490196078431373,14.0,6.0,8.0,0.2745098039215686,0.7254901960784313,560.8984184,560.7401600060001,20.03208637142857,140.081031,24.380006956782612,89.995,-0.1582583939998585,0.2497440292300884,0.2745098039215686,23.43469517460784,220.0,44.00486335713323,45728.25490196078,0.0784313725490196,0.0,4336901,25510715,3207.4760129162973,0.0159003527367395,64.14952025832594,0.0001395705535455,4.138630034701311,14.0,8.0,6.0,8.463617290052446e-05,0.0219780219780219,2450.0,0.0,0.0
0x581cc257051a34972641d008c3915a75771be274,1,ok,7,0.0,6.0,0.0,4.0,0.0,4.0,0.5714285714285714,0.3333333333333333,0.0,0.0,0.0,0.0,0.0,0.0,0.0,0.0,1.0,3.857142857142857,6.0,1.3552618543578767,377489.8571428571,0.0,0.0,5190930,5834160,110.50116240740928,0.0633477499014131,18.41686040123488,0.0052461414811787,1.7877451730289966,4.0,4.0,0.0,1.320133630883191e-05,0.0,165.0,0.0,0.0
0xfc8abf8cd90e765418aa56e3edd3a4b37c9bcc34,0,ok,29,28.0,1.0,0.9655172413793104,4.0,3.0,1.0,0.1379310344827586,0.8620689655172413,0.0,0.063027,0.0,0.0,0.063027,0.063027,0.063027,0.0,0.9655172413793104,10.93103448275862,63.0,9.843363016854026,2030689.6551724137,0.1034482758620689,0.0,6669904,7697528,176.88517427925987,0.1639481664767215,6.317327652830708,0.0003333773132827,0.5922290526351083,4.0,1.0,3.0,1.3528963033985422e-05,0.0,1739.0,0.0,0.0
0xe4024790ae073e1e90ca3330e94bb9bb9bff18d7,0,ok,11,4.0,7.0,0.3636363636363636,6.0,2.0,4.0,0.5454545454545454,0.4545454545454545,1.37696738,1.4204273800000002,0.344241845,0.938225,0.2029181971428571,0.54,0.0434600000000002,0.6813705347181137,0.0909090909090909,51.63636363636363,202.0,55.8069280926705,56294.72727272727,0.0,0.0,4817152,13955243,1469.4648101046764,0.0074857185584569,146.94648101046766,0.0161814370365054,2.020525461177765,6.0,4.0,2.0,9.095869252385352e-05,0.0,2397.0,0.0,0.0
0x3f6244941d1de80b3f25b2408aa2d1d6cb10922e,0,ok,10,4.0,6.0,0.4,8.0,3.0,5.0,0.8,0.2,47.79918,47.86013489,11.949795,21.94918,7.976689148333333,20.7444133,0.0609548899999978,0.4591957435253073,0.0,22.71,30.0,3.74391506313912,38900.1,0.0,0.0,3642203,4154654,104.384540375369,0.0957996266883945,11.598282263929892,0.0019262029616921,1.5156980888529648,8.0,5.0,3.0,3.500920810763675e-05,0.0,1143.0,0.0,0.0
