address,label,source,note
0x09750ad360fdb7a2ee23669c4503c974d86d8694,1,mew_darklist,XRP phishing website (ripple.com.pt) this wallet collects funds from malicious wallets
0xc915ec7f4cfd1c0a8aba090f03bfaab588aef9b4,1,mew_darklist,XRP phishing website (ripple.com.pt) that got exchanged to ETH through Coinswitch
0xecb6ffac05d8b4660b99b475b359fe454c77d153,1,mew_darklist,XRP phishing website (ripple.com.pt) that got exchanged to ETH through Coinswitch
0x7f85a82a2da50540412f6e526f1d00a0690a77b8,1,mew_darklist,XRP phishing website (ripple.com.pt) that got exchanged to ETH through Coinswitch
0xbc8b85b1515e45fb2d74333310a1d37b879732c0,1,mew_darklist,XRP phishing website (ripple.com.pt) that got exchanged to ETH through Coinswitch
0xbbf84f9b823c42896c9723c0be4d5f5ede257b52,1,mew_darklist,XRP phishing website (ripple.com.pt) that got exchanged to ETH through Coinswitch
0xd5ce086a9d4987adf088889a520de98299e10bb5,1,mew_darklist,XRP phishing website (ripple.com.pt) that got exchanged to ETH through Coinswitch
0x6b5c35d525d2d94c68ab5c5af9729092fc8771dd,1,mew_darklist,XRP phishing website (ripple.com.pt) that got exchanged to ETH through Coinswitch
0x4541c7745c82df8c10bd4a58e28161534b353064,1,mew_darklist,XRP phishing website (ripple.com.pt) that got exchanged to ETH through Coinswitch
0x0a00fb2e074ffaaf6c561164c6458b5c448120fc,1,mew_darklist,XRP phishing website (ripple.com.pt) that got exchanged to ETH through Coinswitch
0x3a3999e6501e2a36dd3c0b8fc2bd165fc4a22e54,1,mew_darklist,XRP phishing website (ripple.com.pt) that got exchanged to ETH through Coinswitch
0x39f3e7fa18d342de467ad9d7065a46c8385589f7,1,mew_darklist,XRP phishing website (ripple.com.pt) that got exchanged to ETH through Coinswitch
0x439cb5628e64677c540a8635c86e41d83c1170d5,1,mew_darklist,XRP phishing website (ripple.com.pt) that got exchanged to ETH through Coinswitch
0x22764de8f82f2d2a90e0ccca4556a2a5114b6461,1,mew_darklist,XRP phishing website (ripple.com.pt) that got exchanged to ETH through Coinswitch
0xc28f50625cfe028ab1a3458c7cebcf9657ff1438,1,mew_darklist,XRP phishing website (ripple.com.pt) that got exchanged to ETH through Coinswitch
0x14130d36b36887620c37a404f859d11e293ec06a,1,mew_darklist,XRP phishing website (ripple.com.pt) that got exchanged to ETH through Coinswitch
0x2f77f4523a13138b472ac6faef624cce68da2c46,1,mew_darklist,XRP phishing website (ripple.com.pt) that got exchanged to ETH through Coinswitch
0x2315314c5cadb895c2c9982b847fd6f6a32d6129,1,mew_darklist,XRP phishing website (ripple.com.pt) that got exchanged to ETH through Coinswitch
0x8651e8e218597e781e9a6d8ceb53ec5a236ae75b,1,mew_darklist,XRP phishing website (ripple.com.pt) that got exchanged to ETH through Coinswitch
0x2f80a6700e4bea478ac027f019f04a78a7538d06,1,mew_darklist,XRP phishing website (ripple.com.pt) that got exchanged to ETH through Coinswitch
0x90a16ebcf1bc0da0347134f707da93c40bb8a4c5,1,mew_darklist,Fake BITCAR platform token
0x983bda798a24720bb4fe3dba287ec352e7b440fc,1,mew_darklist,Fake BITCAR platform token
0x45029af827c652f47b1f678456b2cd009647c8ad,1,mew_darklist,Fake BITCAR platform token
0xf193a9afb00715aacf7ca9ebffafe02c77517c2e,1,mew_darklist,Fake copy of ROCK2PAY token
0xcc02b920ae227f1be7d01fc241c27e5f74d40436,1,mew_darklist,Fake copy of ROCK2 token
0xa153a6ef80fb5d60de18688bdc82684d48fc8de1,1,mew_darklist,Fake copy of ROCK2 token
0x19fb7020381fe9197bf841d5034d5467fe5a3c93,1,mew_darklist,Fake copy of ROCK2 token
0x8abe0a9b8a1c8a003354e61f3ed8befdeb7d2cec,1,mew_darklist,Fake copy of ROCK2 token
0xfb6e71e0800bccc0db8a9cf326fe3213ca1a0ea0,1,mew_darklist,Scam lottery contract that takes advantage of odd struct memory management
0xb4c9d8a5812a024bdb177991af256da144776033,1,mew_darklist,Electrominer ICO fake admin
0x5ddd20ac4bacff3f148af4c8c24194a1c102cfe5,1,mew_darklist,Electrominer ICO fake admin
0x03f034fb47965123ea4148e3147e2cfdc5b1f7a5,1,mew_darklist,Electrominer ICO fake admin
0x3b5744c7f340e0d2dcf7a072a4c963b9a43c982b,1,mew_darklist,Buzcoin ICO scam (buzovacoin.io)
0xeef2a09be2a136bba76f04cf056e36947dbf0b0c,1,mew_darklist,Buzcoin ICO scam (buz-coin.io)
0x86ddf5b305b9081fb5208e903edeb013510997cd,1,mew_darklist,Buzcoin ICO scam (buzcoinio.com)
0x181c71726f12ce2514e8b93019eb22645a79f966,1,mew_darklist,Fake Whalesburg ICO support
0x2056d2e97cc9ad78cf527b382495a8b9704ce011,1,mew_darklist,Fake Whalesburg ICO support
0x259efb559a5d9ed64ccf44bd5188b325dc4738c8,1,mew_darklist,Fake Whalesburg ICO support
0x42a777e0f24390e7ed461a7af325526e53ac57d9,1,mew_darklist,Fake Whalesburg ICO support
0x4e790c545478029d20816a7212c46adde058d63e,1,mew_darklist,Fake Whalesburg ICO support
0x5d840db230c397acc22ab28053d1a1ff7f14583e,1,mew_darklist,Fake Whalesburg ICO support
0x6cf481c7090d88ca6f1fa3c9ffd0911ef5359808,1,mew_darklist,Fake Whalesburg ICO support
0x73bb594368ddb778972c6f30b41437c897419c37,1,mew_darklist,Fake Whalesburg ICO support
0x7613a475b7fe61775f579bc148300c8171eccae9,1,mew_darklist,Fake Whalesburg ICO support
0xbc83d48dd0cd9c3f47bab6436defeb334b563f4c,1,mew_darklist,Fake Whalesburg ICO support
0xbca6294a6c80ee0f20173547b8d85d4948a0cb39,1,mew_darklist,Fake Whalesburg ICO support
0xbeebe66b6a511dd2accbff7f258554dbe97f1294,1,mew_darklist,Fake Whalesburg ICO support
0xea7380369af53598a55b4622909cd9633e0ae7fa,1,mew_darklist,Fake Whalesburg ICO support
0xfe9b7db8d9d57e9ad9341bcf51b110ba5d27b48b,1,mew_darklist,Fake Whalesburg ICO support
0x08389b19ad52f0d983609ab785b3a43a0e90355f,1,mew_darklist,Scam address for various fake twitter accounts and fake giveaways
0x4114fb8b1879f61b18f7d2e623569a847a03e15a,1,mew_darklist,Fake 'Atonomis' presale
0x3c3b85b2ae785a8cc16c3d4df12cb27c6983dff5,1,mew_darklist,Fake ICO support
0x35ad1cb9a39de486cebcce3cf51661fd6c848193,1,mew_darklist,Fake Photochain support
0x15f4a5d5bbc071fc20bd60b9b7d81aaa8a1142ab,1,mew_darklist,Fake Betrium admin
0xa2a6ceadcb7db611f618ebabfe6de5763953b7c7,1,mew_darklist,Fake Adsigma support
0xe4faeef4002c200d9d4f1d381ccb5fb679d1c437,1,mew_darklist,Fake Starflow admin
0x68a91eba9c82b475091077e16357bb2dded479f4,1,mew_darklist,Fake StasyQ admin
0x64c5971dd27ff063ee4bc5e4c231febd9fc228cd,1,mew_darklist,Fake Omnitude support
0x484aa220812a5ed3d1162686bc8592eb39276348,1,mew_darklist,Fake PlayHall admin
0x3810bd434103f1d0618b909ba14e4d2d707d79f7,1,mew_darklist,Fake PlayHall support
0x6834d3096793d0731348f1581ae1b20c9b79e26a,1,mew_darklist,Fake PlayHall support
0x0dac7a548551dd2e0f7293005f14f9261d7e0196,1,mew_darklist,Fake PlayHall support
0x55c4dfc965b911afee18a7d2d94a245b867395b6,1,mew_darklist,Fake ICO support
0x0e04298d9eaffaf538fe04b4cd525b6d1b64c3ca,1,mew_darklist,Fake Selfllery admin
0xb5879bf4a37c6ed9d86a6f2d8aab7939b21687cd,1,mew_darklist,Fake PlayHall admin
0x4e556877e96fdf3bef67c81ef72e20ab29a9aebf,1,mew_darklist,FAKE Telegram giveaway
0xc8ce1c3ac9549d479a90a6a89155b9b94e54d9ba,1,mew_darklist,FAKE Telegram giveaway
0xe344e4b209e8eabaa2a6ddd1b0aa120b7599af25,1,mew_darklist,FAKE Telegram giveaway
0x0a4392f623faf54de72cbf6f567e1a7808251cd3,1,mew_darklist,Fake PlayHall support
0xfb990112f51931a2834fcf574a860b7419ecd76f,1,mew_darklist,Fake Origami Network and Crypto Cashback Rebate support
0x86d38dbde80fe6a947565967f41cf958cc271548,1,mew_darklist,Fake Topia admin
0xa46311dc4d3bc52b66d45e74682042bb143a9aa3,1,mew_darklist,Fake Selfllery admin
0x18ec1d727320cbed7c0c63cd655ade997b292c5e,1,mew_darklist,Fake Selfllery admin
0xdf967ff95cd5ff35a27786dbd906fbb9ded116af,1,mew_darklist,Fake admin in Selfllery ICO
0x300d4fbdb7ef38488eb9338982686e04ba426715,1,mew_darklist,Fake admin in Selfllery ICO
0x15a99893dc47bfae5b06e9b4c8941aaca60f8af5,1,mew_darklist,Fake admin in Selfllery ICO
0x8c38a4e5104a2925d9e23d5f269afd1c2e09b8f9,1,mew_darklist,Fake admin in Selfllery ICO
0x43f030a549f780d1af59a782eaadce4dec7ba183,1,mew_darklist,Fake admin in Selfllery ICO
0x2903e9f1d81fac8ccc313b5b496f2db7db6750b6,1,mew_darklist,Fake admin in Selfllery ICO
0x72b59c7ff61130f4923e2da6af27d562dd64191c,1,mew_darklist,"Fake Amazix, Selfllery and Swapy suppor"
0x5bc989f38ec9b913b0fbd8b702858214d428a1bd,1,mew_darklist,Fake admin in Mosaic ICO and others
0xdb21509547c82b69e714bf3a761e6d64f0f91cd0,1,mew_darklist,Fake admin in Selfllery ICO
0x101c55c14bbde713d4c718b67256133bac8126c6,1,mew_darklist,Fake admin in Selfllery ICO
0x56f0e244ea07e894170731285daf8cf4864e368e,1,mew_darklist,Fake admin in Selfllery ICO
0x5e0f56a3e977318b69303c12369b2a797dfa2b0b,1,mew_darklist,Fake admin in Selfllery ICO
0xd0cc2b24980cbcca47ef755da88b220a82291407,1,mew_darklist,
0x4cdc1cba0aeb5539f2e0ba158281e67e0e54a9b1,1,mew_darklist,
0x00e01a648ff41346cdeb873182383333d2184dd1,1,mew_darklist,
0x858457daa7e087ad74cdeeceab8419079bc2ca03,1,mew_darklist,
0x2268751eafc860781074d25f4bd10ded480310b9,1,mew_darklist,"fake ICO site w/ fake address. Mirrored from district0x.io/ by HTTrack Website Copier/3.x [XR&CO''2014], Fri, 14 Jul 201"
0x379ce20c018fb6301c1872c429ec7270ffa4dc5b,1,mew_darklist,malicious - same as ethereumchest
0x2b065809f6ec6df32878bcd26711a0e2bcf59c26,1,mew_darklist,slackbot / reddit dms. did not 404.
0xcdd1c19dcc3f473eaef6edb0a28e1e796d6e1767,1,mew_darklist,slackbot / reddit dms slackbot / reddit dms
0xba83e9ce38b10522e3d6061a12779b7526839eda,1,mew_darklist,scambot phishers. did not 404.
0xf73ef0650415656b51be39bd5d37cf5ce03f4033,1,mew_darklist,scambot phishers. did not 404.
0xedf202629bb7e9f72d4c62c325d198513fa7a3d3,1,mew_darklist,scambot phishers. did not 404.
0x33f74739ce6be3b2c38af76f5adb3866cb4784c4,1,mew_darklist,
0xaa1886de3f70a3ef502ea1379a311c5b4e05f3fd,1,mew_darklist,
0xf9fe85e19bd533c69067c6e2ff02727d40a54100,1,mew_darklist,
0x4423b4d5174dd6fca701c053bf48faeaaaee59f0,1,mew_darklist,
0x89c98cc6d9917b615257e5704e83906402f0f91f,1,mew_darklist,
0x4a0d27a1044dd871a93275de5109e5f5efc4d46e,1,mew_darklist,
0x3681828da105fc3c44e212f6c3dc51a0a5a6f5c6,1,mew_darklist,
0xe4fa5149306b12d51dc0d04e5e95bc9704ccaad7,1,mew_darklist,
0x1e80dad60d19fb8159af3f440a8ceaa0e5581847,1,mew_darklist,
0x52b7c8857be3853fa68e09d9ba7a9adf075040ea,1,mew_darklist,
0x3b0009071a0a9983e9aab537fd8c9ad478310aeb,1,mew_darklist,
0x4bf722014e54aeab05fcf1519e6e4c0c3f742e43,1,mew_darklist,
0xd9932453997ddf36fe114c9f22bebb9ee77b2921,1,mew_darklist,
0x68b0e0db7918c0211ea1fb78292a879839137dd0,1,mew_darklist,
0xf902aa3a62f9e28878129e1a8f1eb71e4fd7a88c,1,mew_darklist,
0x1086feeb031e45e8fcd770662aa8302d7c23ba1f,1,mew_darklist,
0x685445fe51b31790538890a6468851afbf7a0519,1,mew_darklist,
0x6fcf42fcd9c6a54b64d1b52083700142952a2805,1,mew_darklist,
0xda657e9fa116900fab8178e5580a3a6cedd89f3c,1,mew_darklist,
0x44a7ff01f7d38c73530c279e19d31527bdcf8c78,1,mew_darklist,
0x1de23f02e185fdc4f6bacc98d6c6419370e38538,1,mew_darklist,Fake Etherscan site for a fake Monetha ICO address
0x6506827d91659e871fc7267160ba1c3407195270,1,mew_darklist,
0xf1e250f2a27ab7ec5b82b287f2799260448cd51d,1,mew_darklist,
0xfbf6f29c126382cf15795bb209ee506a174cc709,1,mew_darklist,
0x7cbc4e0d168744912c5afc081499145bbdc51e69,1,mew_darklist,
0x57b818a1070373e21fcedf48d4368e1703c75852,1,mew_darklist,
0x8369f6723c4792b41d4af4190662269431ee5b0b,1,mew_darklist,
0x57d02550f47dd932d2fb84e0aa883c9d8d53c313,1,mew_darklist,
0x4999924fd714092fe92ca9a792a8549f798c1dc2,1,mew_darklist,
0xf8e676094628776690dbf83fa31f08aa14fd3fb8,1,mew_darklist,
0xc4b51a247514901faf1b6b1da9f0836066e64407,1,mew_darklist,
0xcbcd4b518890429c0ffef3d782ed99b3adff009b,1,mew_darklist,
0x5d3f32f4b2e99fb79d2f6a1cbf3aa7390f8fc751,1,mew_darklist,
0xbe3364dfb8158a3e452ff96aeb247bf3f5f019b5,1,mew_darklist,
0x7a18cfc4a36e48163034e51a9ed19d4bdea05f6f,1,mew_darklist,
0x7c203685291149d5dad4308781f42a6b945df4e1,1,mew_darklist,
0x7e3d7d8e31b3f472fcd3c1552a9f009131c50c6c,1,mew_darklist,
0x29e225d888cf11c5e67613bffd30bcf071eb3d4a,1,mew_darklist,
0x6d0b90ea2951ca5ad3abdb606e4146e9765f1ee4,1,mew_darklist,
0x64f3502c4b6b7e7f106e7ab1f175a4e2c2fde45f,1,mew_darklist,
0x143494359bbacc878308075c1c9fa05fcda96651,1,mew_darklist,
0x920adc9a060cda345fdec2fdebad6ebf38edf83d,1,mew_darklist,
0xbcc6c0fef89b87a12773db7a9a8ecbccccdb7aff,1,mew_darklist,
0xf9a5139e42c3ca13d5b24d23ab2b18c278805dc4,1,mew_darklist,
0x8cf893f11f6037b14f0f827b9ed6aeef38931fb4,1,mew_darklist,
0x893676c4a94f6ecdc33a18438bbdcfe9e6c68a9a,1,mew_darklist,
0x05dd62c007cde143b402fa5da3937c40c70b4b14,1,mew_darklist,
0x0dcc89f3091d3ef66e00fb595ed0fafef4434192,1,mew_darklist,
0x2a7d04018d7295d8069ec9721ee415c4bdc57909,1,mew_darklist,
0x1c2fb401d3dc4fd8131ccfc4589f281d58921402,1,mew_darklist,
0x88698a2ff09506596a88a1af9d103a420ba46a3e,1,mew_darklist,
0x05e3650bfc907cc1b3c774f0c053c8b990ce1a4b,1,mew_darklist,
0x801d03f4d053242afbc2949c141bab4270ca6707,1,mew_darklist,
0xb71df0dbbb9754c1aa9115253f4ebb7ef3f8a57c,1,mew_darklist,
0x3aa65f17cde339df49afd2f88b3c8495842d5fb0,1,mew_darklist,
0x37c81cc9ff71d0f97849a947bf22e8e529b72230,1,mew_darklist,
0xef57aa4b57587600fc209f345fe0a2687bc26985,1,mew_darklist,
0xb7c4a4341c0a03460b6cec4fa997dd2d748ce281,1,mew_darklist,
0x3639b8b8eda816b2cb62b65159a183972a3cf863,1,mew_darklist,
0xd3d7c71e4c5b1ff2f42fbb9b4a21f3373aa8b3b0,1,mew_darklist,
0xaf31bf4fa017768e6426308cf17e16d633700265,1,mew_darklist,
0xd055610c2d5151adb3eaf994e08abe45dee936e0,1,mew_darklist,
0x8dcdb7fc9f541825ba57fb47d5204317fc609590,1,mew_darklist,
0xef6805af393c34fe772f8d827a5d26685215612a,1,mew_darklist,
0x62404bfb3e1c464f17e3af0c139e39d0703ae4a1,1,mew_darklist,
0x9a95f2ca24d1dcb01048e0623f63f9d174237deb,1,mew_darklist,
0x071cf579507dd0661845694f709e68cf7ea506a4,1,mew_darklist,
0x1b42bf30cd988ad20500ce47cce52098576ec2a2,1,mew_darklist,
0xa2896b45f8bd313b777f1027724da1b5f2205a58,1,mew_darklist,
0x1aef1e14108786e0b049f37758529d866cc3c7e6,1,mew_darklist,
0x3853ba76ec6ae97818e2d0e0839c9eda6c396690,1,mew_darklist,
0x33f6ee23ee223c4558a95bf4c0e9f5ed21e06319,1,mew_darklist,
0x22374a2e9e19bcea56e64f9de3329670cd1a458c,1,mew_darklist,
0xa35e3534917e471540345733b8f23e7bad54681b,1,mew_darklist,
0xa6b60dd3be491aafe5aba8622b35c0ead608d3fd,1,mew_darklist,
0x6d8a1bc0ae09ae5cfd4a7a2a59194598734ceea5,1,mew_darklist,
0xf3ae45d5a0b8efb41444101267b56e6795051fac,1,mew_darklist,
0x8a46aa04725b2e2029bdcb924d671fd6a9c11dab,1,mew_darklist,
0xda1cc010259496d407a764c381d0e82182d68d89,1,mew_darklist,
0x42ff5fff0e369ef6880875efcacb3b7c77974abc,1,mew_darklist,
0xeed7072fcf46733833249d1e979c44fe4f2a23a2,1,mew_darklist,
0x7c57981af4cee87567774b53f9da1bfceb8b944b,1,mew_darklist,
0xfbc79a80ffa84253611e8f9a82f18e9e93ceee81,1,mew_darklist,
0x943db403251105195f56ce69c7c48a6320475ab1,1,mew_darklist,
0xd754b5bf41b84bcb49cb952f858318640abc60e0,1,mew_darklist,
0x902d0d5bb6a34307bbd1da33e61ae1654b6cbe1e,1,mew_darklist,
0xf0fc2d4d550253d8c165c599e0cccf221c7eb7b5,1,mew_darklist,
0x52005b77fbebf53cfd9527a388f58d0431aaaa3e,1,mew_darklist,
0x1e67f055367bcbce045e1211f09355eb7411236f,1,mew_darklist,
0x316b3b83c33b20249b61ded124f2620d8e823793,1,mew_darklist,
0x0ae775637e63fa95855246fd82e96802d05883fc,1,mew_darklist,
0x71108be9c232722dd6839a6fbad171cf44d3ffaf,1,mew_darklist,
0xa3e52a23060ccdfe186822b52bf60a07451e094e,1,mew_darklist,
0xd50fcd07007255599a9a8cedd881f863bcd65eb1,1,mew_darklist,
0x7f85d875eaf39525004e8ac2bc1e83786d7dfd77,1,mew_darklist,Fake crowdsale site
0x504f1e10da987490db4f0d92931497f635e240e8,1,mew_darklist,Fake crowdsale site
0x24c00035b050bec633287c2babfbb9f4fe3c8a83,1,mew_darklist,Fake simpletoken.org crowdsale site
0x6e3e57e536aab05950774945d9cdbf506865c52f,1,mew_darklist,Fake spectre.ai site crowd sale site
0x2804e8b4c04c655376d18ada84d46fc345240e0a,1,mew_darklist,Fake datum.network crowdsale site
0xa0d67bf1ae91b6b705abd4f695cc13edaacd0d02,1,mew_darklist,Fake tzero crowdsale site
0xe54659243f8542d6abfd15bbff69f62465786756,1,mew_darklist,Fake tzero crowdsale site
0x51dcd13361c5d921d2c4818e419011301e7be34e,1,mew_darklist,Fake tzero crowdsale site
0x784205acd9423a2044d09e41642a71e087162861,1,mew_darklist,Fake auctus crowdsale site
0xd912289c9f079b0655737a55fd5d745501ecefc7,1,mew_darklist,Fake dmarket crowdsale site
0x1494403137159bb0dc545d11963fdf797ea1ecab,1,mew_darklist,Fake wax crowdsale site
0x43ac6aae3c5dd21855c3aabe3cadb7dfdcf2e5be,1,mew_darklist,Fake spectre.ai site crowd sale site
0x738a4daae8d4a640172fac4f45b41707bd2197be,1,mew_darklist,Fake UTRUST crowdsale site
0xea6e18fd3c301e4300bc99b6db792fcff376abb4,1,mew_darklist,Fake Blockstack crowdsale site
0xc31fb4c352cb68c847715d46d97c1fa2aa2d0f00,1,mew_darklist,Fake Oracles crowdsale site
0x1447b1cb205158d98fdbd312b37ed9dd1481fb62,1,mew_darklist,Fake Oracles crowdsale site
0x55456cbd1f11298b80a53c896f4b1dc9bc16c731,1,mew_darklist,Fake Gladius token sale site
0x57dcf20135b0cb9d167e8ebfe13b84bfd67645ed,1,mew_darklist,Fake Wabi token sale site
0xa2a3a8e4a1877da1c913df7591ac0d72f27d4510,1,mew_darklist,Fake Gizer token sale site
0x1cea7999fdafe5d156952ebf1816e8aa67a5485e,1,mew_darklist,Fake Wabi token sale site
0xab1c30cd2d9964b3b845ef744e2e4043739430e5,1,mew_darklist,Fake BitClave crowdsale site
0x9d0b8447f16d6bc1de2b52d63e9c487bd778a91d,1,mew_darklist,Fake Gameflip token sale site
0xeb8b629df028f5353649460f1c06bf394de8641f,1,mew_darklist,Fake Qlink token sale site
0xa5797ea738abf85db7b3f2e04a4a40a5180044a8,1,mew_darklist,Fake Mobius token sale site
0xfcdd417b449c982fc9b6d7b117e417682e81b627,1,mew_darklist,Fake PROPSProject token sale site
0x72a66bba491f0c696c4c4e3154d07b241d371944,1,mew_darklist,Fake PROPSProject token sale site
0xeaceb8e777dc8b1c11b8730904d13fbda070846f,1,mew_darklist,Fake SirinLabs token sale site
0x0a78fa6dab70385dd46fbdd20da5d868eb43f904,1,mew_darklist,Fake SirinLabs token sale site
0xeed48722238b98317d849fa591d96b7efbe9b06f,1,mew_darklist,Fake SirinLabs token sale site
0x0d502f90c0a740b9c069ddec1c436d483ed7ab8e,1,mew_darklist,Fake Envion token sale site
0xb37722e14fcfc78a56312a9a746c5474822002f2,1,mew_darklist,Fake SirinLabs token sale site
0x0387cfc283ffcf25a4a6a61e832545bbeb7c8fda,1,mew_darklist,Fake Envion token sale site
0xa7a020ae798a0a026c57ed6cbe48b21d3dbbec5b,1,mew_darklist,Fake SirinLabs token sale site
0x8c9d299cc3c2111499416cf4e3677328486cfac2,1,mew_darklist,Fake Envion token sale site
0x4c191dca6cecfa1e55caa3cf178eea52728b13e7,1,mew_darklist,Fake Changelly site
0x514e9ca5406f112aba902b0cba87395b914d861e,1,mew_darklist,Fake Envion token sale site
0x2da8703d18afed53b303119e4ff06cf035a9fadb,1,mew_darklist,Fake Tron airdrop site asking for private keys
0x660d30d1fbafdc88a1951370cbe2b3094dbf224b,1,mew_darklist,Fake Tron airdrop site asking for private keys
0x2bcc8aefa2fc9d8e52dad098778bb0a8d08a4aa3,1,mew_darklist,Fake SirinLabs token sale site
0x7f2b4801c338a7b3cc322bfaf151afea8708e8e0,1,mew_darklist,Fake Singularity crowdsale site
0xdbe6dba965afc52f5b3d51e4b15e372f45d4106a,1,mew_darklist,Fake Envion token sale site
0x9441a81fb67f44ce7b31c311317e136e7067f8ca,1,mew_darklist,Fake Envion token sale site
0xdaa29859836d97c810c7f9d350d4a1b3e8cafc9a,1,mew_darklist,Fake Gatcoin token sale site
0xe10270bfb1ed82e120bfc392efb3c94a1604ded6,1,mew_darklist,Fake EtherDelta
0x8444173280e5fdc0525494638123b014cffcc521,1,mew_darklist,Fake Giveway site asking to pay miner fees
0xec2d5cc008ba6d2237d33ca9cf74b684737fcae8,1,mew_darklist,Fake Cashaa crowdsale site
0xac82537fae701b2046f62bb718c4857787b0b647,1,mew_darklist,Fake Bluezelle crowdsale site
0xf962933e44b1dfc771738a034c80d87bdcd96ecc,1,mew_darklist,Fake Nucleus crowdsale site
0xc94a6e7776bade5da316cf6fd8c751fb0d5c3c5e,1,mew_darklist,Fake Dai secret sale
0x58a166f9a6ff996e2349eea90d42cc198529a037,1,mew_darklist,Fake airdrop site redirecting to a fake MEW xn--myeherwalet-ns8exy.com
0x0059b14e35dab1b4eee1e2926c7a5660da66f747,1,mew_darklist,Fake airdrop site asking for private keys
0xfa1f0b67b9b48b2e87467d72f09722e19ed601bd,1,mew_darklist,Fake Bluzelle crowdsale site
0x119240ef17333e8dcb19a0dd4f5fc848981b0ff4,1,mew_darklist,Fake Bluzelle crowdsale site
0x0310c4385311d225cbcaca26fefc9ab45d3eba3e,1,mew_darklist,Fake Bluzelle crowdsale site
0x6af114154a8850b1c54d48bd9103bdcdb420611b,1,mew_darklist,Fake Sether crowdsale site
0x0b7f284d74f549731499c44aed2a10adcc9e9cc0,1,mew_darklist,Fake Bluzelle crowdsale site
0xf33068d5e798f6519349ce32669d1ec940db1193,1,mew_darklist,Etherzero chain split but need to send coins to this address to buy the new coins - does not add up.
0xb2ac8e363ea34201df532a01522a006fcaa389ee,1,mew_darklist,Fake Selfkey token sale site
0x02673ebfbfaed5891f6b14248b0e2753a8758fbf,1,mew_darklist,Fake Selfkey token sale site
0xb37da5c9179345341fe50d37cfc961ba47c01f9a,1,mew_darklist,Fake Gatcoin token sale site
0x5d1bcbde56db05bead0ff7c87c9dc85baf98ab32,1,mew_darklist,Fake Gatcoin token sale site
0xc1dd8ac971129c8c08333924f58ff40a50b8bb9a,1,mew_darklist,Fake Etherzero wallet site asking for ETH to be sent to an address
0xb23fb6cc17026d1ce9cd543cb69a023569503e4c,1,mew_darklist,Fake Selfkey token sale site
0x91619a3456fdbac90bd93f51f2917981f0ed3097,1,mew_darklist,"Fake blender, does not send to your destination address"
0xf4c87c851d772b0f9e72cca0690327f2bc505015,1,mew_darklist,Fake tron web-wallet
0xc0fed35b43f59c2bfb1eb544bd8921bfb18140c2,1,mew_darklist,Fake ETH web-wallet
0xc169a0e826f22fc7d37a48aaa346ffb4521c35cd,1,mew_darklist,Fake bluzelle crowdsale site
0xac3800002e45ed2e1a55dedfa2aca137f6dba61e,1,mew_darklist,"Etherzero domain, but nothing supporting it being the legit domain. Also hosted on a server used before to host other ph"
0x1c39d6e0278d1a28ce21dbd73826559b010224e5,1,mew_darklist,Fake Sether crowdsale site
0xb2a3fcf38979898e695c88947e3373bf1c2e9b37,1,mew_darklist,Fake Bluzelle crowdsale site
0x33bf8bde242216da572d6486d641ae0a18137306,1,mew_darklist,Fake Bluzelle crowdsale site
0x0ef2724a6d8be9f72f3d35b62e1e8a37ceaf721e,1,mew_darklist,Fake Bluzelle crowdsale site
0xf747726200c7fc14ef4ce267b1f070128c2260dd,1,mew_darklist,Fake Bluzelle crowdsale site
0x0c8b0b3e963becf16cda410fe1eb4b5d64022c94,1,mew_darklist,Fake zeepln.io phishing for login details and fake crowdsale address
0xce686d019e6f692af646a8df3bfe789da97a484f,1,mew_darklist,Fake Bluzelle crowdsale site
0x6d64486a5c99139b53239297e0b653d196d05777,1,mew_darklist,Fake Wanchain crowdsale site and phishing for private keys
0xcc66ea7ef61a67df02afb18706c68a5f30b22300,1,mew_darklist,Fake INT airdrop phishing for private keys
0x2789b7b3557f39643198433daebf6b43512be65b,1,mew_darklist,Fake Nucleus crowdsale site
0xb9cfb36060785f6800b1ab9ccc9b4f341d097399,1,mew_darklist,Fake Telegram crowdsale site
0x75dbe6e21e38a05a82ad64281a9e28a627619273,1,mew_darklist,Fake OmiseGo airdrop site asking for private keys
0x93574d7c405717d80520944ee1cb72d327b01df5,1,mew_darklist,Fake Nucleus crowdsale site
0xd5edb088b7382b397238f5010d14cf10dd395007,1,mew_darklist,Fake Bluzelle crowdsale site
0xac513396ee50091972ee6fc07d120b6ad360b233,1,mew_darklist,Fake Pundi crowdsale site
0x94d55b6f8b53903026399ab45294140eafbfbf44,1,mew_darklist,Fake Ink crowdsale site
0x8202b590eca4662446102b3a97e3536aac8ab941,1,mew_darklist,Fake Telegram crowdsale site
0x26f7eb488661c33c43089ad61944f3231222b32f,1,mew_darklist,Fake Telegram crowdsale site
0xf394d807795ff57373f1fe903046596cb0f69acc,1,mew_darklist,Fake Dimensions crowdsale site
0xcae77a05ab518492144944fb50572ebfa3595870,1,mew_darklist,Fake Telegram crowdsale site
0xbbdef8b12babd3ab6018566bc17ec3aa302b8348,1,mew_darklist,Fake Wachain crowdsale site
0xd362c189cb0056159d2fe22bd8203e26579f620d,1,mew_darklist,Fake Cobinhood crowdsale site
0x6122ee683dbee50fd432fe5bdd8ac055aa3d42b1,1,mew_darklist,Fake Nucleus crowdsale site
0xdf3e77cd5e563f93fc7eca905d3302e95f9bb150,1,mew_darklist,Fake Wanchain crowdsale site
0xd9d25dce4c3765855c76f3d2baccc0755c4d0bc5,1,mew_darklist,Fake Wanchain crowdsale site
0x9b521529d04329c2b0a9f9b7db18ed775c6ca8fc,1,mew_darklist,Fake Wanchain crowdsale site
0x545f5e5c54d8ac72af1c7de8c070387b73841a24,1,mew_darklist,Fake Cindicator airdrop site asking for private keys
0xe0b13c073e8173b06062c69a160ebb54e2af86c3,1,mew_darklist,Fake Beetoken crowdsale site
0xb76a4770587f76d6c644deec275a2c76069b5f14,1,mew_darklist,Fake Wanchain crowdsale site
0x0d9786138578fcdcce04435592545ef08422d755,1,mew_darklist,Fake Dadi crowdsale site
0xbb53be0690ae7256833099a1f01125eb33445692,1,mew_darklist,"Fake EtherDelta Andriod app, phishing for private keys"
0xbe11d0d38ef4857224032afc9c96647492f726ce,1,mew_darklist,Fake Dadi crowdsale site
0xd0ac32ab01d9d3ec145ef63f73bf4e222dbcc0fb,1,mew_darklist,Fake Dadi crowdsale site
0xdafc2a2d4e070f863cfcb5887bc2516e05e18877,1,mew_darklist,Fake MyEtherWallet
0xac1a4f4d49715e31f54cb8e0bf867bb9170c10cb,1,mew_darklist,Fake Telegram crowdsale site
0x5d82db63cf0c54d47006d416bdc7dab09ea2f3f1,1,mew_darklist,Trust trading 0.1ETH for 2ETH
0xa82c7c0ef05080463e4ac55db8b8531007f3a66c,1,mew_darklist,Trust trading 0.1ETH for 2ETH
0xdcd2fb1c1b103c5a591e76798704cfaa27baf6b9,1,mew_darklist,Trust trading 0.1ETH for 2ETH
0x5efb7d2ab258b18c8166b0c74fc4117716e52515,1,mew_darklist,Trust trading 0.1ETH for 2ETH
0x414bca672494b8f078112c52ae258f9e8de1a4a0,1,mew_darklist,Trust trading 0.1ETH for 2ETH
0x3dfe9f7af8864df0b7cc2a20430006fd1af8da1a,1,mew_darklist,Trust trading 0.1ETH for 2ETH
0x5b6d3d66e18dfd31ed9a753c406963c401f356c0,1,mew_darklist,Trust trading 0.1ETH for 2ETH
0xc8c3234aea55a5f746b2ae585a849ba0bfa57785,1,mew_darklist,Trust trading 0.1ETH for 2ETH
0x774148e22f021972bfe082e1548e5d9dc6e1d76e,1,mew_darklist,Trust trading 0.1ETH for 2ETH
0xeecc46a74cea6133a12672bd62d5167877b4d521,1,mew_darklist,Trust trading 0.1ETH for 2ETH
0xe5b913f91f2b90c5cd04d711e1eb3214c56dba98,1,mew_darklist,Trust trading 0.1ETH for 2ETH
0xd9cd7461f960e56364a294f124aac77b25e2b784,1,mew_darklist,Fake Data Token airdrop site phishing for private keys
0xf5c86c5ba5291da78a2b4119dd7aef99e3508362,1,mew_darklist,Fake Bee token crowdsale site
0xb2172027cb233198a3945a2c864f1ec5b7e3b3da,1,mew_darklist,Fake Telegram token crowdsale site
0x94763846b1fcb75fccfcb51a9636ddc26af281b1,1,mew_darklist,Fake Sparc token crowdsale site
0x7bb386c33486fe345168d0af94bef03897e16022,1,mew_darklist,Trust trading 0.1ETH for 2ETH
0x25f8b4acd2c37d7ebae0066fdf9f13f327c0c4eb,1,mew_darklist,Fake Medicalchain crowdsale site
0x3cf71871d2f56a6af21bf17ca2652cbc12e8ba1f,1,mew_darklist,Fake Fusion crowdsale site
0x94b40ecc7b38f5a9316b03dac4fc663e4d10cd15,1,mew_darklist,Fake Republic crowdsale site
0xd1bdd067f5f1cbd358e2dde444f8d9f41de8ae76,1,mew_darklist,Fake Arcblock crowdsale site
0xfa956f10da5e16f120eb299df963c1f7563bf66b,1,mew_darklist,Fake Republic crowdsale site
0x9eb041af96d44583110565abec79aedf22eb60b5,1,mew_darklist,Fake Nucleus airdrop using Google forms
0xc9a08162b95915edf6570f0439757e1f655de576,1,mew_darklist,Fake Datawallet crowdsale site
0x7eb28833082eb28fd423ab30df20afde98c47dbf,1,mew_darklist,Fake Fintrux crowdsale site
0x8f0bca6b1b2b522082d46f3eec31340f113b029a,1,mew_darklist,Fake Telegram crowdsale site
0x636e5292882e2342aaf82d651322aea09a3e5392,1,mew_darklist,Fake Refereum crowdsale site
0xe276c66af8853cdd91c1a25608b4e8b599f4da0e,1,mew_darklist,Fake Refereum crowdsale site
0xe350160e3c8a07e92ec58ddcb8df81a73aedc6f9,1,mew_darklist,Fake Fusion crowdsale site
0xf021428381172ef96988b31f241f4000259488f7,1,mew_darklist,Fake Fusion crowdsale site
0xdefb014b9e2f3bd81cdb084821f99b681cfca695,1,mew_darklist,Fake news site publishing ICOs with fake contribution addresses
0x74104e8c7f546c7398d198f6678310ce9d1b8814,1,mew_darklist,Fake Adhive crowdsale site
0x4c569022016eba68ea10dee702670dc82d2749af,1,mew_darklist,Fake Origin crowdsale site
0x16b9c4333559256ca7d87b28c6fb2e8415b4711f,1,mew_darklist,Fake Globitex crowdsale site
0x89e5124b5162a0ceec512e8ba97cd5e6f065fd13,1,mew_darklist,Fake Nucleus crowdsale site
0x9e009c57b36ac7e3382697b4c9d3e7092a1cdb42,1,mew_darklist,Fake Earn crowdsale site
0x0af16719353eddc122eaf834638406c499197860,1,mew_darklist,Fake Dock crowdsale site
0x602026bd56bf9ca9d86926669e4353035aca2a88,1,mew_darklist,Fake Dock crowdsale site
0x629b2aa7fdda8f7527d6f8ea742c1d5774e567ea,1,mew_darklist,Fake Gonetwork crowdsale site
0x4bde78ead56a30055d33bf84f52e420b0f6070ba,1,mew_darklist,Fake Gonetwork crowdsale site
0x76c88cd1ec2442c4f929b0f87280be006d7ba725,1,mew_darklist,Fake Fundrequest crowdsale site
0x169b6c7ed548e45ba9d87b2d32ff27e2d00051ef,1,mew_darklist,Fake Rightmesh crowdsale site
0xe41031233301370491d47477e1171dab212d5352,1,mew_darklist,Fake Remme crowdsale site
0x9546748f47a77408dfbff0dc22505b2e9a75fda4,1,mew_darklist,Fake Dock crowdsale site
0x9cdfc5b0aca4527a0916412e9dbd6ad85556a494,1,mew_darklist,Fake Dock crowdsale site
0x8a6fcf189437928a6a07f6899b675d11f3d3f778,1,mew_darklist,Fake Dock crowdsale site
0xb0dba64e6a353a74cc78e8a98914c4dff517ba7d,1,mew_darklist,Fake Dock crowdsale site
0xccdf72de615b5158bb37931bbce645aa69221520,1,mew_darklist,Fake Fintrux crowdsale site
0x4bb1c210e3921e0f051ed00e898b9605c902114e,1,mew_darklist,Fake Seele crowdsale site
0x4899f3371fb9f8e68a0b639bf1fd75220a089c42,1,mew_darklist,Fake Seele crowdsale site
0xe88379631857c0d8174efefdf8dca25b29610f08,1,mew_darklist,Fake Polyswarm crowdsale site
0x7ba85e2e55c7598378fe927ad2aef2dac6c45218,1,mew_darklist,Fake Dock crowdsale site
0x7dcfd020ad161fbd4c45894ab352582018ea9197,1,mew_darklist,Fake Polyswarm crowdsale site
0x0b591a58137f154f59aea1284166d6a7b49821fd,1,mew_darklist,Fake Seele crowdsale site
0x7dc66f5b59b34df403b96fec7e749703c157ebf8,1,mew_darklist,Fake Blocklancer crowdsale site. suspected address;
0xcb142defc16c9b409272447d87c74b722b767f1f,1,mew_darklist,Fake Blocklancer crowdsale site. suspected address;
0xe61df1f5b8dd4e4e2a874157c2c97daf7314b795,1,mew_darklist,Fake Blocklancer crowdsale site. suspected address;
0xec970bbf167beee6fb536f1839418f3d19ce2a69,1,mew_darklist,Fake Dock crowdsale site
0x247733af8b2bb8e63e3a2a419761c0fd71d40499,1,mew_darklist,Fake Polyswarm crowdsale site
0x570ac27d1048dcba1a4c58fe80109b9cf9b0e2ef,1,mew_darklist,Fake Polyswarm crowdsale site
0xf4710562c804087af20b7396ce7cba38b43fb61f,1,mew_darklist,Fake Dfinity crowdsale site
0x71b7767a9464ea1ad82db434f06d9330d34a9fe5,1,mew_darklist,Fake ElectrifyAsia crowdsale site
0x79a9e902cfbe87fa5065905293992c15de7f6095,1,mew_darklist,Fake Orchid crowdsale site
0xe977419ef28e71ed541ff6318cea9a6392709a48,1,mew_darklist,Fake Petro crowdsale site
0xd3d26c61401924939bee67dffdb7aa7a0138844c,1,mew_darklist,Fake Havven token sale site
0xb113a2c20471ff1efdf2735206c630707263f41c,1,mew_darklist,Fake Havven token sale site
0xa1b70dc70fb74767cd380985cf93c4fb132fc4f7,1,mew_darklist,Fake Havven token sale site
0x785a751b2e36b2b0fdb80100b7ca14889a768a22,1,mew_darklist,
0x8645ec394f7af95316639dce6f99c01476b0d888,1,mew_darklist,Fake Akasha pre-sale site - https://twitter.com/AkashaProject/status/967856820579717121
0xaa2498d85ba7559006f90110a4bc33c10a06c1af,1,mew_darklist,
0xe009321b26350c2cff5db607068c1f6813df40d7,1,mew_darklist,
0xa8eb559eeb38c6cb6a8bc6c39badd86b113cd875,1,mew_darklist,Fake Gonetwork presale
0x52b34625687d6266a3b98fd5d214828f0670d7ed,1,mew_darklist,Trust-trading site (the twitter giveaway ones - cannot source the tweet)
0x717d2041c516573a0e27f552cdb6c5c3ec7b4e09,1,mew_darklist,Fake Havven crowdsale site
0xcc49d1f23f01decd4e18b6aaacccb038c9648e30,1,mew_darklist,Fake Havven crowdsale site
0xcb89576d5e1627f4a0c64c2bb4d51798e92e8b8f,1,mew_darklist,Fake Dfinity crowdsale site
0x37c85a7523b1832b4d0380b2f513e88b66e8c850,1,mew_darklist,
0x560833296ef7a7f41b30c1065225fa9b33830c19,1,mew_darklist,
0x175f6dbf87215a6da7107977b4680bc3db31b2de,1,mew_darklist,Fake Havven crowdsale site
0x362291375bd3fc2ff0f928184bd6f373f92dea57,1,mew_darklist,Fake Havven crowdsale site
0xc8ac47854a3fed2b444beb83f4c95ba092a3a735,1,mew_darklist,Fake Havven crowdsale site
0x86e00684ea92cb87f40d74c5ebde97ef9a17753e,1,mew_darklist,Fake Havven crowdsale site
0xc4625787be3fccff6ac2971945806acc167c8cbd,1,mew_darklist,Fake Adhive crowdsale site
0xb8689c29bdc7c84f33706ff0f96eafc222ba6d86,1,mew_darklist,Fake Ipsx crowdsale site
0xe74b02131ed2184eb94fd357b4f303e6935367f5,1,mew_darklist,Fake Dfinity crowdsale site
0x18f3489d959fd0e3fac366646e08f9aeabea4d75,1,mew_darklist,Fake Havven crowdsale site
0x1e12436889e2459202437077549e35b56f1299cb,1,mew_darklist,Fake Havven crowdsale site
0x878cce43a3b9d8a872a33d2d6ccd561e033707f4,1,mew_darklist,Fake Tomo crowdsale site
0x24aa18952e80707dad3ab4c9c97e787f2af337ca,1,mew_darklist,Trust-trading scam site
0x2f141d0cd81011436df8fa04bdac01cb6cf51a65,1,mew_darklist,Fake Metronome crowdsale site
0x4fafc9291a0112a0ee0928361c02848ff2fdf6bd,1,mew_darklist,Fake Havven crowdsale site
0xfb1a7ccf5bcd436dcc0acb49ba1fb9f57bb4d064,1,mew_darklist,Fake Havven crowdsale site
0xbc66e774ce25000950786241b8c5ee3275311bd7,1,mew_darklist,Fake Nucleus airdrop site phishing for private keys. suspected address 0xBc66E774CE25000950786241b8c5EE3275311Bd7
0xbc210ec2efada9df4897dc9b23c58e96c01ef711,1,mew_darklist,Fake Havven crowdsale site
0xd77b95800f67deb52e0e0988dbf01a311a3ccd80,1,mew_darklist,Fake Havven crowdsale site
0x39d7c7acec5bb282a4fb6e998d3d0099ff7780cf,1,mew_darklist,Fake Havven crowdsale site
0xc5f6690f7b60fe739908e02aec46ae07718cec5f,1,mew_darklist,Fake Dfinity crowdsale site
0x3715b1ed9bbd5e165af97619b5c5e13e39f55504,1,mew_darklist,Trust-Trading scam site
0x63cfa80bbbee233a4257857dcdc9d78cbc8efe37,1,mew_darklist,Fake Polymath airdrop phishing for private keys. Suspected address.
0xb177fc9a7caaa9c50d82c5d2533750f1d72aac86,1,mew_darklist,Fake Abyss crowdsale site
0xf2dcfa51f83e41c0e988477f939c7a5e5b9a6905,1,mew_darklist,Fake Docai crowdsale site - see https://github.com/MetaMask/eth-phishing-detect/issues/1078
0x2b3f15a55a68c4c81ae8331c2fe8e90008993f51,1,mew_darklist,Fake Policypal crowdsale site - suspected address
0x1363077895b20ae90f80794ce4e575559517d033,1,mew_darklist,Trust-Trading scam
0xf23f9dda63ed0628609272dc0544c7a2f7189f51,1,mew_darklist,Trust-Trading scam
0x38b7ca3b78c51364095bc56146d25f55aee0af21,1,mew_darklist,Fake tomocoin crowdsale site
0xb82bfd79d5a8c0cc0d4c045633288b48a2beddcb,1,mew_darklist,Trust-Trading scam
0xd79eb898431ea62636f08f738d10eb00446403de,1,mew_darklist,Trust-Trading scam
0x3007a0db9caad557cf4589cfd550c21ce9399b15,1,mew_darklist,Trust-Trading scam (looks like a fake ICO - send ETH and have a 92% chance of winning 100ETH - no contract address)
0xfddbfa1b0b93612b95e3296690b63b74d019370c,1,mew_darklist,Trust-Trading scam
0x0755e59d505c9b473aec50b476df3ea2045739aa,1,mew_darklist,Trust-Trading scam
0x1ccc9b2769741ab0e1620721df7cf8ff1d70716b,1,mew_darklist,Trust-Trading scam
0x915c95415d3449212fd0991ccf5eb42864118ec9,1,mew_darklist,Trust-Trading scam
0xd43f2111e4055120196285ec094aa6e96998668b,1,mew_darklist,Trust-Trading scam
0x0dea8a35f4e39cdf65d3cc11f10612e9e0278b60,1,mew_darklist,Trust-Trading scam
0x2b5268fde5041f6b1afd77166de4e9ea5d9e967a,1,mew_darklist,Trust-Trading scam
0xd0b473271e9d38dfd11925d62ef8c0a2cf033a9c,1,mew_darklist,Trust-Trading scam
0x23d56797f64640e96feaf57b7874c897b53ef0e4,1,mew_darklist,
0x508e1101755a4a6ae228b0e18002a816ce3418ce,1,mew_darklist,Trust-Trading scam
0xfe821f5509fdea3f72362d001697ad8c11f0c111,1,mew_darklist,Fake Telegram crowdsale site - suspected address
0x0a9f58ee19a7131ed031ea66a032c05c7efe965a,1,mew_darklist,Trust-Trading scam
0x5f58fe612db5b3e97faf4a2e8f38b4ae295288aa,1,mew_darklist,Trust-Trading scam
0x1e3c07ce10973fcaebc81468af1d3f390d2a4c71,1,mew_darklist,Trust-Trading scam
0xaf313b5cf52d7a2ad7785d008660ab68421db2d1,1,mew_darklist,Fake Telegram crowdsale site
0x693d47204555361d4d51311f97102a1507559802,1,mew_darklist,Fake ETH generator asking for funds to gas to send x eth to whatever address you want
0xc7308d5a7220dc021ccf417445cb28cbb8fece66,1,mew_darklist,Fake Polyswarm crowdsale site
0xb65db9f684f3bfa45ad3fb4cdc4120618ad81f00,1,mew_darklist,Trust-Trading scam
0xd33441a44da0c1dcee596abb7ebdcdba77c7ddbd,1,mew_darklist,Trust-Trading scam
0xd868a76a1dcc34854903376e734e3cfe461dd08c,1,mew_darklist,Trust-Trading scam
0xa7ce02b8195fe8e3116a7e1248f2725eaac86fec,1,mew_darklist,Trust-Trading scam
0x0153775362c3071c1860e8dbfd53ccc82fa226f5,1,mew_darklist,Fake Telegram crowdsale site
0x6642cec9d02e4e669103a3ed4f3505f437b8fe73,1,mew_darklist,Fake Telegram crowdsale site
0x3e2b9f6b67fc972419af5e9818281b745a6bf83b,1,mew_darklist,
0x8dc2c980d25b586c5c110ec3c477e985b9acad8b,1,mew_darklist,
0xd6f8668e96951e4108a79bc45ccef022544c73b3,1,mew_darklist,
0xe06ae5c5ab3eda3a62918bf86532c7d87dbbc66d,1,mew_darklist,
0x4a500bf6818ba31bb2b1dc90a354ab64ad3301dd,1,mew_darklist,
0xf2601c5a063c6a6ca86d8b6bd0543158f83a10ce,1,mew_darklist,
0x0dc04198cd942b55a7d63f5c3891122b6fa277ea,1,mew_darklist,
0x07faacbe52a8b5d3d22f49206bdd9d9c1f71991d,1,mew_darklist,
0xa0db4acb24e92167341320fcd882bbfb641cd12d,1,mew_darklist,
0xac9093198de62e5289163e85bacb53ead596b9f3,1,mew_darklist,
0x5ba53eb789c7f017fe3cd8027fb01c5eeb81f697,1,mew_darklist,
0x116574a18659f0063150e0064e4ea00349a1492c,1,mew_darklist,
0xc4dca8f7d121ad79057a8382fc9fa9898727ddd8,1,mew_darklist,
0x68d41d0c11bf5536d6d8c186ccfaf3de1a022d67,1,mew_darklist,
0x65af8c81291fb60a20235d9e4de80851f8f845d2,1,mew_darklist,
0x57d4e4ea0a207074d7e45fe60c939d2f4d3ed06b,1,mew_darklist,
0xc315f677f6a8f7b42d8fb32500e790cbf3dfbce8,1,mew_darklist,
0x07a065bbc565002740caccb22b452fdd029ba988,1,mew_darklist,
0xfd477bf560e59941796b398cea662b393298abc0,1,mew_darklist,
0x39a7c26ada0e575d69f05dd6b8086f0ddd99e207,1,mew_darklist,
0x1ccd65d573057c388ea96cc8be30c18a6d21185d,1,mew_darklist,
0x1a2c53d132ff8a6e26f6b32c0abdc179b94f0721,1,mew_darklist,
0xe02f2921742a6eec7ae44a18b1cca4277874bc74,1,mew_darklist,
0x7e160f5cf87e44cbe6b1337bb883f453445391de,1,mew_darklist,
0xd9204db19a18e051e861576a462c0cf83a2b6237,1,mew_darklist,
0x0b1f025593acd090a6c9b754e6e46acf88e89646,1,mew_darklist,
0xa62b5f23f4b3ddc20f879c3ff58d4b1ef2952d97,1,mew_darklist,
0x1982b0e96a0375e5b570e8e466d423a37af34b43,1,mew_darklist,
0x1d82886f997d0b124dfab342558bc463299c8a6b,1,mew_darklist,
0xdef05b512d405f4fb930e252c6c11f054832c93b,1,mew_darklist,
0xe6d3486a5fe2742e313a3266af8ff4f43e597d27,1,mew_darklist,
0x99f93d05059f074e893ab369f71adb4569a3da12,1,mew_darklist,
0x303f41f4e6a1e1fc9cc2738c722b73b3d9fe54cb,1,mew_darklist,
0xcff5e190a3d92e480a8bc5b414362c0d1afeb54e,1,mew_darklist,
0x8676f2dfd06ec780ea3f8fba65a29110a56dd830,1,mew_darklist,
0xe1358ae1a9130bc458c8021fcbb7ef8aedd51487,1,mew_darklist,
0x955427a36b5c92edee90a1448bfc7e854e9caef5,1,mew_darklist,
0xe9ee84b3b818b2af67c4536248fbfc5c7a0ccfad,1,mew_darklist,
0xe6c51d563f92a23dee9a7093bb1be33bd35c05d8,1,mew_darklist,
0x956729a9e9b2ff42a30c8bd8fbe380b2c714825b,1,mew_darklist,
0x788431a9fed9fae11871353cd6e92f3b724e7d63,1,mew_darklist,
0xa6ba0996684fcff6167128a13c8b0a1648310e6e,1,mew_darklist,
0xe1632e7e0dc135f3bc8991b917e8b682ab340fe1,1,mew_darklist,
0xa05554fa940043c7ba191b16cbbe404c3f898f48,1,mew_darklist,
0xd84af8766bd29b988f3426cc48cac5a6646f1f90,1,mew_darklist,
0xc616d99df3bf92e3111090f94694bd662b72ab1d,1,mew_darklist,
0xa490730ce2a97ec9f81f08fdb0eede36d6319bbd,1,mew_darklist,
0x702d965332e3082dc976c3b4013cfe0e2c540bcb,1,mew_darklist,
0x371850498d1bd60d67110d1d046ffabc10f957ec,1,mew_darklist,
0x02f4a464eebb46a50dd087074d7a2cf3f5a3598b,1,mew_darklist,
0xdf04e5007cb8fd65831310ceda40f5642c1b39c3,1,mew_darklist,
0x9beb086842a6c61ad929995f7060e3ee2c4a94ce,1,mew_darklist,
0x5e6dcab4f8edbfc1537b804803d831e5f42d8f3b,1,mew_darklist,
0x703f0116bf2ef4c80efac751a319f097fd2dfe6c,1,mew_darklist,
0x3d11b2189ad65e0e91e2f2b0e07cbc05ddc75b7a,1,mew_darklist,
0xcec962222291e09a07c0bd0a110d2211e0358b28,1,mew_darklist,
0x069a6761e9897ced3f5d13f4aa9ad745e526c913,1,mew_darklist,
0x38c36d3faab64c0770af26cc6ee95d91312bc53c,1,mew_darklist,
0x66e88b42922916d01b9aec71dd334d7fa5fb526d,1,mew_darklist,
0xda917961872ae8e0c8b96f6925a4d7cc7b27aea3,1,mew_darklist,
0x39ac3008be15cd3e3f23786faa0550c3e0b92ff2,1,mew_darklist,
0x12736c6b02381c3c50e41db3a69d7bb651a77d57,1,mew_darklist,
0x581cc257051a34972641d008c3915a75771be274,1,mew_darklist,
0x4566b8b849dcdbe04f64bf1909db313cf60d6e41,1,mew_darklist,
0x3884eb0ae2a04bce65b5b0ca9c1bd069cbd52c66,1,mew_darklist,
0xf245e09a1b42f847b120558f0c6e08f821be23f7,1,mew_darklist,
0xd06f80a4b932d7247aba4a85decce6c2458c0654,1,mew_darklist,
0x0bdd81d2a676166f2a28691e8af64ebeeca67fae,1,mew_darklist,
0xd22167d083a5cfc2f1ccadeb842a8093b2174c5f,1,mew_darklist,
0xc593e92ed9fd3c2f9db972860047affd2df83ae7,1,mew_darklist,
0x09cc69f6b484cada8e152d2002adfca496d723f3,1,mew_darklist,
0x47dc6f08214f891cc910d6d2abfb504c2584f14f,1,mew_darklist,
0x1c0dffa23f342a62ace37bd4eede6180c40ccbec,1,mew_darklist,
0xd72ebdf278c092d9cdaa12c58f8bd9438f96b83e,1,mew_darklist,
0xe824ec0f8384600f3187967f8b098014e31892f2,1,mew_darklist,
0xe9ab68e4aa12bf290529626e5f32725cf5abfba8,1,mew_darklist,
0xd354cf84a4cfd096120e2d4bf0a0cc8866d4efe1,1,mew_darklist,
0x1dea82c5628ae89572a153a556312832ee33fda9,1,mew_darklist,
0xe051ee9bd6270ff52d85ffe09685ee3a9755f04a,1,mew_darklist,
0xcee9ee01d48050415f1b104277bd493c5dbe645e,1,mew_darklist,
0xbf0c85867fcdd4064d22b0dfd91561a52134e035,1,mew_darklist,
0xf689bb4b063683a9ffd7a9295106f1e47c095809,1,mew_darklist,
0x0f7a4c36b5ee28e581504e8dfa62fa83a11ca7a9,1,mew_darklist,
0xf1014a29614b196d19d8ecd5ff05f3cef5efdbe2,1,mew_darklist,
0x0d87ca679a7ab95598b34eb54dafc356b0373388,1,mew_darklist,
0xdc3fd5cce7b17e461c692ff34f22fbd4b780b151,1,mew_darklist,
0xb1f873cb2cd0c818ce8b0a7d971f062808a47425,1,mew_darklist,
0x7b3a132ad35b6138f2dd148bfac2e790e4869723,1,mew_darklist,
0x6973c24fadd0bcab33ee5cb325c8a70e81c67c20,1,mew_darklist,
0x15847dcd428033c2cc2cb70edf2cbd6c84afc146,1,mew_darklist,
0x4411db7be552b487e3681e890ed14de9a9b24f7b,1,mew_darklist,
0xa5b254aea2e59ab3ce3bec470fe1882403c41be0,1,mew_darklist,
0xccffdb4bd0abb6fd105c1c4e03b4e919a5b57ab9,1,mew_darklist,
0x31537238bb5b237254b629bf226b566c617f182b,1,mew_darklist,
0xddff022e4befa69cbb5262446a8ae564700bea24,1,mew_darklist,
0xe6b39dad6d7a50b233da23e510697422e9d6351a,1,mew_darklist,
0xe9e837881c89e943c4c66e26031922bf8fc3f4f3,1,mew_darklist,
0x3f4d77cdabf58f5bfd2ef20784cafd58334542f8,1,mew_darklist,
0xcd63bb3586e871611cc60befcadf8e56bc7aeea3,1,mew_darklist,
0x3ad44a16451d65d97394ac793b0a2d90c8530499,1,mew_darklist,
0x6678bb2a94097f5046ff179a9dcec5be0985745b,1,mew_darklist,
0xc14777c94229582e5758c5a79b83dde876b9be98,1,mew_darklist,
0x5f6ab160206bc6a5d663ca5d0f237d82c572272b,1,mew_darklist,
0xff35866acb80ce4b169d1460cd48108955c1c445,1,mew_darklist,
0x45750cd6a3bb2206dbeb9cba5e68bf909ac945e3,1,mew_darklist,
0xc36454ed2b40adef7c75b9cef95b2f8010d3e0d2,1,mew_darklist,
0xde5886e65cbf1a9d21267f5ef7d5ed444cc63938,1,mew_darklist,
0x1c0e294310091654beac3d191089d3c376be123f,1,mew_darklist,
0xd2f4ea2f9d4c627c957305e28877081da9296d47,1,mew_darklist,
0x91ef0754d270e67f2ca92595f5a1c0459ec7df89,1,mew_darklist,
0x82334551e71b48387a122ebb256b188bf5868f44,1,mew_darklist,
0x1d64ea27764164debb4e891eb04d524f42904b08,1,mew_darklist,
0x495a8b1fdba38d726e514e95b4f1657c69fefa0a,1,mew_darklist,
0x175e0d5f3757b066a6f0cf7634b45f3085cb490b,1,mew_darklist,
0x93aebe50a59dfd4c1f7ed56f5177c6ced54a33af,1,mew_darklist,
0x18e81898ac31a43850fb8d0224477349de6d8d9a,1,mew_darklist,
0xd1091f9c7bb48651edb17d255b2824de0ebd2074,1,mew_darklist,Phishing - Fake address used in Ocean Protocol Pre-launch
0x62e8aaffb7568cec94b0e15e7b4d859302d65ee9,1,mew_darklist,Phishing - Fake Dadi token email blast giving out a fake crowdsale address
0xdf1ec2e44a8b1774b068ecfc5ef1c937a86baf3e,1,mew_darklist,Phishing - Fake Beetoken email blast after Beetoken email directory was hacked.
0x2a6d8021861f27ab992572d8689017b7a83c989d,1,mew_darklist,Phishing - Fake Beetoken email blast after Beetoken email directory was hacked.
0x88436c2a2f427f2aa641dfd8c6763facf2bad7bf,1,mew_darklist,Phishing - Fake telegram pre ICO - ico-telegram.io/tokensale/index.html 
0xf855fee50a8915634a105385cb6cb9e442d15457,1,mew_darklist,Phishing - Fake singularitynet token sale
0xfe68de56a07cd3af0ec40c22b0193115ecdd0501,1,mew_darklist,Phishing - Fake singularitynet token sale
0xcda5dd8e13fdae006b270769b1a18fa6c5524ce0,1,mew_darklist,Phishing - Fake ETHLend tokensales
0x16112015d50fac2d084e096feea0863800517f94,1,mew_darklist,Phishing - Flixxo copycat
0x394f59e83d88469d3ca3b8da15f31b73f27eada7,1,mew_darklist,Phishing - Flixxo copycat
0x6721b09f4fb6fe69a14add6d1f2c1b94562e7801,1,mew_darklist,MEW Phishing - xn--metherwallet-c06f.com
0x85704b506e10b10d714ead28cde947baa58f0ea4,1,mew_darklist,Fake Ripio crowdsale - ripiocreditnetwork.co
0x619f18aec5f8eef483fbfe654a269f1186dda915,1,mew_darklist,Fake Raiden crowdsale - riaden.network
0x501577cd4865d7d50664a1519a79f1c0e7069154,1,mew_darklist,Fake Ripio crowdsale - ripiocredit.net
0x897757cba67eadb66d40e45c6748e27d0e67b52a,1,mew_darklist,Fake raiden crowdsale - raidens.network
0xb9ae74beafe4025cc0fcfb5e190169f2d7f0b563,1,mew_darklist,Fake artoken crowdsale - artoken.co
0xe10c24ca7bf18640fcb35e059919348891922a3b,1,mew_darklist,Fake storm crowdsale - stormtoken.site
0xab215957873deadd9512fbde29e6c12bea1dd1a1,1,mew_darklist,Fake Blockv crowdsale - block-v.io
0x09faf25e57abd0a401bb5a2341d7f926c389f8d1,1,mew_darklist,Fake Ripio crowdsale - ripiocerdit.network
0x49311a81f5f5df6c109599ed5d7413d85b8bca18,1,mew_darklist,Fake Request crowdsale - request-network.net
0x8374aa52bf36eabca06e33c4163a081f53e39aa3,1,mew_darklist,Fake Request crowdsale - requestnetwork.live
0x434e9f6a1ac134fda3e7ceb3fd67c3d9b3518737,1,mew_darklist,Fake Chronobank crowdsale - Slack dm by phisher
0x17bd6f815fb71a77dc20e12177c4d763a3f67632,1,mew_darklist,Fake cindicator.com crowdsale site - cindicator.pro
0x3de08b35c0e7f255f37a5dace9bd8eb78e99e985,1,mew_darklist,Fake Aragon crowdsale - Slack dm by phisher
0xd92559e1f1d2e84f4964f45256693d03833d7d44,1,mew_darklist,Fake Protos.tokenhub.com crowdsale site - on a fake site
0x560644f0980300b31dcde7b5f78d0d53e375371f,1,mew_darklist,Fake Chronobank.io crowdsale site - Slack dm by phisher
0x37d0909cc7ec38f2d966092ea3607f77bc6bc008,1,mew_darklist,Fake eventchain.io crowdsale site - eventchain.co
0x854b62b692ac8411c3a45463c44cbdabac2d6913,1,mew_darklist,Fake kin.kik.com crowdsale site - kinkik.in
0xb116d83c919d6661dc20246d312b702f0cdf297c,1,mew_darklist,Fake real.markets crowdsale site - reall.markets
0x62ee4a3c690c9660762c52bf1a232365c86c879b,1,mew_darklist,Fake cobinhood.com crowdsale site - cobinhood.org
0xfc74fb0d5df08ec546a3da18ccc7fbcbe031f5d8,1,mew_darklist,Fake icon.foundation crowdsale site - iconn.foundation
0xfad17c9da2bebf758e3bc0c99d1abe8af7e96ed1,1,mew_darklist,Fake centra.tech crowdsale site - centra.vip
0xabc490af011c8e354b7d2112648883fe9e511695,1,mew_darklist,Fake smartcontract.com crowdsale site - smartcontract.live
0xca4da1753336aa8340710e0e1a8c0bee2bfbf56c,1,mew_darklist,Fake icon.foundation crowdsale site - icon.community
0xe9aa3a74e3d62274f221eca42736cadc14ccffaf,1,mew_darklist,Fake airtoken.com crowdsale site - HTTrack fingerprint
0x9aa722c9b6e63325797e1b2f8ff6873e44dd17c1,1,mew_darklist,Fake ChronoBank Token Last-Sale
0xaff9e40f9b245b15a1d1bb45516ca213e682fa81,1,mew_darklist,"Fake centra tech crowdsale site, paid google ad - centra.credit"
0xc0ded1d24c071ca13a905ec5e54a6ffdd0c4df68,1,mew_darklist,Fake smartcontract crowdsale address - matchpool.co reopened last sale
0x05e5061133f752ea565f40f1e755d9604c313bc9,1,mew_darklist,Fake smartcontract crowdsale address - matchpool.co reopened last sale
0x1c50139c266559b29d7cb27635e0da13bef76a09,1,mew_darklist,Fake smartcontract crowdsale address - smartcontractlink.com
0x7098c7113c2ecaf48baad07e598c74c2689a5795,1,mew_darklist,"Scam (GNT, DNT, etc)"
0xe7cc576611c2df800862db667140a90cf9ec4b72,1,mew_darklist,change bank dot org site
0x8ee2ba41ef59b5773e5909451e0b8bad4e59a81b,1,mew_darklist,Fake change bank crowdsale site
0x34743ffa1f93e745668725e44efeb3c50a237796,1,mew_darklist,Fake change bank crowdsale site
0x4da9608f15c504a2b5c46491d9ccf257c5e2ff71,1,mew_darklist,Fake chainlink crowdsale site
0x008f3db10374099a11ec263415cb88c952abeedc,1,mew_darklist,Fake Kyber crowdsale site kybernet.network
0x8b3b831d767fad1ab0ad52a38777acb98630f8a7,1,mew_darklist,Fake KIN crowdsale site kin.kikpro.co
0x5e5d6f6706420f932d796c0f28a83b26dabcfd8d,1,mew_darklist,Fake kyber crowdsale site - contract address auto-sending funds out
0x1e75f03ff928bca6c1692179679afc0223d7824f,1,mew_darklist,Fake change-bank.com crowdsale site
0x395b53a4ef9736d698e86607047267f7f640fe34,1,mew_darklist,"Pretending to be Bittrex support, giving advice on where to send funds on etherscan disqus (user: @disqus_9j8VnHO4sE)"
0x6ddfef85ecf643628254e5af7064e05b3c6b221e,1,mew_darklist,"Pretending to be Bittrex support, giving advice on where to send funds on etherscan disqus (user: @disqus_9j8VnHO4sE)"
0x2d4498a2cf71f5b0946f0ebcfff97ca9d0cd5d04,1,mew_darklist,Fake Engima token sale (engima-tokens.co)
0x48d0a447b1d7b9a89112578db4536032d3047b2e,1,mew_darklist,Pretending to be Poloniex support on Etherscan Disqus (username: @poloniex) - asking for ETH to speed up support queries
0x40b942240fec55473388cbf7dbcc5482e64b4367,1,mew_darklist,Pretending to be Coinbase support on Etherscan Disqus (username: @coinbasesupport) - asking for ETH to speed up support 
0x7fbf068316c5806a62d549441ae82b00fdb10de1,1,mew_darklist,Fake nexus social crowdsale site
0x052f585fa599bfb4bed290ff30c057627ccd8059,1,mew_darklist,Fake RedPulse crowdsale site (from coin.red-pulse.tech)
0xad0c88f3313abbce2185597e87a15f764e948a46,1,mew_darklist,Fake KIN crowdsale site - kin-crowdsale.com
0x3fcb2d173389b7cd8079ef8b439dbd92e7e0ae28,1,mew_darklist,Atlant phishing - atlant.solutions
0xc5d65deff5d1373f8b19aa8be528e9c3599013ba,1,mew_darklist,KICKICO phishing - kickico.co
0xc38d14bf89e0001260bb349a006d7e491e5f43ad,1,mew_darklist,"Cloned decentraland site, phishing for ETH post ICO. - decentraland.pro"
0x15577e328dd6e17b7721c9ca4d00610d3ce3762f,1,mew_darklist,fake ICO address for 0x via Slack Bot / DM. Linked to 0x15577E328Dd6E17b7721c9ca4d00610D3Ce3762F / 0xtoken.com
0xf0a924661b0263e5ce12756d07f45b8668c53380,1,mew_darklist,"Ziber.io is now offline, this was their 'contract' address after their original one was suicide"
0xb3764761e297d6f121e79c32a65829cd1ddb4d32,1,mew_darklist,MultiSigExploit-Hacker_main
0xef0683bef79b7ad85573415c781edfde8bec65b1,1,mew_darklist,MultiSigExploit-Hacker_main_2_a
0x4de76b3dfd38292ba71cf2465ca3a1d526dcb567,1,mew_darklist,MultiSigExploit-Hacker_main_2_b
0x2d146aa23645950fdefbb23f636a5d1674fe1047,1,mew_darklist,MultiSigExploit-Hacker_main_2_c
0x5167052b83f36952d1a9901e0de2b2038c3dd1a3,1,mew_darklist,MultiSigExploit-Hacker_main_2_d
0x0b21fd643aaaf5af800af67e14ebf4886be20164,1,mew_darklist,MultiSigExploit-Hacker_main_2_e
0x6a14e385fff2f21abe425a07ce29842b7037a80d,1,mew_darklist,MultiSigExploit-Hacker_main_2_f
0x18345118bd04c405b4d74941563a21b5a2bf06b7,1,mew_darklist,MultiSigExploit-Hacker_main_2_g
0x474aa9c6f46dc6379c638690fd8f5ade22df5205,1,mew_darklist,MultiSigExploit-Hacker_main_2_g-??
0x25dc5894db8ef7f7ff7096ea73b890c1a188d549,1,mew_darklist,FAKE_Coindash_1
0x7da6955457b72fdd0e80709d704520ff85d79e39,1,mew_darklist,FAKE_Coindash_2
0x6a164122d5cf7c840d26e829b46dcc4ed6c0ae48,1,mew_darklist,FAKE_Coindash_3
0x41dfc5797c8043a2f4f7e7abf71291064e091fc6,1,mew_darklist,PHISH_Scambots_1
0xc57f1148855e67763a694f7f2c0e68230adc686e,1,mew_darklist,PHISH_Scambots_2
0x42c5459911ae51d1d005cbe39749bd8d8e533c22,1,mew_darklist,PHISH_Scambots_3
0x5b67a30108e1a5f3d5a809d57e76cd16fdfde7a7,1,mew_darklist,PHISH_Scambots_4
0xaca33c43bd8deac8e1d144baa51fe9c7dd7b010f,1,mew_darklist,PHISH_Scambots_6
0xa4fcbc4a0508b11d5ef34d41d72020a5def1c712,1,mew_darklist,PHISH_Scambots_7
0x22eb0b23e5ad7ef827aff13b2e40ed63e277844e,1,mew_darklist,PHISH_Scambots_8
0x7822b7b190604eaeb4dcaabd2dd5e1daafcb9d46,1,mew_darklist,PHISH_Scambots_9
0x07425527076b4f73b5616716dda54fb14cf1219e,1,mew_darklist,PHISH_Scambots_10
0x8e6be4cc78557cf3087b15963bf7139b0154e0e0,1,mew_darklist,PHISH_Scambots_11
0xed2d26eed06ecfbfd796d1ec551d2a649a31e576,1,mew_darklist,PHISH_Scambots_12
0x1d60606d8a09b5015d773a80b0c660bb8d91809c,1,mew_darklist,PHISH_Scambots_13
0x66817272d39da7fd4c552f430fc0b694e357c157,1,mew_darklist,PHISH_Scambots_16
0x240e125c20a4cc84bd6e7f8d1fd07aff4c06d43d,1,mew_darklist,FAKE_district0x_2
0xadf5b0c2103598fb66a61714152f1d1717d49fe0,1,mew_darklist,FAKE_Status_4 (contribute-status[.]im)
0x93d8d5bb1f1e4822f3c614d9a09e7c5e3fabc13a,1,mew_darklist,FAKE_district0x_1
0x0c9d1b3ca852c67bbeabeeb51e9482a845d56868,1,mew_darklist,FAKE_FundYourself
0x0d979f9ffdd579d67c29531cccba568d2172d0b0,1,mew_darklist,FAKE_TenX_2
0x122c7f492c51c247e293b0f996fa63de61474959,1,mew_darklist,FAKE_StarbaseCrowdsale
0x199eee5b6ca1aaf030c77f0b5c50e39908fd2072,1,mew_darklist,FAKE_TenX_3
0x285cfe87f4ad22228a625dcd1f64b2bc6b27ecff,1,mew_darklist,FAKE_TenX_5
0x3018a3eab048a0a1c15003b383a181f089a039cc,1,mew_darklist,FAKE_Status_3
0x905475cbca398e8fee6e35bcb2f530a3474b78ce,1,mew_darklist,FAKE_OmiseGo_1
0x9327cb34984c3992ec1ea0eae98ccf80a74f95b9,1,mew_darklist,FAKE_Status_2
0x944a3f5641d6faf7a6abde4ec31e40d0929955ed,1,mew_darklist,FAKE_DaoCasinoCrowdsale
0xa8454096f4a18e0252b411f670b3dd9d21465e75,1,mew_darklist,FAKE_Status_4
0xaf70168cdac454fa9ff94e5458d450ae7eeb7ae8,1,mew_darklist,FAKE_TenX_2
0xbc85a12364c9e375801c00aad17b893fc4c8f5b6,1,mew_darklist,FAKE_TenX_1
0xc9f32ce1127e44c51cbd182d6364f3d707fd0d47,1,mew_darklist,FAKE_Status_1
0xee2c2c2dcd952429147b62fd4dcd7f565313e419,1,mew_darklist,FAKE_AKASHA
0xce52d38539e1e557f184f1073a59f69c9ba95f28,1,mew_darklist,FAKE_Santiment_1
0xdb82af76f9ccddfe9e8f7996492f4c5bd5f9d53d,1,mew_darklist,FAKE_Santiment_2
0xe112784753273ebede055968ecb78dcad8ff6da2,1,mew_darklist,FAKE_TenX_6
0xeab1d82e96541718e645fdef4a5ee9df78605b76,1,mew_darklist,FAKE_TenX_7
0xed44fc770eaa76db9ade24d86ce3b409f4aed009,1,mew_darklist,FAKE_TenX_4
0x36db23fd8e0fabb300ba95bfdf4a0f20b05eebfb,1,mew_darklist,FAKE_Tezos
0xd821dfb705333d2c16e0c0c0be75ce360cca566a,1,mew_darklist,BitJob token sale scam site.
0x21918461c6aeca5eaec825b4746d64a0d4028df6,1,mew_darklist,Scam address of phishing email sent to leaked Everex investor database
0xddd6854a002a6fbcdf695385cd5ed630c9e27c3e,1,mew_darklist,Scam address contacted Trust Wallet users in Telegram group depicting admin image and username
0x5e75599eb93ffa81e8bf2797c1a0b9ed27f94ab7,0,era_block_sample,
0x042de3f0e2d09cacb56bc5b391dfa5680c57fe3b,0,era_block_sample,
0x660677a84caee56276439e8e3d6714a25197a974,0,era_block_sample,
0x5880d78bef12ed96c9bc7ab4a7f6bfebbfc6dc68,0,era_block_sample,
0x2668247b93064bb591e60b6793afa500575139f5,0,era_block_sample,
0xf2b88f42f3c9567a72077bbc73b99832cac346b2,0,era_block_sample,
0x6b18327d58c59b6813c12f321c98eaeb708e6b11,0,era_block_sample,
0xf7b3ea1014586f30c7c62da470012c2b502cb21e,0,era_block_sample,
0xf243cd790111dda51d11dd0032a1f8e868cce862,0,era_block_sample,
0x60f53af6c7183c7e67b18247ad1d02ba9cc31c8f,0,era_block_sample,
0x510a2253af0ed6b7df8bab5681e68c8dd732ff02,0,era_block_sample,
0x69a15b612a89b6cc656a2efb2213ea05428ed16d,0,era_block_sample,
0xa046758bbfafec2e079a70529a01f871fd541004,0,era_block_sample,
0xe54abfa945871ca39fd0227af79343e52c3bdabf,0,era_block_sample,
0x218c381a9e93c39d708377dab546941fee0a5360,0,era_block_sample,
0xd50086a2fe0090bb198ce34c92ef4910c5205210,0,era_block_sample,
0x52bc44d5378309ee2abf1539bf71de1b7d7be3b5,0,era_block_sample,
0x7b4f7d5397244f06c01b3b06c7087e162c0ac502,0,era_block_sample,
0xe9bd8d1cc3ffa086cf0a87c4f50ef584351bc5d7,0,era_block_sample,
0x9435d50503aee35c8757ae4933f7a0ab56597805,0,era_block_sample,
0xbc06c8772981efe229cc5c10ab3c2faae6d162d3,0,era_block_sample,
0x7cc8c206a9624fa30b6a94986e19fac46a622c60,0,era_block_sample,
0x5c683c6afc7cd6ed409d5c263d01628d75cf5af6,0,era_block_sample,
0xdae1224506784eeceb7c2c26faa0321ff7fdb1f1,0,era_block_sample,
0xce7c57b43d4df795eda9e51cd9cac862a6cfd01a,0,era_block_sample,
0x9de5df9cbc004642d3adb30db8627d08c017bd69,0,era_block_sample,
0xac9e125c6eca17a59e3f1039a21cfba8e2c15ab0,0,era_block_sample,
0x457804851eaf090dad4871f9609010c6868d99d4,0,era_block_sample,
0x7f6736eeda11e922a335818d3b09578d674bafe1,0,era_block_sample,
0x150def7774166faf363a263edba59de1766a6af7,0,era_block_sample,
0x4dd1e18831831d0d5020b4a195bcddfeb377e0d6,0,era_block_sample,
0xc46e7b991e9a92797ff6c669dd7b8454c5c2109b,0,era_block_sample,
0x1b36432ff0cce205323e0c0c80c7567a52f165d9,0,era_block_sample,
0xacd7a53ab6711e28f555c21a382dbc5c5e8f5711,0,era_block_sample,
0x4b5fef2030e2cffd2dba211aa5da3c393329feb7,0,era_block_sample,
0x46feeeae542d97edf4336f2bef862957baca1e05,0,era_block_sample,
0x3a48d4d90ddd738aa52c2b9b4ed3e8da3c4691bb,0,era_block_sample,
0x91337a300e0361bddb2e377dd4e88ccb7796663d,0,era_block_sample,
0xe2fb0d60ccececb31fdbfd2ab7bf05a335ff2b2b,0,era_block_sample,
0xb23464c6fd16b3df8479ac8d3bcb8a7124bb062c,0,era_block_sample,
0x2bb65f8b6cd3af61c7f6c0d3c88e940ed2d81d5d,0,era_block_sample,
0xb17e8e3675502a14ac5e2a4507d7212ecdcd2b80,0,era_block_sample,
0xdf7a24e15336a2e785be7bf53ca928c75c2cc7a5,0,era_block_sample,
0x9527201d791c9c80ab13fdbc60217eb08e40d280,0,era_block_sample,
0x9f4010a9fc4fd010e06323a7b737e41e855b1eff,0,era_block_sample,
0x303e60a17470a7a9c4149f12fa4e7474da8495a4,0,era_block_sample,
0x2f5be4692f33f532a2438210f3818e1911f2bd70,0,era_block_sample,
0x4dff139802b02e0654d8f82752bbc301b01facf1,0,era_block_sample,
0xcfafad84fdb68ebbe30c8497c9d70ff6c1e41140,0,era_block_sample,
0xf280e98d96cab3202c19cc426d36973d6c985c2d,0,era_block_sample,
0x29b532092fd5031b9ee1e5fe07d627abedd5eda8,0,era_block_sample,
0x77762a1ce387858498b7f129f54362ed8cbf50b4,0,era_block_sample,
0x9a17aa3869a54c273291cbdd2464ac057b0f4a12,0,era_block_sample,
0x00004242f4449d49ec9c64ad6f9385a56b2a6297,0,era_block_sample,
0x6f6e88607ec518a1267a250f70dcaf9c7597023d,0,era_block_sample,
0x64a284d2bf25d4f4ac43af22a5ddbfb78f4fdf81,0,era_block_sample,
0x9f32e47acc61432a24ad42ecc30dc73ac2f9d225,0,era_block_sample,
0xa1121fd00cde40d64bd0409ea64cd9c697ec108b,0,era_block_sample,
0x6468143d9de792c8ac0d088434266d336d47ea07,0,era_block_sample,
0xaedcad4ca4d6cd2c7639d7a8552746425be5137a,0,era_block_sample,
0x0c6ccddc68c3c9cbd17b91150d990e57a39a2124,0,era_block_sample,
0x7b9bc474667db2ffe5b08d000f1acc285b2ae47d,0,era_block_sample,
0x28deee2084fdffe0d5f878c971c4783a499e867d,0,era_block_sample,
0x0895c44c05e9524065d81041e029859903c52847,0,era_block_sample,
0x222b91479b679c7c5d21e5d7a0af89c69bdb1390,0,era_block_sample,
0x36de1b6156c8010237fe12fa8fca9fbfe15e54a8,0,era_block_sample,
0x731d358cba339d9684a1d97eaf81d25957e3d76e,0,era_block_sample,
0x6c548b1edd815962fb0e68ce785f0b95067c709f,0,era_block_sample,
0xc824a401bef1b153c2f422de6140cbebc5585cf6,0,era_block_sample,
0x4665d3987a0f8042be909cb156d333a705640bc9,0,era_block_sample,
0xd51f7699eb24f8b6082023189b09e77c0a2f5db4,0,era_block_sample,
0x53be3c4236769ae7d34d252b4464b3049230814d,0,era_block_sample,
0xbb14d104665ef90ae5f5c77fea2995f1dd2ba5f1,0,era_block_sample,
0x23964c80a9e3bb21cdd3ca01e26766bb62c9addc,0,era_block_sample,
0x323a81dfd422ef5a51f5cdacede1880ff0972de4,0,era_block_sample,
0x588127bb7c952d989286a27688d8e3d86d73727c,0,era_block_sample,
0xe1d9a99e4ea22d4ebb86ba2f9c2355d139455184,0,era_block_sample,
0x12857fbba334a62c31487c5ce36b789ac8d440de,0,era_block_sample,
0x304e2e6dd8785778f314e02ba214fb74d7d4101b,0,era_block_sample,
0x6343697b7880d977e16229ab4729342f7505eb19,0,era_block_sample,
0x81c60ffa4cf2eeea5e20bbbefbbd2b9aa948e9c5,0,era_block_sample,
0x94ae1a6d9bd8ba28da4021526e8da33acf470e2d,0,era_block_sample,
0xccaeb6861390a88c8218d2db94b15e486b2a2cc5,0,era_block_sample,
0x9c01e245cb00455b152f3c795bfc705b1f073947,0,era_block_sample,
0xf42f8418ff0a01ecc7ce35d41866344be98f5543,0,era_block_sample,
0xbec9b441cf75a5f3d6892dca505ab53a9eb9821e,0,era_block_sample,
0x9c5c1f4dd43da6f9b27d764c13e781ab598a48df,0,era_block_sample,
0x43ea969133bc43d2a781571f2dc3c20a1e2181fe,0,era_block_sample,
0xb9ad613b725667c27976326cbc80a5860d68c9e0,0,era_block_sample,
0x3b53868a4c8dc78ef0cf195574689868e21b4c3c,0,era_block_sample,
0x36cbb7e858d7b2e7b49a83431ffa558b21d44ad7,0,era_block_sample,
0x77436e3a2ec7c5ee01ee41bfd2dce157419e143d,0,era_block_sample,
0xc61af4900d62d392d90f8a7bd003ab159f89ce4f,0,era_block_sample,
0x6abe9c99c46c5fe84376d3960230d68c11baa425,0,era_block_sample,
0xd59759c5e411741b3b68b055d0886e0dc0ebd24e,0,era_block_sample,
0x8cf84dfd31dc9dfbb8cd11797bf4356bf370151f,0,era_block_sample,
0xca4a85c009213da1a35b6ea07c4cab0a4e7cf9b3,0,era_block_sample,
0xcdb25f89632a4a7de2e6bc288ae6f629ff802805,0,era_block_sample,
0xb309a9ad92ee395e2191f635594c8f7a7200dc10,0,era_block_sample,
0x957cf3464d684bfc976214161e8a326c126c2ef8,0,era_block_sample,
0xb39d9e0a98e8e30f184d20d79d8e1276a4bc9648,0,era_block_sample,
0x57a9ab7f3b1b755d06daf8c969b634badc702a48,0,era_block_sample,
0x1310c3425511ff14daaf25872c6b138deadc400f,0,era_block_sample,
0xa7170fbebace7f13d0bb82fa04ea6a36c0a576b7,0,era_block_sample,
0xb84961e1ffae1f131fba36a6a90c03e124f970ee,0,era_block_sample,
0xede807de3bbdd5e5658f33e2cdfde51e1bef80df,0,era_block_sample,
0x5603d2dc874ce7d0667c579cf4583f92b5f4c05b,0,era_block_sample,
0x0005abcbb9533cf6f9370505ffef25393e0d2852,0,era_block_sample,
0x84b1749ecddeebc7497cb5b465cb2b0514ae641e,0,era_block_sample,
0x7dbc15f4fd61e66193b2f366f9404e0087731a03,0,era_block_sample,
0xd3fff439a0bd397518817ca38834a2f91ebbf0bc,0,era_block_sample,
0x13cc05f486ec5b583072d29fdbc5a2aa86b3f0d7,0,era_block_sample,
0x1bee2dace0b523e39d4818c937116c20d667c695,0,era_block_sample,
0x429bf8ec3330e02401d72beade86000d9a2e19eb,0,era_block_sample,
0x0e140b5b2012873e6129f8ddc2e86ea4ae3fccea,0,era_block_sample,
0x5ff64398d7eb238d422594f63bc0fddf17500bdb,0,era_block_sample,
0xa076948cac96798ccab4466058b4c400db695a00,0,era_block_sample,
0x0ff24158220a14398f047a80a513617ddc4f5289,0,era_block_sample,
0x7222f82515e15341de05ff6ffefd9bb7b7cda2d5,0,era_block_sample,
0x820d759d807d79a1104dc017cb9c77b6c6dea99c,0,era_block_sample,
0xe2a850fe294c36313fce8397fdb3ba2841f0ea79,0,era_block_sample,
0x3052cd6bf951449a984fe4b5a38b46aef9455c8e,0,era_block_sample,
0xb3040df19c7e6f2d81875e3466c50a8153b65eb6,0,era_block_sample,
0x4cb2f7a5b3838e843c32c61bb795b37b94f0a7bb,0,era_block_sample,
0x16c7513501b0ab4a102d80b73b28eac2ae4cc5d8,0,era_block_sample,
0xa280aecfee312491d05c762999c7e9ba9364788c,0,era_block_sample,
0x51e16c54c0cfcd0cd0b55c64aa3fdad917e45677,0,era_block_sample,
0x1a4f734aeb743544e58dfb6f0389b9167611a6c2,0,era_block_sample,
0xb18a90b3a3458b9a6562f199a01cd9dad4f173ee,0,era_block_sample,
0x38858f860bb15b77337dd2e509f05058885e8d4a,0,era_block_sample,
0xf22fdffd2498fdcd3e0a58a118d3e1f70db4307d,0,era_block_sample,
0x275c971bf0030dc92cf1637bd8858bc6c140d0d6,0,era_block_sample,
0x3df7bc57327c027be53562f655860d1fad312198,0,era_block_sample,
0x8defaf87b6a42d1912b2dc6ad4a87e6ba8bc2e07,0,era_block_sample,
0x0acb99fc37c7a139de4f25eed26ac964abb75557,0,era_block_sample,
0x506a3daf94aa391d5658963c8c0db5e2a1472ab3,0,era_block_sample,
0xd3e00c606f99858df7458d4c24467aac90c27889,0,era_block_sample,
0x778c879a6d29ce7579280e3a8caa4ffa8f973920,0,era_block_sample,
0xba4416406d3d38138306d30ac9fad9de183a8438,0,era_block_sample,
0xce9760f03c0a67d011860b5728851b0fad79cd80,0,era_block_sample,
0x0032befe5edf598159bb1029f30580a26ea0e53b,0,era_block_sample,
0xabd88960a83e4f8625ebad37f2d3d2a63ade9cfc,0,era_block_sample,
0xb6aac3b56ff818496b747ea57fcbe42a9aae6218,0,era_block_sample,
0xfbf50aca5bd5da161d7ce8de6da0a7ce417cf10a,0,era_block_sample,
0x8c39e3540f626ce753f2eae0bbe643ab569b297a,0,era_block_sample,
0x9e7fd03e9225f059f0c937c2223dabf5ae12806e,0,era_block_sample,
0xc0e4bce286a97d28923d4b6266a572b81e5b919e,0,era_block_sample,
0x1c978d4fff81c2be9b0474139ee22ca06c144dd3,0,era_block_sample,
0x23de338bd1f86c32ea3a986624b332fbdf9599b7,0,era_block_sample,
0xb3ee5d8d9ee1d51a20f4c311d2c3f56b6a62b703,0,era_block_sample,
0xa450b3ab3bf4a8b4de8dbd5ff1013abdf81709d2,0,era_block_sample,
0xa46e3aac59412b0e1458badeabd1061254ecefa6,0,era_block_sample,
0xed7e5b7dc15420fa6fea723841f6b648e00d84f3,0,era_block_sample,
0x00594a478606ff23ccb41c84b87b2389999c5d3d,0,era_block_sample,
0x1f3beba097b5a5ace4acc5aab0596b2ffdcb7f54,0,era_block_sample,
0x3b20977d0558d144e57089b04b238e619ebab205,0,era_block_sample,
0x0156bfe0c52f0d3573600af34c4a38831c3a9785,0,era_block_sample,
0x30e6a8127320cbf236b01d06a554d383c26a3a12,0,era_block_sample,
0x16491421c05c86a3dbea4781b0d1afbdc6389911,0,era_block_sample,
0xd7f9b5b0a667f3deb17e25cd1703f91ff17d0ea2,0,era_block_sample,
0x0a98fb70939162725ae66e626fe4b52cff62c2e5,0,era_block_sample,
0x31edf46aaeca5426e2007c771bf32304c85c9dcb,0,era_block_sample,
0xf4a2cb946f72e1460c490bf490e73d81295130cd,0,era_block_sample,
0x0ea86277236097921d1c38e3de471800d1e4320c,0,era_block_sample,
0x911efe7da9b8f69b6de845da37e6d6b8da57acff,0,era_block_sample,
0xdaf10e9794b83c02bc5484200e9b97b66f19fa58,0,era_block_sample,
0x4767a91fa1040495abc016988ea31ebd48f9a2c9,0,era_block_sample,
0xa4aaf1d8dca32196f26c157a690a85c71b387f0d,0,era_block_sample,
0x1b7110f65c27069b7305cc4705f3441e6911dcf3,0,era_block_sample,
0x5a20e1dd26c32991969b1ece14d64535524cd409,0,era_block_sample,
0xab4bf37461f081c369175b4bee5ae22ea9f7e980,0,era_block_sample,
0x5acaabcde87a939468450884c56cbb58db1e3033,0,era_block_sample,
0x26febc7e9e08c70836b9a512d138b46c7e50c4a9,0,era_block_sample,
0x82a821d056adaddf544104d1915a9a941c55f822,0,era_block_sample,
0xedde62ef6da01da1beb2b4ac4c7ed7e947e7d4d7,0,era_block_sample,
0x47ebea3e52fc08d8d9cb4cae5fc4c4bb5c81c50f,0,era_block_sample,
0x160d297cadfe4266f180899093cf6a6ff320984e,0,era_block_sample,
0x6427b7014f76b0cb3f2f50c860a077146b750f61,0,era_block_sample,
0xc485f51b974556be470572b5f5cf6a4bead47ff1,0,era_block_sample,
0xe335eef98ee2918b27b3bd64e0fd82e237018986,0,era_block_sample,
0xff9f9ecc866bc71cffe7f9fe3e5d972b2fe4f522,0,era_block_sample,
0x7b337b625a788b649bb6e57f60c380bcfdf8c5a9,0,era_block_sample,
0x095787e689a304366fa4e98bbf8eb2c9ad96294d,0,era_block_sample,
0x8f58a45fc17cb821fcb6a0f63b6576985208dbdd,0,era_block_sample,
0xd561f945f4204b8b882416ac9e129812281490f1,0,era_block_sample,
0xa7bc432636814284c86f1cc8b32da4d18fd86595,0,era_block_sample,
0x85001393dda6e0ce100a8fd887fedc56f8bf2f78,0,era_block_sample,
0x77a81df1ca05c33687dbf8fb82ff2cae1a8a8a5d,0,era_block_sample,
0x1237056b3b6096b41f773d7fd40643edcdfcb29b,0,era_block_sample,
0x7da0c60cbab6c270852a9566c2cf2efb96b38326,0,era_block_sample,
0x63a4ff7a90dabc933029ebe0e8158fa1d77308ba,0,era_block_sample,
0x9d1c85f05d2c4c9b8e514192047fdb0a87f667e5,0,era_block_sample,
0xe4c89b9fcab29c5bee3971b698cca4528f2644e2,0,era_block_sample,
0x8d2407d8bd6d870fa75d884a9c8d14425070b24a,0,era_block_sample,
0x56a7a55a75a779acbe2f0cf98321cd5a2bb01afb,0,era_block_sample,
0xc5e8f93128d229d9321ccde2ea6a7872277996a1,0,era_block_sample,
0x7eee1ec1ebfca72baef8c6b5a2ea112f752def4a,0,era_block_sample,
0x72cccdefae3b1486d12bf9254d4a0964016f5814,0,era_block_sample,
0x4d9c17e91716ee9373fe185542422b34b52cd339,0,era_block_sample,
0x1f569e72297b280cf3a9b80dbc87233ae09cba8b,0,era_block_sample,
0x193da5dedb4dd82fd36e5b14b6a020471d98b2ce,0,era_block_sample,
0xc49a0f384cdfbe5cef14dc663639af7d11ec11d0,0,era_block_sample,
0xd4cb6d5dc88e90a7c35d13fdd86890cfc82c6615,0,era_block_sample,
0x75dfc6b7ca13e082fba62c6da247ecb4c0eea411,0,era_block_sample,
0xaad20e093cd4a2681f65d5a78c7a2c543d8029d2,0,era_block_sample,
0xb3ec320e6b74c9e63114b88ae2895749f4b2c86c,0,era_block_sample,
0xd0e3ef078443b908f544ba815a53fd323ff2198e,0,era_block_sample,
0xa6ac26e4f95ccb17d70b0b666517e7f534d50788,0,era_block_sample,
0xbe0042dcc7bcd64e2a4e6f55df4aea2ec90582da,0,era_block_sample,
0xeee28d484628d41a82d01e21d12e2e78d69920da,0,era_block_sample,
0xed5671dcae393bc7375e891cebf5b73fb1945422,0,era_block_sample,
0xa2d3a135eabcc6dfaadaa479ed13d3467a6c9abe,0,era_block_sample,
0x2252cbcb55ae47d73b840f01cd2abf1d4e62ddfc,0,era_block_sample,
0x537a43884f9d119fd9b817a680ad11e45f6190fb,0,era_block_sample,
0x739d95b953cd302addf8acdfc7a87dfceccfafe1,0,era_block_sample,
0x4a84952f9bb7ceba557d68dfc448106e63bb1c2c,0,era_block_sample,
0x79959d451116cb7a167e36f8fa74939148c81d2b,0,era_block_sample,
0xc7f8f6abda130bb85b7ce2189d31f226b7a2f667,0,era_block_sample,
0x30c0fb012bc5b4441d3f2328f1b085987f632677,0,era_block_sample,
0xf3ff8d86b706638a168d350037b525858224f7ed,0,era_block_sample,
0xb781aadb780680ce68fba6df0f2a9f99449bb5d2,0,era_block_sample,
0x92841565d372324095966320a11df1130810d3f3,0,era_block_sample,
0x01b69896e66c184cdb2aa49f3b66e6584f17e786,0,era_block_sample,
0x2d07296dedb4fe5871b559942506d08c8c16d093,0,era_block_sample,
0xda291d62879a8a206ee6fbf198bc433aeef9a6a7,0,era_block_sample,
0xc8f5ce2d0abba441f7965b214b1644d1bde8af11,0,era_block_sample,
0x0448089a443f34dc366e4287917a42fe9d3b55b4,0,era_block_sample,
0x0ac3c1d664cbc5e03a7fc2de07e1f3017a6076a3,0,era_block_sample,
0xb8707cab852e3f7f9d3e06507b67cf06addaf83b,0,era_block_sample,
0xfcd03098ff1fcc7db6e7154d66a2515868592cb7,0,era_block_sample,
0x5c4ab9de71b4fc98989bb638c3b3d5e2d31b1511,0,era_block_sample,
0x7688ae8120155b3c05c916ac2e93c1a08023d49e,0,era_block_sample,
0x82b8edd1885d3bc6a71a3e6e17ea80b1111bec56,0,era_block_sample,
0xd3273eba07248020bf98a8b560ec1576a612102f,0,era_block_sample,
0x174443351e21d47ed9ab51517a301107d92ede64,0,era_block_sample,
0xc3bdfb278a578490d517d9b51d9da464775b522e,0,era_block_sample,
0xcec3a0f6f1d8881cbb54dd76b71c2724830fa841,0,era_block_sample,
0xed12aebbcbcfede4c0009f753f806cdd80529b2b,0,era_block_sample,
0x59548d75634fda400a45e03ed5a2d0214c3be42c,0,era_block_sample,
0xa54577abdcd0eb13f04d5fc1061326eadcf6c3e6,0,era_block_sample,
0x442ef266434a9575325f1af0249a4cfea04334ff,0,era_block_sample,
0x284e4db00b3ae36a6f3f2593f8fb0282e5512f85,0,era_block_sample,
0xb2bd98db86976b21c02d5db3849a6d6060f59588,0,era_block_sample,
0x640532d515d107daa234750a19488be5cb60ce9d,0,era_block_sample,
0x30d2d0d9500a02f4dba2f5a73e49f2f9643acbe5,0,era_block_sample,
0x8167ca93e524101cd22ef2db19f99ec57cfd13c9,0,era_block_sample,
0xb6814191247d98b17ecff25c55eb7f81c83d0dfa,0,era_block_sample,
0x6d21442673288cbb37567ac9aafaff881f01ed9c,0,era_block_sample,
0x36b0506de25f9e2a701ca6ebdd0c4e22c8ce8adc,0,era_block_sample,
0x6b130bd3e63aece839067618302ee61704207912,0,era_block_sample,
0x3a0fe08fe784ac3093c1c8da03c18179a0d51d17,0,era_block_sample,
0xce8af5c63e083824a8a99a6eec9e0d37b37b0dfa,0,era_block_sample,
0x6f707bf6fba70e7da96e5a81c5580ecf1df6d47a,0,era_block_sample,
0x6fc9bcb6091c01d6d2a530955e633b894ae48256,0,era_block_sample,
0x8eb762213fa7744713df5b96523af1cc038dbc98,0,era_block_sample,
0xc0812ea258f2bd203f186b95737a048939a65f10,0,era_block_sample,
0x1151314c646ce4e0efd76d1af4760ae66a9fe30f,0,era_block_sample,
0xdd7c6cf6a06ef54f5b5115afd69e1f552a0a072b,0,era_block_sample,
0x00004242f6b3654abe1f858d0817b44f464c4fcf,0,era_block_sample,
0xa4dc1b3ee992bbf43e3a613258d22e6f762f508e,0,era_block_sample,
0x8088771aee1f344527c1b435b020ea7cb03e843d,0,era_block_sample,
0x6c5c3d58dc80ec8f5bad74be72bd3cb8127fddeb,0,era_block_sample,
0x275c300937c87e15442c15eef6a5539bfe418912,0,era_block_sample,
0x8a63665964b2388b69009b289eb96f86e5211c02,0,era_block_sample,
0xa01a96d1a2a9a517a4f585b63b145f067f2b70a9,0,era_block_sample,
0x84d8f1613c633d686dbbd965d074e4a5cc4f88ea,0,era_block_sample,
0xccaa2eadf923cc62a9b7b551c6c1b4da7be96a75,0,era_block_sample,
0x609f0bdc9b24ad69a6e8f576088662e8699df99f,0,era_block_sample,
0x2c4c97388c10667d904a012539ca5759dd2b6ef2,0,era_block_sample,
0x613c147458ad1c291663e79be35498ba22755841,0,era_block_sample,
0x3f405a70720660338fe0abb8fc069763088ab7e8,0,era_block_sample,
0xaae1021d0ce68c9f50b26e7c8e46f51bbc01d984,0,era_block_sample,
0x4cd1975eb3bb974d9a67bcf3bea7d0dc48e59f41,0,era_block_sample,
0x9bca6faaac2e6f4712f82aae6800a9bbbfaf6f9e,0,era_block_sample,
0xd585ebefe744b466080c990cd0dea3b6eadf0a08,0,era_block_sample,
0x4f69a54fa4ee6318f69c555982e63f6f3c4a5253,0,era_block_sample,
0xcdfb55f3c31be588cfb0b5ab85fe5fc33e44d5a1,0,era_block_sample,
0xadb2b42f6bd96f5c65920b9ac88619dce4166f94,0,era_block_sample,
0x044c8e9e9db1e92ce12ceb1bd2772f9c5c502c48,0,era_block_sample,
0x6ab7a50730309b90c0dc3be49ccd070d6c1111ca,0,era_block_sample,
0x7b1ee0371f62904afebea06ba3bbc00810f64281,0,era_block_sample,
0x3e56652cabbce5f5698cdb87f9ee0ca443a5eca6,0,era_block_sample,
0x066a508506a7ec7e093fafc6f134ccdade867dad,0,era_block_sample,
0xf9403dc8194b4cbe55dd356aafd929d57de98000,0,era_block_sample,
0x0019ce305c282fd1e7d09779827684a6c3ed50af,0,era_block_sample,
0xc76d0c4bb4ae474c4a9401eb4c18572464f70062,0,era_block_sample,
0xa8826394fe1d40b7069b0166aea643f84c8fb5db,0,era_block_sample,
0xf8526f751fb8fbb1648d4e092c49dcbf8cc5b947,0,era_block_sample,
0x4b2500da78431f134b6ae4668dabe0377661d237,0,era_block_sample,
0x18f764819fa1d71c69e2ebdafc6062f87b87e7ff,0,era_block_sample,
0x9539e0b14021a43cde41d9d45dc34969be9c7cb0,0,era_block_sample,
0x0e9670733d6625fda30b2fa878f3146c4b50793a,0,era_block_sample,
0x58f7ad91d1566541e173c2024b4c7f3d5d933485,0,era_block_sample,
0x8febabe4f5b70ed7b69f5f45cc93b4a7ec665bcf,0,era_block_sample,
0xd14bf25ba9650089971152ffbbfd2bf39b675358,0,era_block_sample,
0x4ad1bd95e121e263996381e648d3694a1c637dea,0,era_block_sample,
0x39bf6f39d8c722f959a16200e2addc431173497b,0,era_block_sample,
0x17bea3f16ae27d79c34477067c08c2d56371ad0f,0,era_block_sample,
0x76393062d13f6748c78e994be73d6d92c01c6d80,0,era_block_sample,
0x59438809e11ef3a9e197de965abbfd6792092b76,0,era_block_sample,
0xfbb1b73c4f0bda4f67dca266ce6ef42f520fbb98,0,era_block_sample,
0x4221acf701a1b246de36967bd96c12082b121676,0,era_block_sample,
0xec25738b5007239fe6201f67c43a5110f22e54a7,0,era_block_sample,
0x434b6c1969067eb48e53baaa37dbbec6b17b83da,0,era_block_sample,
0x1a6a9f3e9654bf18d10c10473450795df9273da8,0,era_block_sample,
0x154470f9b02973c9a1435a3df75ee58dfe5fdfff,0,era_block_sample,
0x6b59210ade46b62b25e82e95ab390a7ccadd4c3a,0,era_block_sample,
0x20767cf92f79b2a866339a86326751c400116305,0,era_block_sample,
0x31a9b3a25f297ba8ef54cecabbff5e777d506645,0,era_block_sample,
0x4bb96091ee9d802ed039c4d1a5f6216f90f81b01,0,era_block_sample,
0xacdf8b8dd7a7c66a7dc798237fef1eeff74d0e45,0,era_block_sample,
0xeb8ebbd75a5beef8678076daa040a9d355ebb738,0,era_block_sample,
0x079b05eb4746fe17c0d63df2c83158d071410906,0,era_block_sample,
0x1b01a0750bc55b00cf06da4ad0801f167887e745,0,era_block_sample,
0xfbf733daf9d83ef107e802f33f77e4d64ce63882,0,era_block_sample,
0xe3ac6f045ad7c4f0079264cbdbcdd96db8132e70,0,era_block_sample,
0xa9202367c28132ff616fa6dba127b9e610c78105,0,era_block_sample,
0x925bb07e7363315e10a1e3d985bfbd572589ac1b,0,era_block_sample,
0x4149cdcbebcde15b3a0203d6be0da243fa342c47,0,era_block_sample,
0xf44a9b5775968172f5cd7d3e34942deeff671b85,0,era_block_sample,
0x7d55207c005208f899f9c48e531ef4a7c12a6be1,0,era_block_sample,
0xfc08062e1334ead17fd69425008a23e0e87dd667,0,era_block_sample,
0xd53697e9919bbc21d37001f44b6428a65a5fac59,0,era_block_sample,
0x98122a1aa4b63bae820d5b954d940783321120f8,0,era_block_sample,
0xbf4654c8d6e6aef37f95b31274039b134acb5153,0,era_block_sample,
0x22b84d5ffea8b801c0422afe752377a64aa738c2,0,era_block_sample,
0x682ed78859e2235e03535e11d2396e1e200bf0d4,0,era_block_sample,
0x7bdbc66738aefcca3388df047d6166ef266ce59f,0,era_block_sample,
0x606954366e3751ef248bf0af8042fc869a463dd3,0,era_block_sample,
0x6f14fb9c6968ee883d2aead614565c1795a04925,0,era_block_sample,
0xf66be6fe9895f9c24e49156b2229952e8d519a27,0,era_block_sample,
0xe4bad5a72c04d5473e932f54036376772378b83d,0,era_block_sample,
0x2de429a784549b6c1f3128164c88913616c3eb45,0,era_block_sample,
0x1fd8ba4ad8555d405c658ffb45c519160f4335e1,0,era_block_sample,
0xadd51fd4e155adc69bed26617b66cf43c98ba610,0,era_block_sample,
0x20e3a1dbc90ecf1bd30ee77fc6d3c1f2cd13c3ba,0,era_block_sample,
0x21d9ebe568ea90e041ef6d3fad44510e011589e6,0,era_block_sample,
0x9209ad76f56da370ec606eab5e1ba0b8f62e9f6e,0,era_block_sample,
0xf01cc42a11848621eb610db63a4ad528aab0b164,0,era_block_sample,
0x6f841f601b105f4dc9b48c7a0afa144f3c53bf2d,0,era_block_sample,
0xf7793d27a1b76cdf14db7c83e82c772cf7c92910,0,era_block_sample,
0xb73b6b9ff26165bcd0e8f8e936b4905f7237123b,0,era_block_sample,
0xcf5fb6a8cc92d1f2dc5780fbf77221e75c70ad22,0,era_block_sample,
0x17f62cdf24fd763172978555b5a4678593c660a3,0,era_block_sample,
0x0a929f5d80a001005d4e6ae4d849e9e367bbae0c,0,era_block_sample,
0x11f8dec2f230b52e3e1ab0f4cd2e6b92ae38af51,0,era_block_sample,
0x2cc7b3addef650f3f8f3a6b01d8ea72bc3ab68cc,0,era_block_sample,
0x990fdee1f4537224c7e4df8e7f7a5551dd84f3a2,0,era_block_sample,
0x5915506f2ca414fbef59fc7d6e5857d076421600,0,era_block_sample,
0xbb3a480257bf6f4f5d6dd7e677b03c7dd0f9e2d2,0,era_block_sample,
0x207feb097521a9667efa3a0cde7634a9c7852788,0,era_block_sample,
0x51a868927c81fd7407976081f733e9e7e4bdd4fb,0,era_block_sample,
0xd42365101eaf38b728c966bebf49a23bc05dbff3,0,era_block_sample,
0xea513cb6c81fb5897f5b3e1069c1678102bd7652,0,era_block_sample,
0xe8c62bf60ee7a7feef475d54209f928b997bf7f0,0,era_block_sample,
0x54fbc2747957a2b9ef84be0f1dc22ead4ecd2f8b,0,era_block_sample,
0xa802ca2ba78ef80feb34f057d34503663527f1f3,0,era_block_sample,
0xa03ca3d0a0a4205067feef0c0e1b93077421e4ea,0,era_block_sample,
0xb62d547ab61d7ed8971fe76c583230e943b882a8,0,era_block_sample,
0x6a7142debef604ebecb7f38ba70a2838704073ba,0,era_block_sample,
0x94c4c463960082abed5430554e3698a19e3c9f6f,0,era_block_sample,
0x475c2fa36b5f88cf6f5a64e864eacc7cc1486ffc,0,era_block_sample,
0x19bc974500db8dc0dd1bda95ce657929fbe757d7,0,era_block_sample,
0xbf79e9e31b530441dc3c9daeb985a0f2f64392b1,0,era_block_sample,
0xee61fefa8eeadcc88b2a83340258073264c0d836,0,era_block_sample,
0x724fbd774f8c2d0f3b071bffa6d25fb067111240,0,era_block_sample,
0xda8e51e033428bdaa385a90a550969f83261828a,0,era_block_sample,
0x446afb9353e86835b1a5c371a3398673815c3a8d,0,era_block_sample,
0x2e7bfb5f71e36f44c8bde2e7d58ff0331507498f,0,era_block_sample,
0x3a91b432b27eb9a805c9fd32d9f5517e9dd42aa4,0,era_block_sample,
0x91eaa849eca7f0450b92a27420c86e0111475d65,0,era_block_sample,
0x19795d830783d04ff2fef390a35e9ab91e8df08d,0,era_block_sample,
0x8f2435ea671a9bd846fc5e919587c0ee1d3ec31c,0,era_block_sample,
0x888307e8cedbc6b1f25c8903c0655261af819fd3,0,era_block_sample,
0x6cace0528324a8afc2b157ceba3cdd2a27c4e21f,0,era_block_sample,
0xfee4c0355f2d72796fe049671a52e0c445e614da,0,era_block_sample,
0x36bdae9fb81d0311f7021a92ee2ce671b7cc4069,0,era_block_sample,
0x57a56996e99aa932a77968881d21e9649ce90fdb,0,era_block_sample,
0x236e311fbcb193a4d05376a03fa762ecbf9ee3ad,0,era_block_sample,
0xbbaf778404f29dafabfb07981e3cf3fae29ce385,0,era_block_sample,
0x9c550e4b3410d98e4a80c5292cc75be718440f48,0,era_block_sample,
0xf3b0d5fc99be8e26809a7bb16f9f5cc4aafaf475,0,era_block_sample,
0x45c15d1c432729ff87978386fd0bb4ac3fd61bc0,0,era_block_sample,
0x63f31608390814d1a199c299468cdf73c667a6d5,0,era_block_sample,
0xb86bc7cab17b8cbec5632cde1fde544321df9328,0,era_block_sample,
0xab081742998c8d578ee1123db279b54dac1ce08e,0,era_block_sample,
0x4107f3cdd561f753852b8e04e321d1e20949649b,0,era_block_sample,
0xb772f17eb10ad6507f364d0b956c166894861cc2,0,era_block_sample,
0x8199905146cc5cb9e06ed440137439fba1e3c5aa,0,era_block_sample,
0x6fd0b82f3b6771ff23be51315d390d374a79b161,0,era_block_sample,
0xa8e62099b4941b672752cea3d61215dc7050da89,0,era_block_sample,
0x19f107d2adf286eee88373b56651e8e0ff767603,0,era_block_sample,
0x6e7ef134057c047c74a2e6f71c451ba324f11ef8,0,era_block_sample,
0x1edcb8e543b13e2de99e6633b22ba33bc4013f85,0,era_block_sample,
0xc1f21ab61ac93a152fd3f1e344410b1a4ee8b059,0,era_block_sample,
0xbe2617f219db0a1f51f002e31d43982270868d3b,0,era_block_sample,
0xd9b94291a042e99211036a0a25ae562513a9a75c,0,era_block_sample,
0xbaa65588e256e2d36e8bbdb746e8863ba99e9534,0,era_block_sample,
0x2e84bc3888ac9c386457423fd5b074a561fdeeb3,0,era_block_sample,
0x34e54e7cc27d9cec33f9f896858f4d32e22b4b1b,0,era_block_sample,
0xfaa518aab314019c529e009bb4565d5649e1606f,0,era_block_sample,
0x561c29f21cfed667ff28d5304b5ee1ccd2f2e8fb,0,era_block_sample,
0x551967126dabe16abe08ec8b88b866363c1cde83,0,era_block_sample,
0x38ea635efd53e3d2ba84a15e6caadac75801c075,0,era_block_sample,
0x74830a52c0423cc729170b4020fdcd5193c88255,0,era_block_sample,
0x6e07bf1e7725e322b691247cedf48e1589e886eb,0,era_block_sample,
0x66e966f0dcc11cb9ef71e983c32ee36312152905,0,era_block_sample,
0x39c507fb54fa49d7351a185b4689ce53510dcc55,0,era_block_sample,
0x914fc859f6cd933f2ef199dfa60a89e1e1d62281,0,era_block_sample,
0x770281b23f31ca9a567a8478afe52db33e6e0f6b,0,era_block_sample,
0xf5bec430576ff1b82e44ddb5a1c93f6f9d0884f3,0,era_block_sample,
0x38a66ec687d86b41e720d137cdacab0b75d2f23c,0,era_block_sample,
0x383c53f2a9f7942462258f6b805e5a1595d117b6,0,era_block_sample,
0xf1afb064408593bed225e710f05742a4fd6dd899,0,era_block_sample,
0x5e891d2c0782f5f2566ab5596581e7d72ddfbdf6,0,era_block_sample,
0x05d03474df1b73c17891b41858633a5958c07713,0,era_block_sample,
0x7f09a0d8227664f5bab93142cfc9ee028440ed28,0,era_block_sample,
0x61b9898c9b60a159fc91ae8026563cd226b7a0c1,0,era_block_sample,
0x5de4e7f269c53a9feb59da66e9f1bcca684b4a9c,0,era_block_sample,
0x6fd972dfb5fd2704078af9204ef6d4b7cc79177a,0,era_block_sample,
0x6f535b13028776bfe45eb2db3eaf28d004506e12,0,era_block_sample,
0x4a3309f1ce4df14fab930656044fd09f2c85930a,0,era_block_sample,
0xe3284130e18cf0d1850f77d846a0f4672bf443da,0,era_block_sample,
0x79e4d8efcded0e65fe22adb7961c5fefb5b6dd7c,0,era_block_sample,
0x09d2d0e4b64b2f1c64f90ee1be4380b98ab2d5ca,0,era_block_sample,
0xd94c9ff168dc6aebf9b6cc86deff54f3fb0afc33,0,era_block_sample,
0x69e98aadb1efbf0d0749138bbdd0e2c6b7811b6a,0,era_block_sample,
0xc4a67cd06a79814557d5c919bc8989336ef8c844,0,era_block_sample,
0x5b0f3fdcb44e28d14eb98b304f1d91a0461185eb,0,era_block_sample,
0x56f56de47a9d3c2bafd7a8460b1e06d6b0375856,0,era_block_sample,
0x6b7b3b4d41ad47b12b6ed723f10d07f4153bf611,0,era_block_sample,
0x81d7e45b36e47b79990eab1bcc2608c5667f39fc,0,era_block_sample,
0x8140ba1c09134fd28ebb09c016669553fd3b915e,0,era_block_sample,
0xa412d9b2dfda5672713fb2104d712f8392b6e310,0,era_block_sample,
0x4cd49ef1ec336e06506e7498642c397dcb814a9b,0,era_block_sample,
0x7d5a0d766e16748080fa92f9705aa48f988ab43c,0,era_block_sample,
0x32943c8426b03974969869daa07cebf076082285,0,era_block_sample,
0xd0c0d737e64dd695d2f16235b4f69acb5067a2d6,0,era_block_sample,
0xa18d5675adf62db49f9ec69baa4cf176d3d38ab8,0,era_block_sample,
0x155d9207591029da7626deaa60c957b47220b492,0,era_block_sample,
0x67cdacacc9342b2f279333bccf48880f37cd4a69,0,era_block_sample,
0x7a7a0e65d9f43e63f9b30ef8710441b9cc02d420,0,era_block_sample,
0x2783ebcf1cf18c4a1343316b75206fc69563fab1,0,era_block_sample,
0x2b9761fc8a670daac6b84a9fa86f1f482ca0a67d,0,era_block_sample,
0xad88e64f1165fe0cdcdb6c250c739b7d50356360,0,era_block_sample,
0x9a6006f13309529df93eb619bed7e1ebb0aa0179,0,era_block_sample,
0x210f86e04c110c73716beeac62c712108d046833,0,era_block_sample,
0x2a09f1035ab401de6da76ea4284c04c8f228d201,0,era_block_sample,
0x12960b864d021b449571fd3016a5510e2834e12a,0,era_block_sample,
0x33de12b5cf336692c6b7cfd3aaf779425067f21c,0,era_block_sample,
0x37ead2980b50a96136497f2aed8f32344b06b15c,0,era_block_sample,
0x236f9f97e0e62388479bf9e5ba4889e46b0273c3,0,era_block_sample,
0x231b4f2b70a665e5ef64d502cc29ae34f8c5c0c3,0,era_block_sample,
0xed4c1ae54b2bbe297ae3c7dd6f73dae6465d3c85,0,era_block_sample,
0x1b536d746e52dcae32dc130ae9efaa33534b15a6,0,era_block_sample,
0xd0731729667c82da8de1063461cbf7e11d746052,0,era_block_sample,
0x009f51721d738f079536b399d43b8bf97e0a68f0,0,era_block_sample,
0x856f2e77fb4e21145689e7194891d0892c551290,0,era_block_sample,
0xba5bec3f165f1aea16b8a456d941ca404e84dfee,0,era_block_sample,
0x0c801e24d650f4ae77f488018632cff460b010b0,0,era_block_sample,
0xb2e83d5e421749cd77934abff590b9d5f81afb51,0,era_block_sample,
0x3f10b8d88fde7baddfa4b627ef98c3da5491c160,0,era_block_sample,
0xa5ca98a431e152295388fb9e27d2b8f1d89baf7a,0,era_block_sample,
0xb2d955733e6a470533f68f72d0af442070f24f55,0,era_block_sample,
0xf61c0e0c094b18a142112d9a9eb0a8f2034e6aac,0,era_block_sample,
0xf1e77a7b947c72bd6482045eb2d78f3d81102004,0,era_block_sample,
0xaf0a8e1844fb4fac214d3b92d71752959e7ff2dc,0,era_block_sample,
0x9862d074e33003726fa05c74f0142995f33a3250,0,era_block_sample,
0xe9a839d0deb505cbd05afcb91a9f2fbf016e834c,0,era_block_sample,
0x0517bede1d8a66f35809badf2944161eb5308460,0,era_block_sample,
0xe68efe04cccf5d071001b50aa13e762d66be3025,0,era_block_sample,
0x95528863b0aed349933a2ad80abceb10e2ecadf6,0,era_block_sample,
0x9628be77fb3dcd890fd93a5d039092fca855d3cc,0,era_block_sample,
0xbee89bd324227d43fff72fe89d2bd9dcfe826f7b,0,era_block_sample,
0x89eb4d1ebf4c53bbf45d77ab4c134e350a20b934,0,era_block_sample,
0x2a9847093ad514639e8cdec960b5e51686960291,0,era_block_sample,
0x1abe98b960faf23fdf86f7f67a602decf8faba80,0,era_block_sample,
0x9d9748b0a21cf0ad2707474cc83c5f165712e05f,0,era_block_sample,
0x254deb7fc1cb80b61981de74b1c50754885ef3ba,0,era_block_sample,
0xaeeba976c63d0229358681c07f973c4e902a623b,0,era_block_sample,
0x0f3e77adcd40423dea777f7d7e688f9dd063f6b7,0,era_block_sample,
0x0dbf5f416388c20c0ef1af1a196e167d80ea0290,0,era_block_sample,
0x3ca56560f89a6103547eafe6302c87d1b989301f,0,era_block_sample,
0x6aa071468d70fa20bcf9d3575db60c3f6c2c06e1,0,era_block_sample,
0x83d169f2c32c3c1cea9cba91dc63503e4b942547,0,era_block_sample,
0xeb0645971b97565940acb1f9d6aef28a895299c3,0,era_block_sample,
0x979f6a84df49198e890c37817a19a61ccc5f3108,0,era_block_sample,
0x38310c0c5420a68eca0d7a83ae6272727c427532,0,era_block_sample,
0x568b3396efaa94cd56e68077036c56942285ab02,0,era_block_sample,
0x1f62c5ab46234eb97221abc433f56c02b4372b1f,0,era_block_sample,
0xf3eac4f0d07b5be7291d55ac1cf1c07d496a65f4,0,era_block_sample,
0x7b196ee3ab4cd0e8bf6445ba8668a48b72e74bd8,0,era_block_sample,
0xf60cad593733f780ee9f7a756b122b494571622e,0,era_block_sample,
0x031ce360526d6be64a3ed1e50b32889e1c7c21c5,0,era_block_sample,
0x563d1549a8a735ec6d4065b105e10d4140aa7dfb,0,era_block_sample,
0x49509d4d2ca9aa2542fc505255a779da9a272246,0,era_block_sample,
0x12ff79c9e57af14de31bedc56d4d53cc75b87082,0,era_block_sample,
0xbc2426cb53ac54dc8acca380066caa4bee383916,0,era_block_sample,
0x891f3d71e5c20e56804fdd5e8b26ceaa4090804e,0,era_block_sample,
0x05aaed2af7208fe16eaa2e63bcda4e8661e3db41,0,era_block_sample,
0x4e3644f8d2bca01c6992a32eb4942f65972362a9,0,era_block_sample,
0x3e38d77e2f3a4d2517a200feee37f81ccdd7dfa6,0,era_block_sample,
0xaa7640106cb8eabd0189eaf122a520abff8c3c2c,0,era_block_sample,
0x4b88e050fd2f723fa6516816773192f9f0e28bfc,0,era_block_sample,
0x8576d2c0aa89a1cfa43e7bd29fba2d7918ea8828,0,era_block_sample,
0x064d4da5dbbdb922b1c3fe875f85837c7d9577d1,0,era_block_sample,
0xa323ea0aaa1f75b03c543f597e3977ecb2139f59,0,era_block_sample,
0x5676611241d5d3490e1e95321414b3369fbcb356,0,era_block_sample,
0xe1d27a212da1ea58f51e9f79642f79ce71e07f54,0,era_block_sample,
0xfe0e8fde4f1a0ecf0458476f5dfd0e201f582f3f,0,era_block_sample,
0xdbd4c23abe58dfcbd183dd9a94b9eec20705be50,0,era_block_sample,
0xc533a4e3350deecaa0bf0fcba92d4a6138013b18,0,era_block_sample,
0x9387837d147b7203a5add295d6a9e4a8fe1142d3,0,era_block_sample,
0xe76537daf0832662f6454365624b086b71e69a43,0,era_block_sample,
0x9fb83f8ec1066585acb9c3b9914f10f646c69c99,0,era_block_sample,
0xb59a11655dd30a6daee68fff5c796a1d17b4e112,0,era_block_sample,
0x8b2232c5006a7c9bcb7b52d07ad429bb71ae2c1c,0,era_block_sample,
0x4fcfed4ee92801abd168da92eae7b734a3266cf1,0,era_block_sample,
0xdf50f0b27441ab7acfa8d477ddd15f2df29da3df,0,era_block_sample,
0xb20518d3fbc6ac74a5b2c3e418ab447a8e86a8b7,0,era_block_sample,
0x6d001a515b8be4ddb4079e4ecbc1af8068a3c379,0,era_block_sample,
0x1dcf9afe63e32e7cd265260f2dc3a1ecfa1302d3,0,era_block_sample,
0x16b1a0c87e9c75f1f3c7023c8c164bd1872adff4,0,era_block_sample,
0x8f091dda17d81ae6a29582bb29cedf184f9b86cf,0,era_block_sample,
0xecebd30a95489e5baf7a2b32e3625c5e3309b7a4,0,era_block_sample,
0x52db2fdc13d8031f149cdd68f11bc2c98cc80db3,0,era_block_sample,
0x2e1a7354145214beaa0bc70d86eb7f79cc3c420a,0,era_block_sample,
0x9b2aa53cc47007443c44edf6edb15bec4d93ec58,0,era_block_sample,
0x8555d58f1ec4a1e379a381f7848f499a522708d5,0,era_block_sample,
0xff72ba4d89091bb44a47ea425573ee8512cf8de3,0,era_block_sample,
0x000042421b292f902acbbdaef7ddad826eb2e938,0,era_block_sample,
0xa97d5601088f6104b7ea744f9a48d7702139057a,0,era_block_sample,
0xe92747f28ac1e7744be64ad0503282158ea62bee,0,era_block_sample,
0x42dc966b7ecc3c6cc73e7bc04862859d5bddce65,0,era_block_sample,
0x2291433bdb8f0688b1d69479dc60e2341189baee,0,era_block_sample,
0xd2b273edaba7f8ecab47e103c7ef86854f1a2323,0,era_block_sample,
0xcffb9355a0a53d2e3f4e9211a8d66b73c9dd1ae9,0,era_block_sample,
0x61ee76da85e2b006f5e2cd8bb8dc9dc56c770063,0,era_block_sample,
0x27d978f3b52318fe1252cdcb105485f7c94eda70,0,era_block_sample,
0x9b9d2dd04c15405f80899dd5b4a8a5b2eb522799,0,era_block_sample,
0x83dbfe65ef14ad8537ca659a814a3577d08ceecd,0,era_block_sample,
0x2f9edf9737ab3be54876b1ff2c2ab5ab4536e1f7,0,era_block_sample,
0x14d43d83f5a79caa3be96efa9ce120e8ffca7a2a,0,era_block_sample,
0x317a5d88005fe642ee23e12d430b73e2ef567027,0,era_block_sample,
0x20195eb1742f3c8f71f1826b36b40beea13229a6,0,era_block_sample,
0x7c94dbebd3821d0f2ab818ecefd546145c978eae,0,era_block_sample,
0x15e97db60e1c06a954af6745dbf4ec853cfaa24c,0,era_block_sample,
0x80bc95cf4235493b0e4f46dc6f1c9b079d8e489b,0,era_block_sample,
0x167a9333bf582556f35bd4d16a7e80e191aa6476,0,era_block_sample,
0x828153f377571082d254a2a4a26bd700f75eb3f4,0,era_block_sample,
0xef764bac8a438e7e498c2e5fccf0f174c3e3f8db,0,era_block_sample,
0x42cec1efe742be293cdf8df2a89f48814cf084ff,0,era_block_sample,
0xd68cc94c79254c071fcb41b54fa764f64dafd22a,0,era_block_sample,
0xdefe7ca2c63659a06f355f55b744726b08f0afe8,0,era_block_sample,
0x086c47d16dead3b58d3263fa0de6b34a15377687,0,era_block_sample,
0xa34d480fdfc26d4021ea05df0076a8427de14a97,0,era_block_sample,
0xa51378a11576d4767368996be4b5e000aeea0ff3,0,era_block_sample,
0xd5d5e35d9e5de1907b4c0b3b7de0bd7b63c776eb,0,era_block_sample,
0x130e2ea84a98df7995c86a80347032daf6039b04,0,era_block_sample,
0x0402e3499c80399ca40ef0dafd98f2db6a15300a,0,era_block_sample,
0x17400e4c1fedc7f198085da12d71dce7992cc207,0,era_block_sample,
0xff1b9745f68f84f036e5e92c920038d895fb701a,0,era_block_sample,
0x88572674702de1ad93940cd1585425c4409d97d9,0,era_block_sample,
0xb9f6505c79f65ef3a20f58b4a1286c05175497d1,0,era_block_sample,
0xefe99acf3d12fdeff2c580e48ae17ba313dfaa94,0,era_block_sample,
0xb92f407b35424616e327d590960cb204521f4a98,0,era_block_sample,
0xe45da6d7de83870515090571bb557ec058f90e76,0,era_block_sample,
0xb36cbe7f95a39984384e6aa4068b02c1697ef80e,0,era_block_sample,
0x0c35303acf2c11316f4664dadda30fe0fa682768,0,era_block_sample,
0xf6484023fae04cfd238551eaf413a1339c3152f4,0,era_block_sample,
0x1343d72a10e9b0006ac3a662ecd6f849b71b61ec,0,era_block_sample,
0x0ae933a89d9e249d0873cfc7ca022fcb3f1280ce,0,era_block_sample,
0x8c78a75b2bb13b0f84fc0dc16f19998c7897b9d0,0,era_block_sample,
0x0b75777554d63b555f8ff73303f125deb203b382,0,era_block_sample,
0x1bc21c06f5f562cb1d05ef8aad2cfb4899da316e,0,era_block_sample,
0x000d4b94db7dd666b8a6bc445798b211a042abc8,0,era_block_sample,
0xb6c3e6a645f105efae04d3332d3af259868e8e83,0,era_block_sample,
0x840083e89c8290d9c8ffdf87e75b434debbaedc7,0,era_block_sample,
0x05be6e1f661dacd4630e1ebe2ffce5bfb962076f,0,era_block_sample,
0xec7d24a08f8edc5c7b3b602ca5c8793c3f99ae0b,0,era_block_sample,
0x9463fb2981c504c364ff0adc5bda46379e13e866,0,era_block_sample,
0xb18362ce32e1bca8ac9a4393286b7bcdb34da8bc,0,era_block_sample,
0x37cc7c56dd51fa87957c03e190bc397cd5517bae,0,era_block_sample,
0x32a23f42e965969367525b4618cbcbe655b0d811,0,era_block_sample,
0x8980956c712aad010a120c42a2d0886b77860626,0,era_block_sample,
0xda09cb5c09310242846bfe7f32a90f292af86ddf,0,era_block_sample,
0xda4e668dc9adb168c6a8db10da29fea4456a8696,0,era_block_sample,
0x64404c5a282c51b223a5e2dea83435e10b7e213c,0,era_block_sample,
0x99551bbb60dd6a590a1a5862ad246d1f54602029,0,era_block_sample,
0x3e7c303e51c397e2c568f36f9a8e06d41d86a346,0,era_block_sample,
0x815904c9fc78e48f2a59c8578b4e7a910afa4265,0,era_block_sample,
0x43739fbedc4bef32829e6091a671d3237fb737db,0,era_block_sample,
0x6429b6564711411d6ba9e079a8a1289083146f32,0,era_block_sample,
0x64aa5e18bd65db7eb7a64658d55ffaeebdcf1dbc,0,era_block_sample,
0x944b17eaffc99e08651d478d8eae783418914688,0,era_block_sample,
0xf777303e97c7a6453978626da73083762c444d3b,0,era_block_sample,
0x7ed1e469fcb3ee19c0366d829e291451be638e59,0,era_block_sample,
0xc93a9cab33975869e94f458ce590de4643d102c4,0,era_block_sample,
0xec5612d4b3d50af3825120c0ee3ecd46d1926147,0,era_block_sample,
0x19731aea6fe36249f926f927b42262009767214e,0,era_block_sample,
0x9744a6d197b587569a29870f46c707d62480a2ed,0,era_block_sample,
0x40f770af2bab89f11d88ef212cba5fb4e8d1da6f,0,era_block_sample,
0x2740215e5f139a589b021d8213a6f2f9d1c3dc86,0,era_block_sample,
0xf0996b086d78c61f49605b91425cb70b66c1b45b,0,era_block_sample,
0x4a06ee2e0d40bc15a7eea413855462dccd7fb09a,0,era_block_sample,
0xac0673040d5bd5fbe09e829fd5e2c2c01d6ece6e,0,era_block_sample,
0x573c8b812b21e8caf6fbe540b741c134843ed507,0,era_block_sample,
0x4ab8d10c415233676ac9a51c9c5f81d4147cbd8c,0,era_block_sample,
0x771304878ef786278d2c2bcd6ba5d63c9f17dd2f,0,era_block_sample,
0x14095d5267dd2cff5967d298ed93408ccb23183c,0,era_block_sample,
0x6705120db9fb682dec120cdecc8220385d25fc50,0,era_block_sample,
0xb7480215192ea51f5c8696d8d5be190700ce9f06,0,era_block_sample,
0xa0f939965e18e969ddabab056e81dae2e2e7df4d,0,era_block_sample,
0xe30e69ecf545a2e5018caa878f51964a340c1fc7,0,era_block_sample,
0x6986399463d2004d45ce4aa0ffc3b0404d044dbd,0,era_block_sample,
0x340aa51715d24586af88963241698849723c55ee,0,era_block_sample,
0xcd957fd3f42239a1b7ef41d7a2a931a9ec7b3057,0,era_block_sample,
0xca72c668b6aefd93ee5b7c38658ef010474baf01,0,era_block_sample,
0x0b11b756ae2851b5bfddba8cf9dc4e196357577f,0,era_block_sample,
0x4bb11de6a69d1d60c22e60214878ec589df984a2,0,era_block_sample,
0xc49575321d915373a3a265883936fa9d40a1ae3c,0,era_block_sample,
0x876eabf441b2ee5b5b0554fd502a8e0600950cfa,0,era_block_sample,
0xb16dc534252e1bbc5a5190e7225615360d1e27eb,0,era_block_sample,
0x58e2ef7c5880b5da273aaa85c7bda7163d307a81,0,era_block_sample,
0xb18b75f0883fe54567d4b5e861d88ecd4235f523,0,era_block_sample,
0x1d9fe292d0c208eb79f13cc2166a529a18552ec2,0,era_block_sample,
0x7e41b3be33656f861398e9c317165161dd7d44e6,0,era_block_sample,
0xe3b0ae0428be18e69f3794dea9b28b1e6be6e304,0,era_block_sample,
0x88e18c94a85dbd2d0974d70eac41c9f730aa6553,0,era_block_sample,
0xcf132dec338654c20e2bd9ec2c64a6837b2ca22a,0,era_block_sample,
0xc399d0eb7567d3f7322007173079c31470cfba7c,0,era_block_sample,
0x01f63a45182ace726f6688e97a8090a4afd3186e,0,era_block_sample,
0xd43462a85fe06fbd0471347d9ed3967f374cc19e,0,era_block_sample,
0xb4474e800b90fc9357e3997b7a4168d465c8e791,0,era_block_sample,
0x06dd03830308c0ffe861bb38392bac2b2651f128,0,era_block_sample,
0x80ac31028547b74322062f720fa4f9d85f5d4358,0,era_block_sample,
0xede87f62d3de51b918b8818a6cd8dbef86f89bf4,0,era_block_sample,
0x4672da5b870aa7fedac2539abe692dd8beca0343,0,era_block_sample,
0xd904a317e73f6339692c81b1c9301872c1221eb1,0,era_block_sample,
0xa0bb4ba19f578a63fa3f67adaf7bbca15ccadc45,0,era_block_sample,
0x822c46ac679daefcf0469fd8db510cc4301173c8,0,era_block_sample,
0x5fa4a011669597f84944050d6fa062789d3fc254,0,era_block_sample,
0x37d9be620b29cdd376af7a50ba24909557aa84e5,0,era_block_sample,
0x4d468cf47eb6df39618dc9450be4b56a70a520c1,0,era_block_sample,
0xc4f3efe258b13be0f999ce68e36bd8b46df7ffd6,0,era_block_sample,
0x790130f69a08a9e162e79879cdb8636495afb476,0,era_block_sample,
0x5d7ab46fb3e00fb3baf7a91a6235c7b41a888581,0,era_block_sample,
0x0c4b94005b6c24ab3d6d50d959f590cb96cf1495,0,era_block_sample,
0x777f415324d56e1d54fa832902d8797db7a4c57c,0,era_block_sample,
0xe0cdfd83fe2a7980fc152a586fbb458b7fe81bf7,0,era_block_sample,
0xad29b73216ec1a063a1f3e9454c6bacbb74d35ee,0,era_block_sample,
0x22ef97c9b4b417b2f903298b5d719708833f1ee6,0,era_block_sample,
0x2bea1d102ac6966b62fe78fa563499091d5a23ee,0,era_block_sample,
0xc443d109750ccab0865635f9d4cb9ce315840b07,0,era_block_sample,
0x4c2e9cc14024893db372987d1f64514a100cc3ef,0,era_block_sample,
0x9f4401c48f130f486cb6986066ff5ec71058272d,0,era_block_sample,
0x8d3d2fdb4da6a66cda56f5228dd49fdd84654433,0,era_block_sample,
0xe3d479b5f01b332c45ae5e894873d978c396681d,0,era_block_sample,
0x2f1852ad2454ed621933870dd2af920d1c93ac9b,0,era_block_sample,
0x630198c11cf9de784f037af6efcdeb7755c4f63a,0,era_block_sample,
0x03e818dd4db79fc3269d49d840ba19363b17f6cf,0,era_block_sample,
0x9779954499cb75318dae5dec18c6f8be64d5752d,0,era_block_sample,
0x73e6a5d7552007060d8cbdd183ff6f6aa09ae3eb,0,era_block_sample,
0x713d8c92a8aa0a6b36d35b3e8fae1a21e6df9113,0,era_block_sample,
0x60a9557eae19be90645420d9452b2154e053ea73,0,era_block_sample,
0xdaf240925e52fd5cbb30417eee893c9746cca9d0,0,era_block_sample,
0x948fe23da5e168e530dde7e09da18a5a230598c1,0,era_block_sample,
0xc4a2a202406e8e33d0f595313c4f3e250511bed8,0,era_block_sample,
0xbf8cf3a51a7c99b788fceaf1110f642b8a078c3e,0,era_block_sample,
0x086670e48aaa0492447f673ee8cf74cf976f4c86,0,era_block_sample,
0x7c38913927df723c1f0740ccae836fb121f87dae,0,era_block_sample,
0xe10eb8bfa86a1f178fb1168640e931a32567402c,0,era_block_sample,
0x6ffc6809107fcdc90f4cecdd2e542e76a1532e7e,0,era_block_sample,
0xf5fa80a87740e04b2f334b539f28b193b54a720b,0,era_block_sample,
0xd2efbb03e67ed8a17fde6cc32d1f757cffdcf49e,0,era_block_sample,
0x74bb8a28a0e9f2ea3c2eb54b84b41b6a5775c4a2,0,era_block_sample,
0x5687eab127f2ae0556ca9281da7730473c565819,0,era_block_sample,
0x3c9dd5de1eb9da9fb39931136b4d490a558f0021,0,era_block_sample,
0xcc47a6be4acd25f3b01489b855b0888d4b7f2a0b,0,era_block_sample,
0x3abb41c80ba996e6c5b129cb2ddc98154a7e3a8b,0,era_block_sample,
0x09a4dd355f8778190b83b592bdbd86273b66bbf9,0,era_block_sample,
0x21758596375b5f9bf07e59d21c85947fac5a95f1,0,era_block_sample,
0xa449a18118f0f906af852f437226f148a77f28a0,0,era_block_sample,
0xeebe958d7796752f3f32e99f14ee6e89c4c006b9,0,era_block_sample,
0xb0e83c2d71a991017e0116d58c5765abc57384af,0,era_block_sample,
0xb81b29636d1ca7cef6bed0a619fb3447ebf0e63b,0,era_block_sample,
0x76da338b1f1687dfb770d7a62487ec85d7cd1e51,0,era_block_sample,
0xc9b4f7aba9ed24481e01d1960dd28d468329a164,0,era_block_sample,
0x4788aaa49a514f492c1e6e7d5cc4fecb92daa458,0,era_block_sample,
0x3bb8416d25b80af3fcd60b999acc725d45ff7e5d,0,era_block_sample,
0xa2381223639181689cd6c46d38a1a4884bb6d83c,0,era_block_sample,
0x79c7f56a687cbd22a535b134886eff9cca2d06a5,0,era_block_sample,
0x8fbde7dda264c08482f53019746eae0c746473fb,0,era_block_sample,
0x1612ab2b211a51c04e5870d0fb0f3fe024fcf388,0,era_block_sample,
0x3a99d4e3ebf8e8cc9d66264ad9e39f458d1cedda,0,era_block_sample,
0x095b05f9f9e4ee3dfe3f7b9d0f1909db8d19b26d,0,era_block_sample,
0x3974d816a969908a82428384c728fbd8faffbfe1,0,era_block_sample,
0x2a1c29d78dbc0e6959be5b955751decd7e862e6e,0,era_block_sample,
0xaf2caeae60d5ff3304a5da6edf6617c78f92c412,0,era_block_sample,
0xccbd08939e32564544827f37d6f65282ca2bae61,0,era_block_sample,
0xcba9db500aa1c76512db3c09ae631a0dea1e447a,0,era_block_sample,
0x3e60f7eec7b181618104c0c14a0abbdc0d9f6d56,0,era_block_sample,
0x7d6b5230ddb96ccfcf5ca3c0c7d030be1151b56f,0,era_block_sample,
0xff7aa3ff19cc0baf3a43cfe636cdfb1a078b4ea0,0,era_block_sample,
0x1b525f3e27a32357bddc8f0a03f2143eaaddd0c8,0,era_block_sample,
0xf916a329c958808d7329141c1d0861f81ccf0972,0,era_block_sample,
0x0d6b5a54f940bf3d52e438cab785981aaefdf40c,0,era_block_sample,
0x5d1d6840d27caa696bc014bc4d416ad3fd029ff7,0,era_block_sample,
0x50dd81c0c39cadbcc134c3dc6955ea63eda923ed,0,era_block_sample,
0x874fb661b9c704940f3c8ec0964f78cfe08e011e,0,era_block_sample,
0xdbef868e61566d6b50615c286495f50bde49a268,0,era_block_sample,
0xc24ff0afc03791e21a4993c02f166a0435c99537,0,era_block_sample,
0xbd0a5d8c3d945cad1ee62c0bb8f8612e4c88f143,0,era_block_sample,
0x0d0707963952f2fba59dd06f2b425ace40b492fe,0,era_block_sample,
0x343295b49522cfc38af517c58ebb78565c42ed95,0,era_block_sample,
0x8424cd0a16b5450d6994821facbfd1f8ae40341d,0,era_block_sample,
0xcdc64dc7fce2d803d127b946b4840e8923a6b5ba,0,era_block_sample,
0x08f68f10c02d7045fdabc4771e0931aa7c0c9df2,0,era_block_sample,
0xe9607e6cbd1effc0834b569c6d727791194bd7ea,0,era_block_sample,
0x51836a753e344257b361519e948ffcaf5fb8d521,0,era_block_sample,
0x8a1d9b397959bfe3a91f304e9bf4f33701c31a65,0,era_block_sample,
0x20a2c8de50248d93582b05400c509c79ff49c57d,0,era_block_sample,
0x86679f034b60b04761d6f6d5ad4302061aa3e948,0,era_block_sample,
0x40584168524a928ae43b4e83893f963e467e9d73,0,era_block_sample,
0xaf32d4341228afb5af3faf5d151c0881ca9ffda9,0,era_block_sample,
0xfc98410614040a62f9841bb6d803a90e04211008,0,era_block_sample,
0xb4ddb0674255bb9529c0178899ae3dea8ef16e28,0,era_block_sample,
0x6553864e2aa23b4225db65c1bfcb459ab82eb244,0,era_block_sample,
0x23b5fe88828c4ee241bf93784aaec8ddae7ad799,0,era_block_sample,
0x12dcb828854dbeb8252c681acb675715fcdb958d,0,era_block_sample,
0x2b985eb5a5b9e0bf97f305b0ec2cb463eb112ddf,0,era_block_sample,
0x5872b9ee0f855753a00fadcf6e1a470d97fd01d3,0,era_block_sample,
0x064762fecfe7503da8a98e659313c6c2625bf09f,0,era_block_sample,
0x53ad3e7647434b6d569ef9e1361b456ef6648935,0,era_block_sample,
0x9000824f71ee63a6b5abeb0e720649227a0a0172,0,era_block_sample,
0x11e917e9fb892133b1f0d99f49e5dd0396926e47,0,era_block_sample,
0x5439e2f42ce960f6ee54167e57267ea327c92b87,0,era_block_sample,
0x0a800f40c3cdade01bd812aaa4f68539a9128a1c,0,era_block_sample,
0xaa56d4cd5cb7489245015765312ad97d9b0df66f,0,era_block_sample,
0xf6a1ad73fbc37b63194a4f3e3f1351377cf267c2,0,era_block_sample,
0xbe88082792e2111d35059c245632ef48ed385991,0,era_block_sample,
0x2cb4e73e944929ae3a1b5633a1d035df6cea02e5,0,era_block_sample,
0x7bd01b7063c6bb0d9ee5142e8b72ebafd5efc9bd,0,era_block_sample,
0x6c959bcad1c6e690a60058968c0febcf6bdb5d98,0,era_block_sample,
0xc9e53b28e7eaac1168c482d0fd2a0b6e7b5dbe61,0,era_block_sample,
0xa3ad698c29188391bb76bbdc372d4699f39b0197,0,era_block_sample,
0xddb8c8575436891ecb4d21337f72c603db30f878,0,era_block_sample,
0x1e9939daaad6924ad004c2560e90804164900341,0,era_block_sample,
0x740d6d741711163d3fcacecf1f11b8679a7c7964,0,era_block_sample,
0xe41190ed3248026f7f1bfa57dbd058fdc075578f,0,era_block_sample,
0xfd2d91100c786fcb1f3e8103ca1880a869828b1f,0,era_block_sample,
0xe188862da2710b96383a84c9f910a89b3157d40e,0,era_block_sample,
0x6aaf5a71e751a2b12c6f64302ff0bdf6437df900,0,era_block_sample,
0x584bd164a4e0106c0717efce23c3c267224a2390,0,era_block_sample,
0x1c35ffd038ca57fce5f6562574e8c0ffc106c93c,0,era_block_sample,
0xed059bc543141c8c93031d545079b3da0233b27f,0,era_block_sample,
0xa9a926bed50dc038b20bb20de361e4c35aae51fc,0,era_block_sample,
0x270974ab374e024acfcec13da59d2a714c52b877,0,era_block_sample,
0x7136787743be968fe8e16f17995e1b69f0a43239,0,era_block_sample,
0x521183a29cb43e4af76d3d5ec0867292e2ab612d,0,era_block_sample,
0xc9ef7c203b95a2b4a57413b4f93c9b2ad7c0b02b,0,era_block_sample,
0x302203b8238986de8f694c007a04af0130f0e6da,0,era_block_sample,
0xd8a0596eabb37bb0cc5b696d9764d9568c0a5cc8,0,era_block_sample,
0x00d7a336731dc9996b8b742db69c77b3ef3989ec,0,era_block_sample,
0xc4e8e6047bbe9cc4da13ab165741cbbde03cb0e0,0,era_block_sample,
0xc973f51b473cebffdccbd936f06b414ed4983d15,0,era_block_sample,
0x45083c507882cb7b638f660762b28e2f1a504f73,0,era_block_sample,
0x9013773ea961b9bd2ec4ee7d0bd460ff696b2c0d,0,era_block_sample,
0xbe468934c782f1a3538c048d38588a3b8e28f061,0,era_block_sample,
0x8e90ca85c61a9aade7dc13bae01b86c13f973da2,0,era_block_sample,
0x4ef83d982816134ea71f779895f9f38a07135550,0,era_block_sample,
0x7b28223b422f21ac99df35aa294ab21bc5e450df,0,era_block_sample,
0x4522141287e8166116706554bcf6e5a8ea479dc2,0,era_block_sample,
0xe3171b7849970ed090778b7f4e63787b81ac918a,0,era_block_sample,
0x0000265868335a145c58a3fb25ec5400ab5b8bd2,0,era_block_sample,
0x9add8c567e300e1b4c93cd79f6ea4218d6fd1731,0,era_block_sample,
0xb400edcf0ec962d86be4160710f086c712bccfd3,0,era_block_sample,
0x43211ffc4db5dbd9adb3af3af87b585dd0f77c8f,0,era_block_sample,
0xeed16856d551569d134530ee3967ec79995e2051,0,era_block_sample,
0x88a80b35014fe7c33b4568cb818f2e16ba799b23,0,era_block_sample,
0x6edc681ffadcce2eea2198ca0d086ffc6d00d2f9,0,era_block_sample,
0x64494eda6077515b8b2adb97e5cee0ba9438e64f,0,era_block_sample,
0xbb19b2793b94dafdc0a635668342e008b601fb4b,0,era_block_sample,
0x2177df6d27998e2732351c010de2332a32e3b067,0,era_block_sample,
0x5a8b5574da32e6ff01ce4c650c103b2b0e9ff507,0,era_block_sample,
0x2e050b322643f10f7d92b2cb9ca2b4e6aaa216f0,0,era_block_sample,
0x1cc4be6d1e28d95bd8d5f1c8d47c568792b2c540,0,era_block_sample,
0xdd57fadf370912eebbced58345718c05363f8577,0,era_block_sample,
0xc33f1acedd2d9947d17b84ab08c9aca69ca6fbf5,0,era_block_sample,
0x263248c0fd04ebabddf7a92706459c3a14768b90,0,era_block_sample,
0xf62143ae220fc6873d5b592a7bb3d1bb1c9ee422,0,era_block_sample,
0x0ddb92ddc1bdca0e198457421b7d6b8ca1e058f9,0,era_block_sample,
0x19ee2662eca2e422061ce84f4a69e02c72f9785a,0,era_block_sample,
0x264061006671be97a674f583fd11b77f3b0015ee,0,era_block_sample,
0xc900c9eeefda31f2b3b3c32b4734b0545ec7e49a,0,era_block_sample,
0xb08e5fc0f35ca58bc1d38feaadd6b79301433388,0,era_block_sample,
0x8de8d88f266e9721bc640913a6efe9de41d877b1,0,era_block_sample,
0x44bf53f1bda83c64f29a61ed671cfc8ff7fa3b58,0,era_block_sample,
0xb3707d5a03660f5319ddc4865c8ad2cee15b9a23,0,era_block_sample,
0x168031b174d1380ecfb41733f1212625fd08644b,0,era_block_sample,
0xd7979eb41ef0a56972067d1dba9ac4333288eb28,0,era_block_sample,
0x3a8b4e6cd906a1a8adda768baf7da85471d07a43,0,era_block_sample,
0xbbfc88506c67daddacf02383496d035d82d4f076,0,era_block_sample,
0x9086cf23cad6c40873c18f1f3df4f6b2ccfaf2c8,0,era_block_sample,
0x2720f8b853bce09605538d2b5c4b95cec1ce9d5f,0,era_block_sample,
0x409fb60a5128e81f16886db281a38a4d2e198d71,0,era_block_sample,
0xf9c883e175f8e62689681252f648be7a252a2118,0,era_block_sample,
0x2efa86dcc24ed22390be407226e505df0b132cea,0,era_block_sample,
0x00bd1f96df54abe78d34fba23f2f4a5190c0e0b6,0,era_block_sample,
0x4021ad8a2b89f74efde89882d401bc6b332f6ed6,0,era_block_sample,
0x3ae2badf9bf4f4d99bccad1aab4bc036aeed8f16,0,era_block_sample,
0x8d5ebdf9d7107bd8c63e490fe616d4b89184807c,0,era_block_sample,
0x8feecc04aa38c67c87681d5901265140778f7b52,0,era_block_sample,
0x56b28b9a0b5a35629d4b12743fa17d56a2a32bac,0,era_block_sample,
0x5caf40f217a808e69ad519470c3ae56bb5a8c481,0,era_block_sample,
0x59def583b16c9e14f0d41778dd4155c9f74429b9,0,era_block_sample,
0x5f93e4f72367f9325c4669d95b16d86d1edc6689,0,era_block_sample,
0x413ccc5058b94784d5ac93ee480437076f1dee3e,0,era_block_sample,
0x417df1a646dbfa9189752422e4f68bf73e7bc6e9,0,era_block_sample,
0xc885bee974b2726f1d39f7921edf1fa226469d55,0,era_block_sample,
0x3b6a1a58f14f21994251039e85159a89bf90a295,0,era_block_sample,
0xf5328a71182b9b55619314d040ba8fdb2a36b119,0,era_block_sample,
0x357e8c80f7b11052061a4a0dbb15d3539fe18bdf,0,era_block_sample,
0xd0e42a0fd6905cbacb2deb00f3d5db89c0d9150b,0,era_block_sample,
0xad7e840d009ee24af7f0fb747e597bba6dfddc35,0,era_block_sample,
0x9a388b015191fabd37f2983de5ce3d915d1ed0dd,0,era_block_sample,
0xe69a334025f286478b6429eacd1857290455884d,0,era_block_sample,
0x687aeda127fd2bd4f374c73e3724bf9b7c7a6b9c,0,era_block_sample,
0xe6be46bd8f26c50080f3f87cbdb00ecad1725e0a,0,era_block_sample,
0xd6ed0c14a004f073c693749860ac7e1eb9af2b62,0,era_block_sample,
0xdd274a5cf9712e916ca9a17b8d3c4b733bba5f14,0,era_block_sample,
0xe8a6c59c50eeab5a66c906fbaf45a85e77128cc2,0,era_block_sample,
0x915d7915f2b469bb654a7d903a5d4417cb8ea7df,0,era_block_sample,
0xb4eeb72834b5cef137b807a8486098af1a96fc27,0,era_block_sample,
0xbf23b68ff20c411be5658595612f873d785f12d7,0,era_block_sample,
0x925ea5af075bde17811e4bcdc198dc5d3675e466,0,era_block_sample,
0x55a2ec79f810ba0849e93a084e66c1f912d9ffa0,0,era_block_sample,
0x3ed03e860b997a91b817abc50598a8acf4a60157,0,era_block_sample,
0x0f56a1eeb5d0778dd29de37680d0513adb4ddf62,0,era_block_sample,
0x45134fce3964f4c84b7e4286c4a8863a4a7d9e39,0,era_block_sample,
0xe03c23519e18d64f144d2800e30e81b0065c48b5,0,era_block_sample,
0x4d421c126490888740ae8260fd8304ea5dd519db,0,era_block_sample,
0xf8ea0e02f3b5f040c0e81417d3b911ad20f0d2f5,0,era_block_sample,
0xc23578aa3bb956d61fe8a34ac608d82d98957a0b,0,era_block_sample,
0x59a5208b32e627891c389ebafc644145224006e8,0,era_block_sample,
0xb42b20ddbeabdc2a288be7ff847ff94fb48d2579,0,era_block_sample,
0xc6f9348d66c3c5f4559c9f6732e5f5f21e4c7ffb,0,era_block_sample,
0xc79da09cf699e33b43001cd51ccfcbd940f2c763,0,era_block_sample,
0x54591d1411855e1fd5973e90b268e435c69424d0,0,era_block_sample,
0x6e069fadcdb0752af43de17ab821e752279dd5ca,0,era_block_sample,
0xf6230e7e98d2bbebf96d14888020e9c3e8c27d69,0,era_block_sample,
0xb84e78a950d2c1b9156284db77548316223c9dfd,0,era_block_sample,
0xa1ed9eea0c75ee4cc93d294cbe0cafc67378ae2c,0,era_block_sample,
0x74ac3966dd4eee680d00521716cc370497eb1a0e,0,era_block_sample,
0x8379fc96ef046ec38ce6b71fe9e0936681e44a72,0,era_block_sample,
0xaf90f9198a851075f7b0eb655f44212ddb7aced5,0,era_block_sample,
0x6ed3f167c82f839c052fac0e7f4b6ee416f50716,0,era_block_sample,
0xd78208a422bf0697dc2fde5ac0cd408f632c09f8,0,era_block_sample,
0x0091fd6da408b57d0b8eb18e08b408f5f2795e66,0,era_block_sample,
0xd670a0c022a9aaf2dc99ca6d1b86cca259637a77,0,era_block_sample,
0xb53c7360d7b7418ee8d57647ef59297e2c16e621,0,era_block_sample,
0x3f6da2f18ce077b065ac7bcae884bf439a222b35,0,era_block_sample,
0x28eb0ce7f78dfae3f98a1d6b59872b78f642966f,0,era_block_sample,
0x05dccecac13c5054434adfdad1da2e7fe9516d30,0,era_block_sample,
0x169eb5307cc6b8991dfdf383b4f8842efb481305,0,era_block_sample,
0xe086e216a480be819d9947e6f0b3eec1fed667a6,0,era_block_sample,
0x8d5de30461652cde44ebdf58bca5dd579eba5a95,0,era_block_sample,
0x1283c93a3376aaaff6425c71245dc283aef7c171,0,era_block_sample,
0x4bdb4dd2e3dae7bf18b666cb6805ec77ea5399c9,0,era_block_sample,
0x0fd081e3bb178dc45c0cb23202069dda57064258,0,era_block_sample,
0x756a68bda554e925d3054f95fab06f72bb04e3fe,0,era_block_sample,
0x776d4d1feed14ee47a46837b2b16624feda1fffc,0,era_block_sample,
0x3d1e6c24785a3eccf9050240d4dc89dfa313ea0f,0,era_block_sample,
0x1fddca316c45ee17209fbab32c2d533c40d7ab49,0,era_block_sample,
0x73295d3c0ca46113ca226222c81c79adabf9f391,0,era_block_sample,
0x8b73747c0595906e52469a772d57e5dae64c3c7c,0,era_block_sample,
0x557df24b95a7728d2a7bfa34556218f7ee8826e2,0,era_block_sample,
0xb6ff4cc130f993224c7a335ddc69c4cede2ec711,0,era_block_sample,
0xe3c274d2e2180afd89eda4d25320cff08aadb680,0,era_block_sample,
0xbf8441f4cea8e29bd6b4ef319335e99263945856,0,era_block_sample,
0x03adc79e8cdb9278c905c558fc54255c8cd9ebd3,0,era_block_sample,
0x3b670df9fbc5866ee356b426361d57911f1da682,0,era_block_sample,
0x6820511d43111a941d3e187b9e36ec64af763bde,0,era_block_sample,
0xc546105ee0fe2893e8d8f078e6f1de8752fd73d8,0,era_block_sample,
0x830065e4a060a6724ba1bd189bb920bc3661b743,0,era_block_sample,
0xba5a0e9a3bd02bbc500906ef73069871b7e55a76,0,era_block_sample,
0xec962fb1db3679c8f4807d60b4fc16c180b70b46,0,era_block_sample,
0xa89f02b37276a9abfa87aab0f1920a90547dbd49,0,era_block_sample,
0x1ebc53b8eed7b31b657c6cda1ea4a62bcda138d4,0,era_block_sample,
0x67ba5587921c5f635b7c22ab08e7eeeaf9cee9d3,0,era_block_sample,
0x7d377ca970b4ab1e861d85be149a6a80472959e6,0,era_block_sample,
0x3259cdd6e6e785f5af5364c6472de9f766b09b38,0,era_block_sample,
0xa774becc16cacdc6d687934eb37e43a532a6ddc5,0,era_block_sample,
0x38c0ad0adda32a0cef6ba4a757c0daa151ad7824,0,era_block_sample,
0xc8dd6f8d4ed7dcbcb177ee16f34001cd937d155e,0,era_block_sample,
0x44fcd444d21927fdc906f63a50bb2a4cdaba170a,0,era_block_sample,
0x804d8e791ad89ae985df54ed2d5a1fafb30d86bc,0,era_block_sample,
0x6d4b1518acb343aa439668fab2771c345b98e1dc,0,era_block_sample,
0xb0c8851d241285f78a8ca7f97bb09252d2387552,0,era_block_sample,
0x67b4368787df859e01593d39381f85d0c360fe8f,0,era_block_sample,
0x64a37bd10908960453460d6b1467fe75c1a1368c,0,era_block_sample,
0x547f45d37c92d29cf1b5d69a8673253a345ec2ee,0,era_block_sample,
0xbafc5b52c21a655d6eff4f496543ffcb105b7fab,0,era_block_sample,
0xd5475aa4479245daa033bfd811d3a17a20e3464b,0,era_block_sample,
0xfded075445ea402c59a68023422a42e532768861,0,era_block_sample,
0x270c842a78e4cb019f325c49bf487686eb93fcae,0,era_block_sample,
0x862bdc809d1b1985e467ae37c4a69d8b3df6412e,0,era_block_sample,
0xc325029467fe3c962e0946c6e29228f3a9b80278,0,era_block_sample,
0xcdba19e0e34d6ac31922b1c153d1f6c80bb03a60,0,era_block_sample,
0x9ddefdbeff938011f51055ed24b4b32f0c641238,0,era_block_sample,
0xa096b47ebf7727d01ff4f09c34fc6591f2c375f0,0,era_block_sample,
0x0742e46a92ac6754e4a82c76374a218d5dc8913e,0,era_block_sample,
0x9ee11fa364a94416f54c3b79666c0aedd6d77b35,0,era_block_sample,
0xd7b9a9b2f665849c4071ad5af77d8c76aa30fb32,0,era_block_sample,
0x5f4dd57882cd7ca0f90eae1fdfb4a8f06b3b1634,0,era_block_sample,
0x3f612da106bcdcc4412cfa3786a691f571f9fde1,0,era_block_sample,
0xd5d678f0c85aa92ef0d40edaf259db64fee021da,0,era_block_sample,
0x066ce106a247d72f7ce7ee4ef9e15ee3e78153ad,0,era_block_sample,
0x591eccd708a2f229a35d7a81dd9c0fa72617dbbe,0,era_block_sample,
0x67c160fa1aede16eb29c2a27be792cd333bab507,0,era_block_sample,
0xd5c448d9e952ba5e2dff9ef136acece2114d8d8f,0,era_block_sample,
0x5e7cb8c12eee653335d50a13d1de6c123c6d8777,0,era_block_sample,
0x7e1b96c2d0d79dfbd6891fe30ac15fddec9f5589,0,era_block_sample,
0x832be5966fff3192a089e649a020236cc03e0bd4,0,era_block_sample,
0x0276489b34b1701ea4f3f61e2e8c273e5b533090,0,era_block_sample,
0xa1f0b39e5fa529041c30bcfa5cb59a52e89f544d,0,era_block_sample,
0xb0febed47971f087695d66ea548599f722cd67a5,0,era_block_sample,
0x466ca6c200c1d8e076a87d8fb531137aae2a89f5,0,era_block_sample,
0x31f94d41c5ea8581cf99fd744d837c7627a91d91,0,era_block_sample,
0xadea208f0511770776e609be7837d423d8bb1fd8,0,era_block_sample,
0xb2ca9495f3e1972801c12a964fa344a6630f427a,0,era_block_sample,
0xcaf5503683595167a19d38b9f189e63749774680,0,era_block_sample,
0x50454767335b83bbd9ace6c03a7c094e17b707e5,0,era_block_sample,
0xd06a222810080823f416bd92901efafa8eb59af7,0,era_block_sample,
0x7d6d70a7521a13931dbdf10907387a3c1391e788,0,era_block_sample,
0x1761ac93c035dc0f5de7c557ee609c461c7d6a38,0,era_block_sample,
0xc9af68f68960a05e2ef9689a20c46d2f92692abf,0,era_block_sample,
0x2bd29f4633cc16507e5f3012e392f21b49f704bf,0,era_block_sample,
0xabaf790eb22618275fdb47671fc6eab57b2ee04e,0,era_block_sample,
0x0007f76844aadf041e7b5041466e4f0ae82f491c,0,era_block_sample,
0x151e201b90f8790568df0a2399d20521eaef4749,0,era_block_sample,
0xf93f37dca8005ea31cdc393e330b7cffd1bb9680,0,era_block_sample,
0x199c022dfd9bdc4fb4361c42b66eab5cc721ff37,0,era_block_sample,
0xa4e701b910049f4ea259f5e9b09fb4029432c577,0,era_block_sample,
0xc07cde22ef3a7c73b1e1a6e296dc99d2d8cff620,0,era_block_sample,
0xcb03bfdccb50c9f62ec1c728f264bf453e037132,0,era_block_sample,
0xa2e1ce1e012660a6bfae2612010a0a404faeb85d,0,era_block_sample,
0xdd46e511d1148b58fe98fc79e45ef246efddc35d,0,era_block_sample,
0x8eb4c18278c1d47f1da633a9b381aa26985ddb9f,0,era_block_sample,
0xfce78e0bbf1e54ee05efd990aeb1614d8f07a36a,0,era_block_sample,
0x0999171042f44059d207a206e4400c7767367a61,0,era_block_sample,
0xe6d62ba457c106ff1f15fc893fa61cf596faad0f,0,era_block_sample,
0x32118a3313b43721390d7af18314381d354488e6,0,era_block_sample,
0xbfcd90cf0bec0fcaaa5712693150097f9a37df68,0,era_block_sample,
0x5515e656b67d2ae9d15e30f803f5aff9274576e1,0,era_block_sample,
0x991e1a56b7abd1e5a22d62dc75e0595bbf4fc4b4,0,era_block_sample,
0x97a25c16c7abc4072887177744c95c8d390e23d0,0,era_block_sample,
0x608322e89c6b5b66521bde12a510b6ab6da6ae91,0,era_block_sample,
0xb31b856d5e69f37a56bc121f3fe1b333ebcd010e,0,era_block_sample,
0xa172fcb39cad5b60024b42be47ad8311a0d1ffe2,0,era_block_sample,
0xac6a1da4334295b6afc6853160af8f67a8820b1e,0,era_block_sample,
0x0fcb43835f11ca6c77ce21be6e8f781e54d9f6c3,0,era_block_sample,
0x7fc01cc07f45820a5ca709a95bd23986d24313da,0,era_block_sample,
0x46dcd25a517a77b3e52cc0f8627b1136cea093e2,0,era_block_sample,
0x2b5634c42055806a59e9107ed44d43c426e58258,0,era_block_sample,
0x45bd58b44922f43448071595fbbe334465edad4c,0,era_block_sample,
0xe1b5d4a21ad87e59826b400ad5fcf1e94f78bc97,0,era_block_sample,
0xf19fbf9771e8e08cc06f2f9d63a3e6dd11f0952f,0,era_block_sample,
0x7ed8a3392b5dbe7b954e9abd9c1ea649eba426c6,0,era_block_sample,
0x72578d61ff109b7703a9803b5e98b449f459f1d2,0,era_block_sample,
0xbb7357215f3d9ddf4b95f0c3514315b8a56aa166,0,era_block_sample,
0xc3dda50437604a1b1508c401e84af25d2f5a4409,0,era_block_sample,
0xf881bcb3705926cea9c598ab05a837cf41a833a9,0,era_block_sample,
0x182d248ca5774e2939d04878a40609faa6c2cb11,0,era_block_sample,
0x66c20132a57215a2de2364b9f36474393f139035,0,era_block_sample,
0xbdd8eec801f4f9c626ab98bde4450c25d828a733,0,era_block_sample,
0xd26dd2f0b882254f2a75e9f33cfc51c6bf9e459d,0,era_block_sample,
0x34b97804e41494af9eb15cfb2cce291d84ab1cfc,0,era_block_sample,
0xb4f11fd6f9a4c311a9eec2dc48714547edb0853d,0,era_block_sample,
0xf304f9533db79f102c13f016b3a3188dec3c0e45,0,era_block_sample,
0xbb2ca596c2494547bd95bd7ccea90a9e71008f09,0,era_block_sample,
0x71f01cbf74b7b095efb6bdff81a2dafa385e8613,0,era_block_sample,
0x03d2e1bcb280aa8db03c485bf66fff077ac35844,0,era_block_sample,
0x5baeac0a0417a05733884852aa068b706967e790,0,era_block_sample,
0x7d48d1375a25d93528160c78ed9a5308f738f4ef,0,era_block_sample,
0xdc31113dd4011101abc126c7e339717cd0af91eb,0,era_block_sample,
0x6e6ddb3fad9d354b9f63bd03de48d9da34435ef6,0,era_block_sample,
0x9e3c5da344d6304a1d8f9c1d403358729c4fe801,0,era_block_sample,
0xb1c4af949e711676618221fe3da2545d3771743a,0,era_block_sample,
0xeffb2ba4bb6f739a01e1890755851b29ae326dbc,0,era_block_sample,
0x01f488f7cea28e02f1b357d78c5518cba6924085,0,era_block_sample,
0xb5d735e5169502d5bc658715ba52a2be583c145d,0,era_block_sample,
0x35e0e7214dc72396f017a7fb217caac05fd5f123,0,era_block_sample,
0xe3031c1bfaa7825813c562cbdcc69d96fcad2087,0,era_block_sample,
0xe58bb8ee02252b4980c585cd0ed6db8ac554a751,0,era_block_sample,
0xce7c32f7ba67de9cadec1403f145914622ab324c,0,era_block_sample,
0x26d92c842da190b559165d86293d4b503f5e0292,0,era_block_sample,
0x9535b2e7faaba5288511d89341d94a38063a349b,0,era_block_sample,
0x603222c1f5d674ef0eb0ed01269be47b722ada4c,0,era_block_sample,
0x3b0bc51ab9de1e5b7b6e34e5b960285805c41736,0,era_block_sample,
0x1435657ef3fab712c1fab0b22ba0fda9aabacaf1,0,era_block_sample,
0xcdd88dfe4a4de618f1391e53df31319e78a35057,0,era_block_sample,
0x9eb7c7bc5c09e19d820426da3eaa60a2e889b872,0,era_block_sample,
0x0782e20bcd5d2835208cf5b8fc408f89af6c83e9,0,era_block_sample,
0xc2f9a9dd6f3e1bce3aa19d0d487540b5e7981ded,0,era_block_sample,
0x563b377a956c80d77a7c613a9343699ad6123911,0,era_block_sample,
0x9bd09d9c4feb1b41e4cca1906f03832640535e06,0,era_block_sample,
0x88d10dadc71cc9cf01be906412ccefb1322925f8,0,era_block_sample,
0x82f6f57d8ce6943a108874267af9001082f96fcd,0,era_block_sample,
0xa6611226817d534a346b7fc724013a52eedb5fa1,0,era_block_sample,
0x90216dee8d732a0712fa0c4282cc36f304da4807,0,era_block_sample,
0xeb574cd5a407fefa5610fcde6aec13d983ba527c,0,era_block_sample,
0x904659d7c2eebd5a3247ce36d1ada83570451e7b,0,era_block_sample,
0x100421b79527fc4d395b865e9704068aa9f11b6a,0,era_block_sample,
0x0b2ca0d98b02ae8a98dd73bbbd44717aee7ab8c0,0,era_block_sample,
0x22aba40fc379c552dde2415aff6ece55ae15bad1,0,era_block_sample,
0xf36b5cb19a4128be78b59b609276d8ccc14fa7c4,0,era_block_sample,
0x46a4c800484b47edf8867dee0ae2b077a1455d2c,0,era_block_sample,
0xa936d459f03f12adb30d1d4021695b7e71bc0c66,0,era_block_sample,
0x5141b3f4a6021b9b96d66714761709f76b49bf69,0,era_block_sample,
0xde7037c5441ffb16b7d26a6d9545c6b1cad87fe5,0,era_block_sample,
0x50d6ac840b08bfb4ee00a0072566e7788e252e39,0,era_block_sample,
0x6034f777d70f204463556fce42a04d6bf3ec5991,0,era_block_sample,
0x48340c71a345819c53a41c1e95311b0a16c0f7a8,0,era_block_sample,
0xe73db57275858d0124604d36448a47e9d9586f2d,0,era_block_sample,
0x53871c23523453988ebd6524fcb0ea29241ca4d2,0,era_block_sample,
0x003a83479413b93cdff43a375d80be269371bc92,0,era_block_sample,
0x0939a0cda13812428fd5f4c5f0ace5741b577699,0,era_block_sample,
0x732b196577c01b5137af3c5abc4b26e32420598f,0,era_block_sample,
0x8779dbd8c2c6b6f3aa9cf718c364ec45da70b062,0,era_block_sample,
0xc99541eb4fbfd67453216e226b1d6624ac17a01b,0,era_block_sample,
0x4106cf2ab83c71663adf109f88ad8c229a92efe2,0,era_block_sample,
0xb35b88c267d174abe6d0cb7cba86a0af64c2cb82,0,era_block_sample,
0x3c51ec50d9d440831230aa39e9b55d54384be3ac,0,era_block_sample,
0x443fda5b04504e9fe0f15ec770efc89fc996a2af,0,era_block_sample,
0x8d3b02a7bcc0dff60709a38d15d32813e95138a8,0,era_block_sample,
0x6cbbd990c24c1a16b48540a7733ff270a9f6b85b,0,era_block_sample,
0xe3c58e50b96bb19d32bb60bd06462c93108f8cdf,0,era_block_sample,
0xefd36dd8e2f8690520386b3b2c4ae30ad1ed1719,0,era_block_sample,
0xa887de40eb2fb315e810c0f5a79697ee8d5ee534,0,era_block_sample,
0x2b4139ce58bb794e5a54968ed144264992ce5bae,0,era_block_sample,
0xa383323776d04202cf0b336df4dc50aa15900dd6,0,era_block_sample,
0xfdb16996831753d5331ff813c29a93c76834a0ad,0,era_block_sample,
0xedb28541f714d8c80cbf76d2f202b15c270fd195,0,era_block_sample,
0xde359c9b25196e15c32b0755debb7b70e3c13d58,0,era_block_sample,
0x6d67cbbbafb023819cd41417baecb53a34269336,0,era_block_sample,
0xc68b5d7d31993a8d53512da7bd4a63e64d096497,0,era_block_sample,
0xcfca3e1d49f5053e76fa3eb910ce10e7b2d0aa18,0,era_block_sample,
0x33a1de12b9eab1087faa0f9e4b1eb253d5ef7962,0,era_block_sample,
0x17eec5f381f5d7d7a6600a35c3015e1f6f50590a,0,era_block_sample,
0x89b235fc37f29f7eb0529fd1939f5194cd42f16b,0,era_block_sample,
0xf9f33bc8e770b5347ceb2fbfb82a1f7001a4910d,0,era_block_sample,
0x89d34c69d0ac0a008a162acead77b7fcd05f6aa5,0,era_block_sample,
0x28411ac54983b5ed04af2d01ba093a89fe739b75,0,era_block_sample,
0xbd2991fcc8470566d77faa8640469a55daba3fe4,0,era_block_sample,
0x1811dc1cb75b93398983b3e9b6232e2afd9de74a,0,era_block_sample,
0x505d82dc936c5c39c1a481909ce507abdc627fbf,0,era_block_sample,
0xab5501a74291af79d828d0a82efed23268486cb8,0,era_block_sample,
0xaeec4882711ffcc3bcb4e266fbe59238c5137324,0,era_block_sample,
0x1b93129f05cc2e840135aab154223c75097b69bf,0,era_block_sample,
0x48e127c8e1415f1320b27b3d22a4b2aafbe88ba7,0,era_block_sample,
0x89ab1893f27609e6716a365697972a256d5d3469,0,era_block_sample,
0x41605430ad413ab87f06b62f9b53d69fa6aa4046,0,era_block_sample,
0x1ea2a5c703ee0ccfa46a857e3b23b52bc0428c53,0,era_block_sample,
0xc305cbf47408770443af139139aea5bf1a7e67ee,0,era_block_sample,
0x87e7040fc1c6b350ff502257c426e6827b300f48,0,era_block_sample,
0xfbe26da0e985087d28228defbdaa394713b0865f,0,era_block_sample,
0xf6f19188e01b1eb0e2d67993d3963afd4e4a1f75,0,era_block_sample,
0xfbec629e6faab86f36b45a1f9d9c1be1675212b2,0,era_block_sample,
0x94208db25b904e115a3c3aedc45a4615fed15543,0,era_block_sample,
0x5c9dfc17dbf2e5a8e61f1f2e5f6e7544ee46fc35,0,era_block_sample,
0x58801ebec6685d0d5461a30999fa5df91549a59e,0,era_block_sample,
0x7fdb5394f305e19de0fe42903a0aec79d540cfb8,0,era_block_sample,
0x6b41722a89204efb5d4fcac63f76e4c4ff1cd357,0,era_block_sample,
0xb4021b68255217cf13d81956e6467382bcc23ae8,0,era_block_sample,
0x2015d2facedbaf87347dfef8408ea325f25a04e7,0,era_block_sample,
0x8fc09fdc122ca3701a6383afaab4aa13e3fc4680,0,era_block_sample,
0x5c15a4df5996e106a6449b0d5b68fed7365971b1,0,era_block_sample,
0x0d6197e754ccb1e82bc6f3029005993c71307c26,0,era_block_sample,
0x7ebc1c8fdd3589dcfc389aee55e07682801bf0d7,0,era_block_sample,
0x404d8f703ca5e77d542bec94663ad90a0b39c515,0,era_block_sample,
0x9ae63ee2e8ed29f4a4edb982f918a33c2caf3f98,0,era_block_sample,
0xa6d3fdf423bbc578dd4d41220078475371626b22,0,era_block_sample,
0x712a9f51c6de80ca4361df9f8787a4b86e4c3bd3,0,era_block_sample,
0x0d4266de516944a49c8109a4397d1fcf06fb7ed0,0,era_block_sample,
0x4c376d7a071d508102173761ddf2b8c27f3cda11,0,era_block_sample,
0x05ddb083c342028cd6dcf4674ba432057efc3b37,0,era_block_sample,
0x1989f933b44dbec669ffa610acf66c540b29440f,0,era_block_sample,
0xa5c9fc8ec289bca748d57eb9789ebf6df1a66afd,0,era_block_sample,
0x87508cd49185705848fb6a7da0b3aafaa0073f8a,0,era_block_sample,
0xec54cefe6f229b9143b06a06163c0539ec7858e8,0,era_block_sample,
0xf97ae3e87f2a09e0dd29f5d15c7a981575f2ef8c,0,era_block_sample,
0xaf92b417b5fd7875094b6871ddc26914ea1f2151,0,era_block_sample,
0xdb484d5ea254530e205aba4faa25033ed5940872,0,era_block_sample,
0x784e422d027444bad60505a2d375cf37345105ab,0,era_block_sample,
0xfafc757de8aee6bb7392e7d4347ac18d8aafb007,0,era_block_sample,
0x3e6e52c5133bf137a038893d46016bbf35273743,0,era_block_sample,
0xbbefcc7cdd9aafa990f90838d6bc31834ab6084d,0,era_block_sample,
0xaba13e396bb03f819a9e805df25181f9aa697692,0,era_block_sample,
0x849544cb1be99c42aff035b72c1326213b3d7d85,0,era_block_sample,
0xcb4483ede40688094861df6bdc768e37f12271db,0,era_block_sample,
0x00841c8979eb7283b8959cfd64be7f908aad3510,0,era_block_sample,
0x7fa926a56d376925d253e10bde289a749a51be24,0,era_block_sample,
0x34341448b5439b514d0031cc6c389ec414bfd9ac,0,era_block_sample,
0xc837f51a0efa33f8eca03570e3d01a4b2cf97ffd,0,era_block_sample,
0x8bc3da587def887b5c822105729ee1d6af05a5ca,0,era_block_sample,
0xf745a371370fe56623148907ffcf0d7c9c4b7b33,0,era_block_sample,
0x6384ede05741a6d6d9d7de6e4f68e51fb0dc117a,0,era_block_sample,
0x5c97384ae16a83272510dd98d668c570f6d07aca,0,era_block_sample,
0xdb440f1acf95d3f5ed0b9514d94630fe8a0fdfa2,0,era_block_sample,
0xe90a880501c9b7a6e43b07f0dde712df7eaad0ac,0,era_block_sample,
0x999d1ce359692aebc26cd969a31d47d150128600,0,era_block_sample,
0x8608441c4bb50c869753716a64275ec0c69e94e1,0,era_block_sample,
0xedcf46bd67c925260b59bf6a364892b43d01646e,0,era_block_sample,
0x5e032243d507c743b061ef021e2ec7fcc6d3ab89,0,era_block_sample,
0x9e0b9ddba97dd4f7addab0b5f67036eebe687606,0,era_block_sample,
0xeb121261ea4c658f07ff58149e458bb7012ab2b6,0,era_block_sample,
0x6701e21124dd9e495d257ee351cf0096ca5e6d04,0,era_block_sample,
0x7ee202c551f0cf6841e96711cdd4d93c2455a93b,0,era_block_sample,
0x8dc8499e99b130074d85a1b133a4ce8745bee72e,0,era_block_sample,
0xbd1fe751a1d7a916e14c267a04e34afbc21dfd03,0,era_block_sample,
0x2a65aca4d5fc5b5c859090a6c34d164135398226,0,era_block_sample,
0xac9017281ec1fecdbf8134bdc095ea16e1dccbb5,0,era_block_sample,
0xb94d713ff9dcee9040c80105c906e4f632dca39e,0,era_block_sample,
0xa9bab2c7543162b1a725cf99ec3cb132e15cbd94,0,era_block_sample,
0x85412c7539baa02505546b97739d4877ab6fb945,0,era_block_sample,
0x84639d6f825fe92a8bc5502d169765840eb3b931,0,era_block_sample,
0x2716ae223a5604f686b18d0680ce459ff036a933,0,era_block_sample,
0x632fca97032e8a83b418a0c04ca8e3e03731a042,0,era_block_sample,
0x8271b2e8cbe29396e9563229030c89679b9470db,0,era_block_sample,
0x7d9fe21744efa34f482200a2d32d105354cd67b4,0,era_block_sample,
0xa2414ab5a6c51742dea8a3f85ad9505994f768af,0,era_block_sample,
0x5d30660834d8fc578158c5ba37c9b95a42d616ae,0,era_block_sample,
0xc5b373618d4d01a38f822f56ca6d2ff5080cc4f2,0,era_block_sample,
0xa646953ab7c95effa00e775e2c7a90715ddf4800,0,era_block_sample,
0xb5a9f1332c0c6f4cf25440d459e9d24e6b74a47c,0,era_block_sample,
0x397ac2bae0c2d96b158a153e9a356c32d57c6d6b,0,era_block_sample,
0x57440803794679d3f8d9e004d853009e0a696c20,0,era_block_sample,
0xc0cbd93be551016e000482a32c91402af64e587d,0,era_block_sample,
0x1b2cdfb8e42250e7e0805355badec9eefb8ac199,0,era_block_sample,
0x5db92960569eb370ef3e5c710795642165fcf1bb,0,era_block_sample,
0x66c3a0a877bb52eac56e8484b232b4a732b0e7b2,0,era_block_sample,
0x03ef451b2cd2b8595e3a4790a055b9b2a0aae9ad,0,era_block_sample,
0x3766973ae2b119707626dc4a32b9ac577348a651,0,era_block_sample,
0x639d9ba0f11ff73a25c0a26849d4d5a7175169b6,0,era_block_sample,
0xbd92c44b6b95d211ee60dc28efdde13f4f28ecb0,0,era_block_sample,
0x0cda6b10e83242857a8e63be452ac5523f861366,0,era_block_sample,
0x3d57ae70bf31388c1d2a2556d8ea1be114c0b07c,0,era_block_sample,
0x9c51205da591285ba2f064fc2baa0b80742352a7,0,era_block_sample,
0xb13aa546ec77c6bb0f85b5ca7159d92cd5c9d30c,0,era_block_sample,
0xa425df19ae609d76d71387dde1bccc984047b350,0,era_block_sample,
0xb10c8f6d5a3a99267fa2a34fbb66c94ba913ee0b,0,era_block_sample,
0x7db728f08f401ee95df23464b3d86806daedcde8,0,era_block_sample,
0x5cce61b0b52f2d0ff63b6bb78018b140898829e0,0,era_block_sample,
0x2517fc38131a1662bce8935ad1211d913bb28713,0,era_block_sample,
0x9686017ecab617932c8ab41f95f1bde3c02082a2,0,era_block_sample,
0x0d83b7203d9bd25573c8402056e7074ff4e2da72,0,era_block_sample,
0x8d84e7e93dfab2ae00d8b2500d3bdb29cb6a8f7e,0,era_block_sample,
0xd5e5d9884237c2a9abbbabe3374bfc74e7f84a26,0,era_block_sample,
0xda2545b8228623efc263e816bb023be7b45f107b,0,era_block_sample,
0x255fcf79316fdc17f6b8981637ad8c556ab1ebd5,0,era_block_sample,
0x689c56aef474df92d44a1b70850f808488f9769c,0,era_block_sample,
0x13563387f3b25215cddb649569907f06d8532013,0,era_block_sample,
0x8daa225105a1ce85e9fcd23547e480b6b440a939,0,era_block_sample,
0xbca8556f93eeee86f44829324fe306baba782b04,0,era_block_sample,
0xdd535b835df9e5c9053334b636dbae0f0b0a44fa,0,era_block_sample,
0x9d53f3980ce0aa46071448064e98d1ae341332f3,0,era_block_sample,
0x84efffebb7a9638ce5e95aa6979461b3bcfe797a,0,era_block_sample,
0x0a40992be4cc0c77a0c599c9fd072fcfd9bc914a,0,era_block_sample,
0xa4d463bc10902633ed17b4c3a3c81a6fce15c668,0,era_block_sample,
0xdad0357d8a8861570445eedceb14c7916cec5656,0,era_block_sample,
0x6edefc5b73efbd8aac5b2ba2422e2f210b37585c,0,era_block_sample,
0x749b77555132fa5ec9dedabe845bc6dbde0b8856,0,era_block_sample,
0x540e6bfb730b1b9735cef90dc5583123d6312b92,0,era_block_sample,
0x5f158ab61bbff3117698ab5c1531a5b6be13541b,0,era_block_sample,
0x36a05e708dbe6a21c6df7bad73440dcd1e9f14b1,0,era_block_sample,
0x231f7ab434eb45b4f3b36be230f731c85e9e273c,0,era_block_sample,
0x645d1dea6cd0470678d39c5b7799e6e19c3bb95f,0,era_block_sample,
0x3e29ce77e4b196af00c6ac54355f7b78c6879ab9,0,era_block_sample,
0x7ae17a0f6f8f02b5b6e76b327db15f91306194e6,0,era_block_sample,
0x3507f4ff93d5f92eef869d835b43d9dee08a4ba7,0,era_block_sample,
0x0eb638a9eb51a51546bc6c37f1e24d5942e1caf6,0,era_block_sample,
0xb8e1c51bd7e9087fcffe59ef3283a4636d0d535c,0,era_block_sample,
0x00b8fe1a1a2b899418702e32a96e276ff56a4d05,0,era_block_sample,
0xbd847892276b9567e976db070e07a361e55d2813,0,era_block_sample,
0x62c790e1062330bf96da33f4a235ba770e3bcb0b,0,era_block_sample,
0xea0dfae6d91c51e5076435ac04e262648193b9c1,0,era_block_sample,
0x8e731c8fab4cff2c04287d9b16bfbbe25a6fc176,0,era_block_sample,
0x95e7fdca3ce1a3a7f5abc608fad96176bf67e3c3,0,era_block_sample,
0xfbe3b9a14fa596558fdc44499d056c37b0a72e8b,0,era_block_sample,
0x5e6ebfef9824bf8768b54c05ee6707707bb2a64f,0,era_block_sample,
0xc8c4edec4f07ab09899ad6cc4f61ee06bd2dd006,0,era_block_sample,
0x0deacb9740f3688f46286ca670d8f0ece88c8ba7,0,era_block_sample,
0x5dbe4ce380270ecefc2d25cd3c60fdff1ac13606,0,era_block_sample,
0xc8256c1344910df8c0b2e0ea255ec41fed53fa63,0,era_block_sample,
0x5a9eb1c82ebb2e6025f1af3e7b14a74641439ec9,0,era_block_sample,
0x3feba790b920f98da2067dd3f0f1705aa1723341,0,era_block_sample,
0x2fb88d781cfda79b9a33953748dfec55e3e4b9cf,0,era_block_sample,
0xc501fbf302facd752f11c6f6fbc879e844ab16df,0,era_block_sample,
0x9add525b10edf90e7521a9dbc08e6c89e5df01ad,0,era_block_sample,
0xf1709af8fc4d3d1947f3315c507e0e8a380185a7,0,era_block_sample,
0x5d807e7f124ec2103a59c5249187f772c0b8d6b2,0,era_block_sample,
0xc533aad3ccc924b2f74a373e904d498f2be2264c,0,era_block_sample,
0x9ef5e5b673168f32c765519fef5b84dc73c763c1,0,era_block_sample,
0xe4df7ce2ba645d4fa4809bee22687898676e1ac0,0,era_block_sample,
0x1c698366b8f880efb47f59d737223994783e2a5f,0,era_block_sample,
0xa2919cf592d9a7689e509f030e4b14ed995ea7e0,0,era_block_sample,
0x3655675ab5d27978e12987d357d622601883e73b,0,era_block_sample,
0x2375d29f0b3ef02c5c5034a700054c7ab5c4109a,0,era_block_sample,
0xdc559d6fbe08a18d3f2cf6a633bf387c0781b87e,0,era_block_sample,
0x1da1a39dc1c8491a6332511bb3076e403814a2ad,0,era_block_sample,
0xf958ef6980d6143c0f4da40d581c9f0002750438,0,era_block_sample,
0x79a42638638f2cc85bf86ac1fb93650ba1338723,0,era_block_sample,
0xa9c564f4f57ed834e3ea02acf12bfcaea1f329e2,0,era_block_sample,
0x3eee2a586b3edb61b1f5edb38ba9ed0ab877ab19,0,era_block_sample,
0x7629f32ba2cd42efb24740ff52d6373dad5e1f38,0,era_block_sample,
0x1df3a127ed67c733fe3c08f3d30d98fccb2766ab,0,era_block_sample,
0x1b5563dbc0f2f8d72dd12de7988e628da0a37f1d,0,era_block_sample,
0x1c8d42233e39f7dfa7c77af56b173a241ef69b7e,0,era_block_sample,
0x219afbe42b201aa2ad0397b33a85875deecc9b11,0,era_block_sample,
0x146a6740ec4ae149e689c44f7b07ddbfe9c7abfe,0,era_block_sample,
0x490c8d7df0b726a594e3124954b32b73ffb98be8,0,era_block_sample,
0xc72048684f303a483798cf7240cc4d1175aa238e,0,era_block_sample,
0x3471aa2b9ff515427dac2b5be6eb0de6a490597e,0,era_block_sample,
0xdf95de30cdff4381b69f9e4fa8dddce31a0128df,0,era_block_sample,
0xe7b8f8729690c6518d2d581af4b3a6863bcdddae,0,era_block_sample,
0x057793b1e5a8d88f45906075f0790d7636853374,0,era_block_sample,
0xf8026479ea2a4a6f1f8390816ce232d30eb8ea23,0,era_block_sample,
0x9ec520d70fe67d3226fd8084dffdf7b7a2dc0fc2,0,era_block_sample,
0x2cb299530af0dbae6b0702695cfdc2fa06e86903,0,era_block_sample,
0xf3118818ecf340491938af664e68900c3ccdce00,0,era_block_sample,
0xaa42d944b84bd3fd56cc2b296f81a855280de7e5,0,era_block_sample,
0x5369b9fe6d9f6c14012e7d551539ab2990c42318,0,era_block_sample,
0x58738e8404913bcec4638de5ec77fa8efee73e47,0,era_block_sample,
0x12868792d1c071df62d5b30882d305bbdfd60217,0,era_block_sample,
0x2f155ddefc29c414c94b801b91f55b257231825e,0,era_block_sample,
0x74aea505fcb7d163455974f243451d6f910039c2,0,era_block_sample,
0xdead43577c24ea541fed879d66122d29b61fd2eb,0,era_block_sample,
0xd124a1f875cd267f82eb22095b95864b41312dfb,0,era_block_sample,
0xb298aa04352755f431249609e56ccc4a898a68d7,0,era_block_sample,
0xfdc61592e784b2e07085ee383e5c762a573d1e97,0,era_block_sample,
0xbac05c361ab98d8d0a1bf56704edc7a51e788d78,0,era_block_sample,
0xb26d54f27b1e97a862cb5f6634faee0cd4dedad5,0,era_block_sample,
0xf9c5fe837c35510997b4142422780b31ad6ad897,0,era_block_sample,
0xaf6eee97d6fdd7dac2fb06ed5e62f474dc796730,0,era_block_sample,
0x1443b9373b3feff49ba1ab0a9328b45310a89706,0,era_block_sample,
0xb30322cb6507f4dfb940f484cf4e1ae006fb0886,0,era_block_sample,
0xf685059158b80376a863d729b6806cdded1e726e,0,era_block_sample,
0x0363f4abe7e27594b3181eb532250bdbbdd51ceb,0,era_block_sample,
0xb729d8565be3e7e1f155eb4a1c461160d7534897,0,era_block_sample,
0x2b6489aa54cbe16bd87db4d9dd1e190ed2ebc677,0,era_block_sample,
0xf35925de7d4326fe5b50173eb65184f57822d53c,0,era_block_sample,
0xae39289f14763fe425bf4938d545ea2cf5cef6fc,0,era_block_sample,
0x609168438484ae6c66d1ad1396337d8ebcdc9d1e,0,era_block_sample,
0x5e275ba232ed7e89cd7358292309a44570d9e773,0,era_block_sample,
0xf88a3430860a3721ce70fe37a9b27049ae9ba10e,0,era_block_sample,
0x2503e40fde2c3d859cee7d22eff5d9c7cd722b8a,0,era_block_sample,
0x68370fc64e2819b274a29fd135fae9f860ae2617,0,era_block_sample,
0x649791f5cf3540d93274ac5ba16cfeebef745077,0,era_block_sample,
0x37dcf41b16a7bf152a7f96e244563fa699afa102,0,era_block_sample,
0x125fca233d885ac30a5554cb4f3e2447dbc9c759,0,era_block_sample,
0xabc6f39c22e706be2c1e2d22917b896db8423e2e,0,era_block_sample,
0xd2712f74d6bb897124eded1a29734f0d62275cca,0,era_block_sample,
0xfe001e973e1cfce58e4c9ef073ca10a7dbbbaa74,0,era_block_sample,
0x66b397b0d31fdfc6f807348398107639b2c53f11,0,era_block_sample,
0xea3eaa4eca7446e9cde171cc43d2a1ea938e7c96,0,era_block_sample,
0xb9326d8a2302441674715ab68f8a5468b10ffd4f,0,era_block_sample,
0x30b6216c7b2bf87a997bc9a89a134bc8800e59cc,0,era_block_sample,
0xe5ff5a2cc30a182f0de83bb94f98a9aab31f6356,0,era_block_sample,
0xdcb04ead3c8439b7c740bc30b84cdf11ce236aea,0,era_block_sample,
0xd8cddce5e5e2169af090e7fc7d4025c9c3e0fcf5,0,era_block_sample,
0x186326415c773a271e025f68d120619545512285,0,era_block_sample,
0xf36052b4a716e3a8479587c59a6b7b1167ecfce2,0,era_block_sample,
0x4a06a038308f95bfceeaaa6fb421724303cf900a,0,era_block_sample,
0x321b82662c4e61bdafd397bbbd34d6574b48ed84,0,era_block_sample,
0x0360c8e28b52635c701a9052601faa9c4929ef62,0,era_block_sample,
0xed9878336d5187949e4ca33359d2c47c846c9dd3,0,era_block_sample,
0x9af0d6cb502828c921856535b7caa58fc69631cf,0,era_block_sample,
0xf0cbd15ad05dc607c5dd74cff6eddf8c7587ffa8,0,era_block_sample,
0x120bb04321e5b59a59bd29fa7cb245b503d7d7ee,0,era_block_sample,
0x9d96b0561be0440ebe93e79fe06a23bbe8270f90,0,era_block_sample,
0x3238c02f8d0e68cd5f6d0b5c035c16ce231a89a7,0,era_block_sample,
0xbc1de0b531a0d5ea67c7a559281aa0d59c788511,0,era_block_sample,
0x4cd6fddf7565f2ff013bb3dc1bc10765bce2a5eb,0,era_block_sample,
0xc8e1c88020609131e96200cdef2e5541112d7c7f,0,era_block_sample,
0xc245b59739b0628aaa855212eeeb751d75f46f05,0,era_block_sample,
0x0f3fe948d25ddf2f7e8212145cef84ac6f20d904,0,era_block_sample,
0x09c98322d0c8db068af0da4349ea0faee2384f53,0,era_block_sample,
0xd3bbc7eacba223291c3520e8722a301c70c43dbf,0,era_block_sample,
0xb8b65a2c5f567b627f6de37a0b145166ac0a9f28,0,era_block_sample,
0xf726dc178d1a4d9292a8d63f01e0fa0a1235e65c,0,era_block_sample,
0x9f11f1d6d794d2c740f81df84eb1d141079432be,0,era_block_sample,
0xdffd8040fc75dfb0849005e5aca6b7e5d2c02dfa,0,era_block_sample,
0xb3aaaae47070264f3595c5032ee94b620a583a39,0,era_block_sample,
0x39f6e2a5dd53aad08f19837433bd4f63ef70095f,0,era_block_sample,
0x538b8bc7fb6e259cdbca06d616c1234761272dbb,0,era_block_sample,
0x5df45e0f2803b0f39a2f951c8bfeb333ef8e55b8,0,era_block_sample,
0x769b0589eddc5f1155c5e8ece4e35553a0f285af,0,era_block_sample,
0x5be1bfc0b1f01f32178d46abf70bb5ff5c4e425a,0,era_block_sample,
0x89c136d2bb8f1877ee35e05eb6cee14fd3de9b65,0,era_block_sample,
0x462630a5149277dde9d178720b308aa262356a69,0,era_block_sample,
0x59251663b1709f8ac4fc7fea5619aa6925d0e56c,0,era_block_sample,
0xfd8bc644894f989ffb8e7fca5cb982bfd9220f46,0,era_block_sample,
0x442a2258ddcadd38ae38b8653b05d5c99bfaa27c,0,era_block_sample,
0xa8ec9bb24338db3aaa8a1b592e875cc89e5cf952,0,era_block_sample,
0x3509f7bd9557f8a9b793759b3e3bfa2cd505ae31,0,era_block_sample,
0x898882057027bbba5e400f96b4dcc8b08d3c3060,0,era_block_sample,
0x18eff54fe2df114384652cc7a4d0b749066b870e,0,era_block_sample,
0xcdd95fbbb8b56915f4518d39a7cff4f7832c9c42,0,era_block_sample,
0xab2999432d7b2565192a595dbaed9696fcb933b5,0,era_block_sample,
0x00982b291972453a154385fd33dd52c3c7944142,0,era_block_sample,
0xd5af66b5c817f0f0f094640b83885a1cdda5fd14,0,era_block_sample,
0xff8dfb8f862d24c4a7b5423db5b077826b5758e5,0,era_block_sample,
0x517c265f45eac01389dbb3045206c1d07c7a178c,0,era_block_sample,
0xa532d7343621448198ca33193c622013df8d24f6,0,era_block_sample,
0x59b91457a548dd6e77f28f97e2038c51ac333290,0,era_block_sample,
0xf72899acfbabcd70985f915256c3813143378836,0,era_block_sample,
0x5362e54273fd3df42fd62b3bc93384925632c827,0,era_block_sample,
0x3d331ff700c9082744317e9ee96df8be3eaf55da,0,era_block_sample,
0x01087080dca984b607e1ebf263330431f979e528,0,era_block_sample,
0x82f7312c145ba9594c231cf2c37d955af3496cf3,0,era_block_sample,
0x7fe2b88f2e4858de375832fbf54ac7cf1a78ca51,0,era_block_sample,
0x98362333d037a60f4cf82b58f4d6486fc2e06603,0,era_block_sample,
0x33a3ebaf209f0e50c3e4708e92848382680a26dc,0,era_block_sample,
0x203154b886e9c6948bddbce27484bf2ffd402ea1,0,era_block_sample,
0x1a8f8122fa84c664ac105607eab99b2e5ae7c11c,0,era_block_sample,
0x2eed220881a71f485f244228d2b89b2cbf1b4ffb,0,era_block_sample,
0x000000060d5f3af420ba8ce05d7b6151b62931e6,0,era_block_sample,
0x4ac93bf40160c80501d2014146700657ec4c81bd,0,era_block_sample,
0x88fdacb2f662e100980b1af72f2b6c86590370f4,0,era_block_sample,
0x48b6ebbb760ac30a205c3aa9ceb34780019a137d,0,era_block_sample,
0x26588a9301b0428d95e6fc3a5024fce8bec12d51,0,era_block_sample,
0x326926e4081f9333af18d875152b3550d4c843ed,0,era_block_sample,
0x8ecf10247f1adbddd4c693e614a4fdca88c6275a,0,era_block_sample,
0x3cd318127131b47581ed744dbde776511797d595,0,era_block_sample,
0x19bcf6801af9e6e42aeaf3f4eb05121975581ec0,0,era_block_sample,
0xd8fc6ea94a39ed01bff3f0dff37f2f9b1b321647,0,era_block_sample,
0xcfb95425dc80bbf0805d41b7b9633e4ac9156f99,0,era_block_sample,
0x3b40b23dd9585ad50a940671eb4db175f2ebadcf,0,era_block_sample,
0xa94dce51ebe78b9a0a215915965dafabef7373d2,0,era_block_sample,
0xa830d71fb51af2773ce5307a4ff98b3de2dbf9ff,0,era_block_sample,
0xc554ec868e5aaa288c11e7b75e74696a2a24c3dc,0,era_block_sample,
0x8f92768809d27694e88ceeaf4a4088a788465886,0,era_block_sample,
0xb68704549cab20de1fadad34d27a86ffabb04a6e,0,era_block_sample,
0x78d2f62ea7433bb47e61d53791cdeb99dccb5e56,0,era_block_sample,
0xd05d9fafb526bf4b143ed031c935f27c084a473c,0,era_block_sample,
0x1842fc31712bf927d4f33ac4933976e2e1dcfb52,0,era_block_sample,
0xb357fc52d36acba49cfedf8487e87ae898ff4254,0,era_block_sample,
0x8efc337a1e5748f28d819dff77f14f65356345b2,0,era_block_sample,
0x38a51df0e5c19ff6e968b4fb86025d00aa237fd8,0,era_block_sample,
0x9ea562212664c7f67f948129a839df15796cc1e3,0,era_block_sample,
0x07045df5c829293a218877ca5a6879359ee2fb4b,0,era_block_sample,
0x1405cbdad3d9d76d84a63104f777bb6acf3cdb82,0,era_block_sample,
0x57fb90b946a9027b42d782e2d00b9a1d7c752821,0,era_block_sample,
0x99fd6327eda3612831590660663a1de0af2dab7b,0,era_block_sample,
0xd6abff7b8b58759d9d54087a9061ac0b1970a011,0,era_block_sample,
0x0b809dbaa1ad1309ae1df71493a8030f415a1c68,0,era_block_sample,
0xc234cdd20c6192fd5de32bfe029d1f69cf9dddf4,0,era_block_sample,
0xdf2ef91c1ab5a7b71ba7e6fdca3bc4aed9cffb64,0,era_block_sample,
0xabae0843aad44eff7440a4d5ab431cfa557250f5,0,era_block_sample,
0xedb01c3d8fe622e33fdaa3ad40a08bed1b3b8f25,0,era_block_sample,
0xcdc6e6434c6f43cc1d2180b9c88d040508a61a49,0,era_block_sample,
0xcd9b32d2b9d917777bc5dc351349375859b9570e,0,era_block_sample,
0xd1acdc1c04d4fcae3238e6b8669c58892efffd6d,0,era_block_sample,
0x9319ddcd58c8e9657a9bc039c5f5c184fb9c814e,0,era_block_sample,
0xd56071c1e932ca4d4171f731d0ed077aab5dfa9f,0,era_block_sample,
0x091524e3b4ef0ac21b3ef680fb22b664870c71dd,0,era_block_sample,
0x5c9fa71f76790933c4aedda568e0ac7f7e7a911f,0,era_block_sample,
0x5173829b2daeac6ffbccc10e6b351d8380c14a9e,0,era_block_sample,
0x98f914649bc4817c0792aacd0aeb717d89f01096,0,era_block_sample,
0x9876999218435d2ea3f9a87342fb7708463521b8,0,era_block_sample,
0x2c5c8f5ec6d1f1b240a18e63e76916d7e4d8e34a,0,era_block_sample,
0xc3f6248eaf693bdbbfe3893c52ee2a4cb8afa119,0,era_block_sample,
0x0f3bcdb64698e3b6732f55a6390082a9241399ee,0,era_block_sample,
0xe4c23d709835768369671bf642d1baab1ffc53e8,0,era_block_sample,
0x8bf39c70431e64027d36f1cea65d309b6d7c6c60,0,era_block_sample,
0x1ea4b83faaa816421617979c2488a5219da8ee22,0,era_block_sample,
0x3b07bc12a3392a979ee9b8e301dafc6592677116,0,era_block_sample,
0xaeb692e75e5a9f44a54f76ec92a94f0a074a59bf,0,era_block_sample,
0x1eb181294317d2308426946970253266fe20bada,0,era_block_sample,
0x903bc5189ea73cfd5d8cf2af617a066b319816cf,0,era_block_sample,
0x505bdfa9551743d6df68d1f07d12462827eb7874,0,era_block_sample,
0x1b0dff20922e219276ff0a3496afdc02d92948a2,0,era_block_sample,
0x23ea2aa3da17d3db9ca3b3fd5d0022ad59920a86,0,era_block_sample,
0x0b00010919f2add219057db7b9b0e2a134c196c8,0,era_block_sample,
0x5c488f2058c50274f9c5fa6c884b4a09d6f936b6,0,era_block_sample,
0x1aaa94162edd8eb0de7026d2d2efa65bef34ed49,0,era_block_sample,
0xff6d62bc882c2fca5af5cbfe1e6c10b97ba251a4,0,era_block_sample,
0x2b3328ec7af3efb494330d01cc7876eaeaaa98f8,0,era_block_sample,
0xff0ba7250a8274ade1f6bae527da5d37590d20ea,0,era_block_sample,
0x3b346623cece9e6355ce31bf1a55064574db0af4,0,era_block_sample,
0x4e8c49fab23532ef2ed14058639f55cf45bade1e,0,era_block_sample,
0x629f8d4e8fd65e33177cfe1f9b21c9193ce71252,0,era_block_sample,
0xeed7f92da9883bd0be475681f0a7a223715afd03,0,era_block_sample,
0xdbd67083fe38cf27773ddd33a90cbfe68b98849f,0,era_block_sample,
0x3e65303043928403f8a1a2ca4954386e6f39008c,0,era_block_sample,
0xcc83dc5a37d49de4562019560307ce724a975d5c,0,era_block_sample,
0x3f45616cfb992988943ff3ba00e8c0aa46b4540a,0,era_block_sample,
0x37139a6ae97f259c8be08c262583805dcebb978d,0,era_block_sample,
0x268a5797e3cab775f74087193df9b30bb3e9abb7,0,era_block_sample,
0xa7a7899d944fe658c4b0a1803bab2f490bd3849e,0,era_block_sample,
0x6d901123f124e22367a7d901cdf68c721994a41b,0,era_block_sample,
0x66392de82fe3fbd3a93a3f44982962f29c371d9e,0,era_block_sample,
0x01589636c7aca900a998b05decb5dc85f84b489f,0,era_block_sample,
0x0008f9b13896c93c048e09a2e2d0d6be0d92b865,0,era_block_sample,
0x4e667ed19fbf4cd37696d90f5de3f4aeada9599b,0,era_block_sample,
0x008b38218b820b293a0f9091dcaecea4cd918da4,0,era_block_sample,
0x5318a736ce80fac9f5a55db1f544247ca762b2de,0,era_block_sample,
0xfef8097b6b7ec3309983c56832082448f28e7823,0,era_block_sample,
0x274f3c32c90517975e29dfc209a23f315c1e5fc7,0,era_block_sample,
0x254a467203d3ec1ad1105d644e34d4ee47d9f6ec,0,era_block_sample,
0x8f72dd93a74a961736e967572ffa11e053fd6b37,0,era_block_sample,
0x966a8bfac6a944a3b66797b2f13787502b784bf7,0,era_block_sample,
0xa20d2986794dcd8cb3950aafdd6c8291d45d3a33,0,era_block_sample,
0x0088500717d2a9c18060dbbbeb564ef2096579ff,0,era_block_sample,
0x26112b98392c806d44661c34065a32d39e50c79a,0,era_block_sample,
0x89ee3fa4c25f3ed3d23baded4e7c1d024583438a,0,era_block_sample,
0x0fc1c25b450e94a9acab987927c185840fedeaf3,0,era_block_sample,
0x2ad7cb7ce3b5cbaa02481e416d85f5954748d292,0,era_block_sample,
0x018bd90ba4dc0273ba64dbc0542cf7ee7e869620,0,era_block_sample,
0xb0c10a75960f4f06dcd0d4b0385dca5ac9e0259e,0,era_block_sample,
0x8f3ab9008b1b3e1b4f3dc4c354e9192c1a3ad931,0,era_block_sample,
0xe08329736e2221de81881ecc73d5b103b4d01391,0,era_block_sample,
0x306c060a646b3ff24fc23d16a0000915fd3f8c8b,0,era_block_sample,
0x0211009a98c9a450920b560266a9102e0e1917be,0,era_block_sample,
0x0016bd4cb70bd98ca07a341da66450b5d22a55aa,0,era_block_sample,
0x0e645f2069aab67e1ceb541e04efa2552258ec2a,0,era_block_sample,
0x92dd65c6947f074169d6512709ad07d09025d4f5,0,era_block_sample,
0x30bdc6b54ba12ebf29984f10059db70a69f05d69,0,era_block_sample,
0x2f22c4fa715287a0d0033b913f07e94738964c14,0,era_block_sample,
0x55f7ad5e3f55edf033a1a1499a6d3aad47058c8f,0,era_block_sample,
0xb9d414f768dca11a98b6b9e7359803272ea1fad0,0,era_block_sample,
0xd4bb0e903a36ae9428cc146744fd8c76a2388170,0,era_block_sample,
0x13c7fa200212fbdf3c421d877d698dfc03bdd0ef,0,era_block_sample,
0x0036a309096bb248a7ddcd56e8b67dc24241a87a,0,era_block_sample,
0x4f6847cd4a7c4fa95a731834f7b3aaa3fde2c886,0,era_block_sample,
0xf42a099af3dcc546ea35863be584b64341605e6f,0,era_block_sample,
0xac8c540c12ed0e88f4093304bd7b98df2ee796cc,0,era_block_sample,
0x6526145dfb2fceb248513e4530dd0f20230a13c8,0,era_block_sample,
0xf31930014f57b93496f967698f92b2430c62fc43,0,era_block_sample,
0x301b4d3bbd3849d28d23cb7ed7f732862c34a2b8,0,era_block_sample,
0xe312ea180302cba74fec0a71909341527c3dc3eb,0,era_block_sample,
0x439dee3f7679ff1030733f9340c096686b49390b,0,era_block_sample,
0x0083cfb2ff669295beef5f74438d10f2146bba0f,0,era_block_sample,
0xb1781768c7f73aac43189d97efe42058c900fe17,0,era_block_sample,
0xf1e0558804f7a579ee6ea6f6002984bef2ee7123,0,era_block_sample,
0x159ec84e3be0988de12efe218cd3a02d6b4e8e54,0,era_block_sample,
0xbe73eea9fa5d510002efcf3e6de338d7f07223fb,0,era_block_sample,
0xe4024790ae073e1e90ca3330e94bb9bb9bff18d7,0,era_block_sample,
0x54479be2ca140163031efec1b7608b9759ec897a,0,era_block_sample,
0xef10a5d898c21aa95865b447be6491380859a307,0,era_block_sample,
0x4816fdbd57fc63784c1d47c03121ec60f06a20e3,0,era_block_sample,
0xb0b60c626ad7bc31a9f59f213517a0a072ea4ce5,0,era_block_sample,
0x713bcc4cb6e10e21d2dc01d7bd5252fd46d575e9,0,era_block_sample,
0x8ad8e18bedba64f7fa01e68669db4a9629a36ae8,0,era_block_sample,
0xfd2ba8ba25adb2ad4365f7205ad5721df1445905,0,era_block_sample,
0xd2416260a2eaf32a0835fba1bab8b462588fc8c3,0,era_block_sample,
0x70c144359841d451cc5adc0a851965ec7b2e4a64,0,era_block_sample,
0x68801f30233500950abd654152aa51c9973e04af,0,era_block_sample,
0xb26738c4d1ad2256b866bffecdf996701e13ff86,0,era_block_sample,
0x44f14099b8b9c60515e83a0cb1a85e14982bb091,0,era_block_sample,
0x89dfdbe9764ecbdf1ed9ac3b32610f684afb01da,0,era_block_sample,
0x62460a5567d2823781604dc938e0eaf073d24d9d,0,era_block_sample,
0xd6eb3eaf0b29f5ad2f64c8ad04061dfc95aed5ee,0,era_block_sample,
0x1535e5a609a5c96857d58a55effaad1f173d6164,0,era_block_sample,
0xfb9589e7071a9fed39a173750cd07f1e2445d795,0,era_block_sample,
0xd61a00797ac8170a44cdbe95eb37c745490cf29a,0,era_block_sample,
0x24513545f211ba450f4818f734cdc536e178a686,0,era_block_sample,
0x9af88ace2adff6dfc49c9805d66680d892ab0a3b,0,era_block_sample,
0x7f03eba5225cc6bf98f14e6e6cdd65e956cd5fc4,0,era_block_sample,
0x49e880e9156839e662214458185a04e078b11563,0,era_block_sample,
0x6c91283c9903bef315cf5077324b648f4ec97325,0,era_block_sample,
0xa625491875021f0c16354dfa8bf8b56bd47fd3fb,0,era_block_sample,
0x60a08e10f4d498931397b626057bd1839112b3ce,0,era_block_sample,
0xa42ffcd705261844ef1b376bc02961b89a05cc31,0,era_block_sample,
0xb5981e1ed7a6a1a80a7925718e37f5d743443a9f,0,era_block_sample,
0x8673eebb26a7aa2412f1d5343afb6802d7127233,0,era_block_sample,
0x7b89adfebd0d0ec0984c34ff2e98ce671c96dc29,0,era_block_sample,
0xce2f4e757bb0175fef1463dd28da033d29fe2a68,0,era_block_sample,
0x72bcfa6932feacd91cb2ea44b0731ed8ae04d0d3,0,era_block_sample,
0xeb6d43fe241fb2320b5a3c9be9cdfd4dd8226451,0,era_block_sample,
0x98d8dd2ff13a35bd056b75f95de494f0c9dcaff0,0,era_block_sample,
0x5a3858664afc7221f4832aa38a5d79e00a59bf5c,0,era_block_sample,
0x7071f121c038a98f8a7d485648a27fcd48891ba8,0,era_block_sample,
0x613768e1b0abf6e14956bf496d7ff05e47812719,0,era_block_sample,
0xf19c5bc614096f8bb83ad36896f3d202e6b608f7,0,era_block_sample,
0x80cf0a63c613ce61da4bf1c623e411d8441c8f80,0,era_block_sample,
0x37eb84e50ec8fa5cafd6e2c8b811f3ba8a235e79,0,era_block_sample,
0x9be3767a1a38b10dd74e2b10e2d5700b9664f147,0,era_block_sample,
0xb7595d4a83d801a37453e7e8efb2a2769da59a48,0,era_block_sample,
0x519f269c29800ad9624dc62a482c4eef4814046d,0,era_block_sample,
0xd17f9d4dcd829c5669d2cfddbbb33561f335750b,0,era_block_sample,
0x6d4e752c89bdb238703d555fa20bb0ee96104e06,0,era_block_sample,
0x35e2469b00c9234c5e6b1c3225ccf7dd7be322c7,0,era_block_sample,
0xd18942d3dae09087a96255699fd3257c9d82b4d0,0,era_block_sample,
0x7c93968e2f09727b5ea2cf02aa1450a056af7340,0,era_block_sample,
0xf193a96daddd39179b9f850a14ed7cdda19865f4,0,era_block_sample,
0x521547bf78e625124229aedb9ba22a23c0645faf,0,era_block_sample,
0x246ccc4adfb5e4c786d987363ee76edc53dfc065,0,era_block_sample,
0x38bfa205c92397dedef31f10a8e85b27b0d6df32,0,era_block_sample,
0x6f813f4258bb9fa361f95504e3983bbaf5b8b41d,0,era_block_sample,
0xafef7e6c7cc8ee1ce7140fdacee481ed5f219113,0,era_block_sample,
0x3a46e28ce874036dfdebbbe7ea121d11a34b8bba,0,era_block_sample,
0xb667689981e95213219b08faa11f5c6ed605d07c,0,era_block_sample,
0x0cdb256a14b7f713bf917056275e9a03da4d9e11,0,era_block_sample,
0x13a94ee6971b0caf9b4b7c6b5975ec84321a32df,0,era_block_sample,
0xe4b3dd9839ed1780351dc5412925cf05f07a1939,0,era_block_sample,
0x129ddf9c3958d5ae6a5a61a40110beb8d7ca8e7d,0,era_block_sample,
0xad677d3fa3750747a11bdf216ed2e15a82c62e2b,0,era_block_sample,
0x55473dc438ef51e59f6fad929d97170c52d07ed0,0,era_block_sample,
0x71a87575fdb775a449d8fb8c8275d61185763a0d,0,era_block_sample,
0x2de78fbc7e1d1c93aa5091ae28dd836cc71e8d4c,0,era_block_sample,
0x1dc8e81ed0eea9975df1b172d2d15b119e196b4e,0,era_block_sample,
0x7187b937421a5fe1e8a124b5ff055ae05876759e,0,era_block_sample,
0xcf2a8064581717d331c96c159ade8b8f1aa790c7,0,era_block_sample,
0xfcd266087563a656fc5e76ea97c2e4c047c48c8d,0,era_block_sample,
0x4acba2b8aba6f63a4c204401a30950b247ae3183,0,era_block_sample,
0x1a64ce84482d59bf1be3bd7fc558142bf8c82491,0,era_block_sample,
0x049472d91b27378b4529ae8c6db7f9377082ce28,0,era_block_sample,
0xc0c7ad43854a030652ee25cd42bc7af82a240fe2,0,era_block_sample,
0x292f04a44506c2fd49bac032e1ca148c35a478c8,0,era_block_sample,
0x119be7c632fc0cff0c6b757d8b4857466fe9e53f,0,era_block_sample,
0xd840f0e16134ea528f2db49ee9eafb05d1026794,0,era_block_sample,
0x07dc0878857ea7d0122c92e53e732a041a01e661,0,era_block_sample,
0x379e9a69e545a8d86582194a111cf7b620a47e89,0,era_block_sample,
0xabb42ce27c275467eb8d7d0a2e00454254f8d6b3,0,era_block_sample,
0x5890c23fa7fdfdf193bd756caa5fd165aeee9af8,0,era_block_sample,
0x19d6e79ed89ea59dbd122a61e72c700a787c18db,0,era_block_sample,
0xb389eb0491d7dee5cc614e700fafd479e94451b0,0,era_block_sample,
0x26142e733b71544e6fc9eff651e2686aa0bee076,0,era_block_sample,
0xee042369c2033dfa6b866cf10da5a2f3054aab84,0,era_block_sample,
0xaaa06f651b59f9229d33859fec4cd2e860081520,0,era_block_sample,
0x7ac6b90c0f799e712bc26e9d214ca42d7d845f11,0,era_block_sample,
0x9a996c562e44c04712225e7fcc79b1712b81e0e6,0,era_block_sample,
0xa037655751185dc8eb7f4e0d6e1ebcbb8298c17d,0,era_block_sample,
0x87588abd1a5fc6042bf759cb9c2a6f716eafe74f,0,era_block_sample,
0xddba69e22112f22d301b600c2c74d4a7dd56f765,0,era_block_sample,
0x368ed98af9f332a482565e0c7658dfe998a5c186,0,era_block_sample,
0x4ed4d9e03fd97eae639f3530eeeb86b7726dbde9,0,era_block_sample,
0xe65a88f487f5d26469cfd37ce7ef763d6d9be454,0,era_block_sample,
0xf17ca7f2bb5a36e2ad24f6d6bfbca578ac7ecdeb,0,era_block_sample,
0x28c575d32daf3b8d8b85a73390971cc969d570f6,0,era_block_sample,
0x704e2960f52180d34c888781543d8447ec9b3aee,0,era_block_sample,
0x4866254ac61675c716491bf7c8d3f280e1e8c2e7,0,era_block_sample,
0x38a2d9942c9b37b43d0d5fa3a19352ca13cc79b4,0,era_block_sample,
0xc3dd266dbaa4edb2dbcf4176cd6a55328afbad2e,0,era_block_sample,
0x97ebb477f3ad909bdc3793bf6933149d05600df0,0,era_block_sample,
0xb7b8b81aefac203316ad3c6da8148c56f5448762,0,era_block_sample,
0x8664fc8554b593e9229043003d8c714056f63536,0,era_block_sample,
0x97bded79e53fe66cb46a508f2b75358276204362,0,era_block_sample,
0x390de26d772d2e2005c6d1d24afc902bae37a4bb,0,era_block_sample,
0xde4e12908335d6378b7de54f45aef4f3d2775b24,0,era_block_sample,
0xf3ebca3853ee9a3cd6c18daf599b7da59c5f73d4,0,era_block_sample,
0x128096d24967dbd96ca5641e5c76388d91534fec,0,era_block_sample,
0x88e583b1bcfaf827ce63b2f8b4bb4adf4906c8eb,0,era_block_sample,
0x3db110162206086b53cc29d5e7d72578da9fa8bd,0,era_block_sample,
0xf0f1ad3b02cd9a626d5798b6303bc04fd512f25a,0,era_block_sample,
0x25076bca1e914d51a5fe97614564149237b772b8,0,era_block_sample,
0x0681d8db095565fe8a346fa0277bffde9c0edbbf,0,era_block_sample,
0x004bd3562a42c8a7394794849b8ff5ad71c527b2,0,era_block_sample,
0xf923aedd5ac7b4122409e1e30758e0ab6659ede2,0,era_block_sample,
0x176bb9350a357ffa2e5a0cbdafdd6e1d2737ad3d,0,era_block_sample,
0x386366b3b8042bceec2b0e55e8f61867719d2317,0,era_block_sample,
0x21067350c3f0df6b27defba7a6d75a371946021c,0,era_block_sample,
0x18b28cf1913c7089588613177a23676f2bb1c444,0,era_block_sample,
0x243311f6a247f33f96d76ff720830d5f63adf49e,0,era_block_sample,
0x2efa465ef5df5d2d939b6eb889a9cba755ac04fd,0,era_block_sample,
0xd444c8e801138a1035ab2b77914149e2480420c3,0,era_block_sample,
0x0620a4b3b1a36178015ae2c7204498ffb160853b,0,era_block_sample,
0x29d5527caa78f1946a409fa6acaf14a0a4a0274b,0,era_block_sample,
0x148e87a05ca90c0636ef1359376793f89015914c,0,era_block_sample,
0xdbfeeef46e9cc06136c3da02a9799bccc125bb39,0,era_block_sample,
0x30b9003643339e64d163f0e247c4552993c7ead6,0,era_block_sample,
0x0b17d3da649197051ce340c6a57948f19a5f5bd1,0,era_block_sample,
0xba41be0dd413fdd2a65642cda892c62317d08076,0,era_block_sample,
0x43d70d8f6b977ba4d74b6cee9e2e845a16e022c6,0,era_block_sample,
0xfc72f9f052ebb672aef908665f725ad7046e01a6,0,era_block_sample,
0x96b34dbce4360e477cc6155d02d075fe12e8e7a4,0,era_block_sample,
0x8958618332df62af93053cb9c535e26462c959b0,0,era_block_sample,
0xba52c75764d6f594735dc735be7f1830cdf58ddf,0,era_block_sample,
0x0c5e09e6a92bb01e90a89695eac9dce820aa7ed0,0,era_block_sample,
0xdc5b8b65723443847f8bb0e03e13b3cb06c232a4,0,era_block_sample,
0x107ac5870c9bf0b382d6316413ddaedc18bcba51,0,era_block_sample,
0xe258c28546277f97fcba8021f2e3f2be832dc2cd,0,era_block_sample,
0x9ede0a942e8675f51c40ae3385cb17a55b81be03,0,era_block_sample,
0xc38ff609038812ce676627fc8b4e2c8c8dbfd813,0,era_block_sample,
0x7ce6d28447d168ec6e52d92e3e0e6054a978824c,0,era_block_sample,
0xef38d42dab6334cb9b48a78d320deed1a3909616,0,era_block_sample,
0xf008e2c7a7f16ac706c2e0ebd3f015d442016420,0,era_block_sample,
0x83761c6785427f5a27a07c92a9dcfa99947bc4ad,0,era_block_sample,
0x6c15291028d082e1b9358e19f15c83b9c54f2ba1,0,era_block_sample,
0x0000f7f39325076881e5fc566e99595542532ae2,0,era_block_sample,
0x3ccdfc91b4f8b73eca4f9a2af281887a8311834f,0,era_block_sample,
0x171bc588b8f085ba7bafcac9c0f7d2aa9161eecd,0,era_block_sample,
0xaf12fc0798a4719ee2477228f42265083e278f2e,0,era_block_sample,
0x2fa61cd8dbd6312e0e74edff7fce67c8ebb3b714,0,era_block_sample,
0x8705ccfd8a6df3785217c307cbebf9b793310b94,0,era_block_sample,
0xf2015a9160c9c9381ff99f19fc18e5af57cac8ed,0,era_block_sample,
0xedc53fb256c8f5cd6f91af675bbb89bfc3732c57,0,era_block_sample,
0xa5682a7bbb8a6f358caa8b1fd2f618a87ceeecd2,0,era_block_sample,
0x561ed401847189a545397a26088a3864f418f656,0,era_block_sample,
0x3ccc90e0515ee207ffc65aa386eb7d6a6d6b2c7a,0,era_block_sample,
0x6bddbd1d6bbe36aff9a1dff1e4067148425a76d9,0,era_block_sample,
0xb00323473a6b16a7db8fac0fe3b4bb7d3260a710,0,era_block_sample,
0x1119970e12a21b12ff4ba08fedd73008826a8257,0,era_block_sample,
0xb222018516594ca86e04323a4433118025c7bcd6,0,era_block_sample,
0xa3fae445fe6c5662070ace0e2a10d22c966a0f72,0,era_block_sample,
0xc1ef5fe6124832e5e3ed0c447116b0c9233845ac,0,era_block_sample,
0x00a52e25913f5e13fde9ec91609aafbe8c9c6a94,0,era_block_sample,
0x6504d0956f761726d8264ba97ae52738f4301381,0,era_block_sample,
0xe5694bdee0fcef5df13a80e2f24f157dc7877bf8,0,era_block_sample,
0x24f21c22f0e641e2371f04a7bb8d713f89f53550,0,era_block_sample,
0xd1ea2f406d63026c3c20b2fa17429a827d335d05,0,era_block_sample,
0x6666662ac054fed267a5818001104eb0b5e8bab3,0,era_block_sample,
0x08d28494d98b83a5f2228a056198b19375d19ecb,0,era_block_sample,
0x425f9c3920fbd562e1b614b46176da057a4cde0a,0,era_block_sample,
0x5dcaa1d8d8132e5bf9cf12deccfc0cecf26a780d,0,era_block_sample,
0xae798d9c2e7665e0f2adc705fe585a9d9a63b1c5,0,era_block_sample,
0x512f48b3f2053ed2c41253984381bf7b454526d9,0,era_block_sample,
0x915cea5aa56cb67b7922ec8b2854382ee5601aa5,0,era_block_sample,
0x921b309903b987466c26000a980bde490a32745c,0,era_block_sample,
0x8e955954ce74c9db4884a1d551ff50a84f20159e,0,era_block_sample,
0x8c17c9ea45ae4c0e873e1960004cd003c3816e87,0,era_block_sample,
0xf76859f9a150dbe99c279ed43ef4f09650e20f8c,0,era_block_sample,
0x2f7e6a4431c5d38d786b4f8f582267ffb76693ac,0,era_block_sample,
0xf05c1e92ac00a96cc8fbaf6ad3ae226989777bf7,0,era_block_sample,
0xb10ce34857128de7346944d9050f107c131e279f,0,era_block_sample,
0xd454ed303748bb5a433388f9508433ba5d507030,0,era_block_sample,
0xe0cd60e8e0e6a51f6678937bda08d797397b7dc8,0,era_block_sample,
0x04df89ca61a2ced69fb1017f053bb5b8375f8a89,0,era_block_sample,
0xfbffcecdfa7820ebe6ccf3efbdc6217f03a20ea8,0,era_block_sample,
0x1955df3107d705b5b301a044da2715b8f943035e,0,era_block_sample,
0xf8dc52e3b8d1566b7c897a5f81d4b3097eca67a5,0,era_block_sample,
0x4e52f234a44c430d25fb5dbce2b414a1f9957e9c,0,era_block_sample,
0x90448c9fd29910f79a92abfb61a8e807977488c1,0,era_block_sample,
0x7d4912617b986d73dbab608a4b2d7cbd5b37739a,0,era_block_sample,
0x731697098ff29d084cdec21152bd0613e6565d07,0,era_block_sample,
0x1700c37222ff6ef9b28ea2e6f2db9d21a81f3a36,0,era_block_sample,
0xaf912d22b7f50430369ca05ad221290574506bd7,0,era_block_sample,
0x692da4782d996dac7d66b5822f3c504f67da8493,0,era_block_sample,
0xd146061a4f666507e48eae181825cbd6f88974a0,0,era_block_sample,
0xb1f828a04c0bdeaa56bf1f311e5136ffdb21e5bd,0,era_block_sample,
0xa6e775b544f9e4852b83005a1f112aad81e595f4,0,era_block_sample,
0x829bc583842d303951ceccf8af4617a1ea6fb88b,0,era_block_sample,
0x0077727a30f7dc1b2641902d8111918494599412,0,era_block_sample,
0x5810c2d0a9ebda71192355f7847f6951d86c0d01,0,era_block_sample,
0x6c673a60bcb4f3e559973ce80e7427b51a48fa44,0,era_block_sample,
0x303e33b483b5df3148cb2eaa1c17c486531ddf31,0,era_block_sample,
0x4ae7e983fc10f50b884b8acf0a9960549086ff8f,0,era_block_sample,
0x21db400dcb1ef3bc3aee4f3d028ec1939b7fadd6,0,era_block_sample,
0xdf681eb54cd53713cdc0c8269f67b9f8277692ca,0,era_block_sample,
0x77b501e183df597396ca41037e08062d319e10ce,0,era_block_sample,
0x01ab61faaab480b5b5e855004c34921a0ad646b2,0,era_block_sample,
0xbf9768523dd78471883bd3513274801a219cde61,0,era_block_sample,
0xf4a2eff88a408ff4c4550148151c33c93442619e,0,era_block_sample,
0xce96afdda28ecc66f1453cbad61cf00aef7f9c5b,0,era_block_sample,
0xe9010575f2844b7e530e9c7eb202c0a4a1641b9d,0,era_block_sample,
0xb4afa8e82696fe4f446bd29275c012cc7102708f,0,era_block_sample,
0xf8d173f87480fb77e08815dd2c41eb12703b040b,0,era_block_sample,
0x16ded7bd5a8c697259f3406513061e40d408306a,0,era_block_sample,
0xd9c3db9e1e0ca93bed5ec350f1150e8bed20f9c0,0,era_block_sample,
0x3acfc6b3b8d2b62d8018c56fe22f02db46232b7f,0,era_block_sample,
0x8beb62557e828422108780bcde9230bb08d8fbee,0,era_block_sample,
0x1fd6267f0d86f62d88172b998390afee2a1f54b6,0,era_block_sample,
0x847d06c15e7b931040749f142ed5832ea588f2e0,0,era_block_sample,
0xae20a4f057acdd672bb51071d52321d8a7565d1b,0,era_block_sample,
0x61ae816c52dce1a63ea7bd3e5028eb722a891bb8,0,era_block_sample,
0x7210a5388d8fdee1f628cbd92a55c0c5db775c51,0,era_block_sample,
0x8fc7f1362a0c603aeaf678250b77aa78425ed11d,0,era_block_sample,
0xe9a648823bd55a90eed81f765695a2cb47f783ec,0,era_block_sample,
0x875753e942c003601ef01eb602736dec2b30cd46,0,era_block_sample,
0x289132ea8b62d7131c9de1333b37df0b6d4b28e5,0,era_block_sample,
0xfcde4905379f21f1b25ec1590e34e3de6226db73,0,era_block_sample,
0x742c87d7544a46aaaf8296b566a7ed19744854f7,0,era_block_sample,
0xf2c55a8b92adf3fbda257af9329100d80f7fdddc,0,era_block_sample,
0xeafddd80f84789f49e736741c74517346797ab37,0,era_block_sample,
0x563acfd9d2536e6b6b74e3ad403a34b346da1db2,0,era_block_sample,
0x5eaec83767df66a139785453b1497e0fc54b315b,0,era_block_sample,
0xffec0067f5a79cff07527f63d83dd5462ccf8ba4,0,era_block_sample,
0xc214894da829ab38a609b565930f5f671bf33396,0,era_block_sample,
0xbdd5840e9031cf4543f3fcdffb2a1f073e15e0f7,0,era_block_sample,
0x1194f611c8e1125cd613d3ab7244ab4bd9d36f34,0,era_block_sample,
0x32883992f5b1224220b467e36858a95696b9b984,0,era_block_sample,
0xbeccd1b0e3fc3868e8c91085f5825e91a6d12e85,0,era_block_sample,
0xc9a29c4f5a835a54779363bc34118c233a6da4fd,0,era_block_sample,
0x79424638295e0656cf6a0774c7d42cda54a57177,0,era_block_sample,
0xcb2cc68fbecc841512ac42bbc92c00963b89f013,0,era_block_sample,
0xbb00b48c627a369e7fc16991b3ac856b769dc48b,0,era_block_sample,
0x20fbfc29504d9f5f9451c33a41c752d4f9b1626a,0,era_block_sample,
0xe8a1ce043243a74d05f14d9d16b51c68230001ef,0,era_block_sample,
0x1f9c6c234e501ed8b5c61903358e573d21028d52,0,era_block_sample,
0x5e575279bf9f4acf0a130c186861454247394c06,0,era_block_sample,
0x9a755332d874c893111207b0b220ce2615cd036f,0,era_block_sample,
0x86bcef806067de27e9d19a6fac9eb5bdee6752fe,0,era_block_sample,
0x003a25be792c9d36d97d2de9d84d0422d56c0db8,0,era_block_sample,
0x82fd9cdd3e22c083c1b5395242cd1e1185eb20b4,0,era_block_sample,
0x4b01721f0244e7c5b5f63c20942850e447f5a5ee,0,era_block_sample,
0xe90995dffffdd4c6f6a646da433175b27e77975f,0,era_block_sample,
0x209716a5c11cb9d33ae7ca36a7568b039b691176,0,era_block_sample,
0x19d0eba6a6a3b31829c035c66118735167b4aa36,0,era_block_sample,
0xbd9921145afa132be365eae86b250e6cbeb5dec5,0,era_block_sample,
0xc6741bf70b255e27f647d7d4a7016067899b1ab3,0,era_block_sample,
0x3f6244941d1de80b3f25b2408aa2d1d6cb10922e,0,era_block_sample,
0x91f445f67951095acb7e1e03a8347e3970e4ec28,0,era_block_sample,
0x6b14feef982c34e09d745b5abdcd51706cd0b57c,0,era_block_sample,
0x2ab30acf2d790f1a0d9418211460f90a3d7445d5,0,era_block_sample,
0xcb76cde8f6c6df018eefeb983ddb49da4e7725a6,0,era_block_sample,
0xf74d556cbb95b7bccdad8284bc68110c74c91e7b,0,era_block_sample,
0x46bc49adadf5786c7c56fd7135a5b319d7f7a9d6,0,era_block_sample,
0xd5cb5f586396286c107ca7637bca6a67b0b16687,0,era_block_sample,
0xbe2485bdc911d35fe8aeebf14781333044031efa,0,era_block_sample,
0x764f55d98a8e267611318594926bb193850da57c,0,era_block_sample,
0x7915518b079fcb0af035e47dd6203b7103984adf,0,era_block_sample,
0xbf27b0d6b878dbc85327f3c4ca430ece78212f51,0,era_block_sample,
0x4378cc0fc1e0f56bbe41547e42d981e7f10430ed,0,era_block_sample,
0xa4a48703ac737d7847113bdfb497c908a955f3d8,0,era_block_sample,
0x8908168ed092276d8c54b0df3959c2dd092e30c9,0,era_block_sample,
0xf09d0b3a4ed7424d5a3e5a96272df46453da80de,0,era_block_sample,
0x35af10a1f8f4b3b2a6db44e2f355e0796aa61c64,0,era_block_sample,
0x6d5b7b02a559c8f2f758d66a9548da61ba9222e5,0,era_block_sample,
0xb8903d8f5f5d1e28d4c3fabc140d2b857ec79d7a,0,era_block_sample,
0x33a01fb4aa875abea2dbaaebf469423fb70c1d12,0,era_block_sample,
0x05184e5207ab2d6482d1748c54dbd4bf84b1a022,0,era_block_sample,
0xc3d9c17d7f6988c0fe7ebe929c47efccbd92be13,0,era_block_sample,
0xefff92991beb119d8311247ad163b6ceefd94aac,0,era_block_sample,
0xa54390353ef44663a974664edb806e4a3f023aa6,0,era_block_sample,
0xfe6e1a1d45bdf2dc7e147228cee4083889993f09,0,era_block_sample,
0xa629468d252cedc2b10b2302271c1162801c5a03,0,era_block_sample,
0xf0bb474e62f4ae1cae4542f4ff32a14689c7a79f,0,era_block_sample,
0x9b15fa70c36b5e3532a8df7c5d3e30582138de9f,0,era_block_sample,
0x7e10eb8873f231a0bd4db5b41b730b21c522a569,0,era_block_sample,
0x5ff15142cf8f34e917364674165bc2c69b3ae9f3,0,era_block_sample,
0x81d2dc8cd5721d4ecc864966aedd1e6e9827527d,0,era_block_sample,
0xaf43357969dca6114d007b76cb14362401c6d02f,0,era_block_sample,
0xd950d5abd5fa5d4ffc26698f62bd1f220e1edc55,0,era_block_sample,
0xafde48e3f549976ab617eaf739fee0c5867b0db9,0,era_block_sample,
0xffc32a648ab603737d0caed2977f6f4e6a768fb0,0,era_block_sample,
0x2a60ff2d456c83a0f8725020c7106cf2a0fec5f0,0,era_block_sample,
0x6ec5504f2e38deb6f9e811410309c9fc61ed6f40,0,era_block_sample,
0x21f038d18d50d5f48fc8d3ef8663a8cb881d4061,0,era_block_sample,
0x007174732705604bbbf77038332dc52fd5a5000c,0,era_block_sample,
0x60b45f993223dcb8bdf05e3391f7630e5a51d787,0,era_block_sample,
0x4df464e1982be8eff340673d16f991d25a433d97,0,era_block_sample,
0x51efeebf9e9293a5464e28f91267ba9dfc8627d6,0,era_block_sample,
0xfdf649b4ae371eed634380ef0d3fde83a1401a1c,0,era_block_sample,
0xbe6f844481936c6af50ae8f8dd76a6ef3637e3a3,0,era_block_sample,
0xd11d42415333827e6874945287eca517af1749a1,0,era_block_sample,
0x4cd7f7a3a2244fabfa9ba0059598566d33802467,0,era_block_sample,
0xf35347c64cf8f78364d001c9a647eabbb638c0a7,0,era_block_sample,
0x557f152a982f65058d4cc81e52912e4c10f52534,0,era_block_sample,
0x00000000c0293c8ca34dac9bcc0f953532d34e4d,0,era_block_sample,
0xf74bff172b8bfc8d4e87c2f3f18a94b44fec8f17,0,era_block_sample,
0x65636273491a4803dd7b24f37068a43eb9d58645,0,era_block_sample,
0x06dbef5ed4ceb5bf4ddd37805e1be4542b4b5908,0,era_block_sample,
0x6c5fa0315766904aec7810a2d8890f14aea9c0cd,0,era_block_sample,
0xba14ab18871edff589014e9adaf2bc4236d7c88e,0,era_block_sample,
0x109c7c68c1f10330bb5f50035f3777eee1fc3cb3,0,era_block_sample,
0xfc8abf8cd90e765418aa56e3edd3a4b37c9bcc34,0,era_block_sample,
0xc38a1796fdbee574907aa7cddf2b6bbbd24ec560,0,era_block_sample,
0xa453b444a5353c0ae1ae09addc2aecc2427a9d06,0,era_block_sample,
0xa8f5d98271aba3f08a41258db8db09cc02b4d203,0,era_block_sample,
0xbaeb1b5d7634cef21ff25836cac127a1f6ffdb56,0,era_block_sample,
0x4c3c6224e848148f132f93d86e581ef215367b4d,0,era_block_sample,
0x0a1fbabe8b4228cefc43c033b5089c5f589fa110,0,era_block_sample,
0x9e884d831d067d5b2c1c8585e8dcf18708495d52,0,era_block_sample,
0x202aedfcff5e4897aacf20d01bcb71b03827dd8f,0,era_block_sample,
0x83ba02c0ae73bf2a1ec5ec76a141840a12eb9ce4,0,era_block_sample,
0xa37f8af92f6736e449d142a26d4e3f968f573cf5,0,era_block_sample,
0x48d466b7c0d32b61e8a82cd2bcf060f7c3f966df,0,era_block_sample,
0x607a3ab4b49cd7be76caf65250c7dba301ea435e,0,era_block_sample,
0x58429fd94c82b73c6dbf824fd2382d48b320a8d0,0,era_block_sample,
0x4136cd1affe08b35bb50a18f7ade354a4210f155,0,era_block_sample,
0xd16ae41042394f3718179ce114be3f956d162ba6,0,era_block_sample,
0x36b7aa104fb4fc1621d86b2fe3e7470f05d97633,0,era_block_sample,
0xc29fe981209e892c78b9f25d9a015c1bbc79ad34,0,era_block_sample,
0x47ee37424ae4b97d506fd78f524892031c69ea53,0,era_block_sample,
0xd95d77ce2d1736dc476e1bd3dd7aef77c14eb99a,0,era_block_sample,
0x88882e80ab58d2746c11ece4a5895e813ca6d38b,0,era_block_sample,
0x6af3bbb5442399bae6669627d33a9b784556ad3b,0,era_block_sample,
0x3a2e9b365a0936e6303916b31bc0b87c4f188566,0,era_block_sample,
0xca19c52223fc6f1227f6e752fd4a48c70a23479c,0,era_block_sample,
0x2ca8e5e364f358452223d896ff2319745665f142,0,era_block_sample,
0x4e25f7affe3ff477e521c773a458271d8ef1d856,0,era_block_sample,
0x38c7ea86c8235b0cfccfb91153259e85353cd202,0,era_block_sample,
0x56ef66bd43d31c6f698261043fa8afbf5a7874fa,0,era_block_sample,
0xa3a08225a243230745544234540b005a8d0c1cee,0,era_block_sample,
0xa6ba551d9b5313d630991da15accc5691cf7c455,0,era_block_sample,
0x5837f9f956902de0f0f975f842c12049e7284d17,0,era_block_sample,
0x9cfd5052dc827c11a6b3ab2bb5091773765ea2c8,0,era_block_sample,
0x8884dec87a61d8f0d0da05c6becc798f23a057ab,0,era_block_sample,
0x8b78ede46d9610393ef0f2e710284c9d8e6a8871,0,era_block_sample,
0x33cde0a1ec98a1652a7f31189b51901a1ff461d2,0,era_block_sample,
0xee8248ce1b2e554b4ac5a42af6b2ceb830138cbe,0,era_block_sample,
0xa51bb09c4b283d2d940e7389775e4d17253b919d,0,era_block_sample,
0x5b0cfea78617caeccc626b07e5436f554fbbb7c0,0,era_block_sample,
0x977d4cfe77471a005c64ac433fa3199b177507a7,0,era_block_sample,
0xb8382f6298f01b4eebfda0e2bb2dde60250af575,0,era_block_sample,
0x837586c63d73f65208cc15c9fd12b2ebf235943f,0,era_block_sample,
0x050ad72ab818518ae9b99d98046725eb3f2b9c9a,0,era_block_sample,
0xee6a089f26d549482ad14ff305ea761c45e7dbd5,0,era_block_sample,
0xcf2cacdc6a83bcd2efc5e34492fd2d921faad291,0,era_block_sample,
0xfafbf0e5de88c726ed4b4298daf908c27bf70775,0,era_block_sample,
0xfb046837dca3242e76c118fe9780190f6a2db67e,0,era_block_sample,
0x7b2b09cafcef38c290672d60171b57101ccd8549,0,era_block_sample,
0x2299ef69c3028d491667ee54212458253b923919,0,era_block_sample,
0x50f055b88c869df7b311664a866ec036fc094b6d,0,era_block_sample,
0x6579efc1e84c14cb7fb0f223939f9d638d24494d,0,era_block_sample,
0x82a73cde2c120f762f73db2cf23e5ff3b9f5e892,0,era_block_sample,
0xb045b0cde2ea46ea8471bfffe22456793bc7a6a3,0,era_block_sample,
0x107d35bdbb393d33d6d9ce4127883b057b8e6187,0,era_block_sample,
0xaeec6f5aca72f3a005af1b3420ab8c8c7009bac8,0,era_block_sample,
0x9204cc65a0fcce3492cc6e3674327fe1cdfd7adb,0,era_block_sample,
0xbb095bf4d94ba10224e31b041765df0adde39e2d,0,era_block_sample,
0x856d06b401a4cb6715ecb14424d7d67e977124ff,0,era_block_sample,
0xd71e4be9412dd43b558aed1c155a6c707b30eca0,0,era_block_sample,
0xd71b88497fe129b77feb9c5376f8bc672e7e677f,0,era_block_sample,
0xbaf1dbc3660ef575bd7b08d3852ac0ba73f407f1,0,era_block_sample,
0x0ddfe34d2d11d4432b8cf79e35462a6cf5c68241,0,era_block_sample,
0x612d0e66e87e3a94b1a422f1aa5804caeb4f7631,0,era_block_sample,
0xdb7f9a3e076d9e9b8f192079ea796da686154057,0,era_block_sample,
0x3bdaa65b31e695b2e41ee261e40877d8a9a3a55f,0,era_block_sample,
0x3b9fa8a53af8751091cace5a45d0e8bdad1235fe,0,era_block_sample,
0xfe0e608dd80762df70d91c5f134ee28ea944856b,0,era_block_sample,
0xc9bd9e820befe3f0f234d599d79dd3463a9a35be,0,era_block_sample,
0x5fbc581fe6ac34cfa5c594ef0122a2cb18e4ea42,0,era_block_sample,
0xd2eda7f264e2056aabce24194005111e698c60cf,0,era_block_sample,
0x638bf0a991b3b46124fe397f7210b7118dade39c,0,era_block_sample,
0xdf04eaf5fe642ab9fce3a9bb4957361f514bc657,0,era_block_sample,
0xbc99c4bd93c24db1bf553f2c7f9348be639fe5b6,0,era_block_sample,
0x396195c7d08bd44065231f64dcabaf58145c1a07,0,era_block_sample,
0x9287ad908ec73d505b857ba44f96e015a1d0d3ff,0,era_block_sample,
0x6138bb9ad8a7f834ce1a0c1afab0a6ad3132fdfb,0,era_block_sample,
0x00e2e46a2eb1968f4503fc34ea24acb39c159fa7,0,era_block_sample,
0x78c288b9270b4e59cd126c8729a1fe62ee8ba634,0,era_block_sample,
0xdb388833bd73920002b7a5d72dc25b072bdcb281,0,era_block_sample,
0x764ba6a0caeda3a05d743f469f8feea50bc1c6ad,0,era_block_sample,
0x3eb2a620e582565d84c04b4791c7be11603b59b6,0,era_block_sample,
0xe615d5ce9c8c661198345bf72a4bdbf90acbef47,0,era_block_sample,
0xb697b899a47bd6d604ff0ebaeaf66934c9c25046,0,era_block_sample,
0xa052b63bc16854db256948c431f6ec7d425e914f,0,era_block_sample,
0xa93a131d964d50037c0b8cb00eb2d1ecbdf3fe61,0,era_block_sample,
0xc5116526b6b6c67ea4a65b1f0501d08df05addaf,0,era_block_sample,
0xfa1cb97f042b7ecbe63bbe286a5cf343191ada94,0,era_block_sample,
0xe23be59cdc3489b81611317b1582228b9764c9e9,0,era_block_sample,
0x0e215d573dc571191bef806941c70964f3846c35,0,era_block_sample,
0xb7f819b983e0cbb0316786d7fba12e3b1e58da5f,0,era_block_sample,
0x011db1e6a83b165760d89fba7e4344b62115480d,0,era_block_sample,
0x3c4d64674ca2c4b72c799fc61b201224b7e7b8c7,0,era_block_sample,
0xbbbf8b259edfc0e44a817f196e9fbbc07d99f0df,0,era_block_sample,
0xf96abbd4df8112c1c7315ce621e323558649f998,0,era_block_sample,
0x1d46755d91ebbe0d2efe331c87de6587fd748ff7,0,era_block_sample,
0x21dd2291618f4d20af5bb54953a14e348958ccc2,0,era_block_sample,
0xac971d8554e0b25c8372e51fa75a6953cf2a470d,0,era_block_sample,
0x7afbc3e42893043608ae1154dd9fbd73a411b7c1,0,era_block_sample,
0x923b83b6c771c92228d8417d8f96d5d38ed8dabc,0,era_block_sample,
0x948e6c8abf24d175a3189078ee20562e7608b67a,0,era_block_sample,
0x5756fc923de1ec561c84a8a51644e4f6d56c4fc0,0,era_block_sample,
0x15fb7ea8e55f4a4b2c2f59e059fa86fff5abb422,0,era_block_sample,
0xd6db1d28c4160c9ab1fcc7d140a187d022c12011,0,era_block_sample,
0xd155bc1515174cee1fc2f214204cb3c5fc3524e3,0,era_block_sample,
0x2cf455e58a03258fe3a0975bb1a56d7b76fe7823,0,era_block_sample,
0xa9d4a2bcbe5b9e0869d70f0fe2e1d6aacd45edc5,0,era_block_sample,
0x831d954a31de0d219f02d20c5304e0ea5eccec3e,0,era_block_sample,
0xc66c7b74867acb8b05f18c0c19831ee3550b5ba2,0,era_block_sample,
0x7d69c7a72acc68bc9e4d1e13c37d346f6f5db411,0,era_block_sample,
0xc91c648a71eaa1f537d780213000740486b0f79a,0,era_block_sample,
0x242eaee57a433323e3b91ade6d2b4801c94d60f9,0,era_block_sample,
0xf3f0f7cc5a4d65db5609f51dc827bd1db1110185,0,era_block_sample,
0xcaf57f5faedf9175ab73596cf869db58009a2aef,0,era_block_sample,
0x84295d5e054d8cff5a22428b195f5a1615bd644f,0,era_block_sample,
0x22056f0466d6fa03af71d54f0fbd75359deb0a35,0,era_block_sample,
0x98aea9b11f847783dfa12b36251102936eda23f2,0,era_block_sample,
0x18f0b5b63f1f9fbe39d382cf19022ac2d0da6088,0,era_block_sample,
0xa3eed47c3cfac6200f9bb563e35a41d9f02bfe65,0,era_block_sample,
0x89fdb595cc181a582a80420fcfea55f20ab7b688,0,era_block_sample,
0x10c7f450095fbdbd035821c999e0923122e3dc7a,0,era_block_sample,
0x2c59a1fb51d2bb55413e92a7d676082ed49b6e10,0,era_block_sample,
0x34ba2136e04ff71d1af82e8a16e1b9e72dba2340,0,era_block_sample,
0x03c8bcb42947974c1f43e01f860a9dffd189892c,0,era_block_sample,
0x257c2cc300a3509fb649d710f5885685d3c84c74,0,era_block_sample,
0xc1ac5620929d223f8bc897a8af727bb618e9f4b6,0,era_block_sample,
0x5365ac583fba7640de965bb43bef1964c0b8e965,0,era_block_sample,
0x093acc2f1943a9be8a366e5b9992034037e00152,0,era_block_sample,
0xa15e770eb92d585ce6ef5b0cc00b19cc0def694b,0,era_block_sample,
0x7e03135946d9b4710bd58438f1a0e6cf5af9f6bf,0,era_block_sample,
0xaa5260dffbaf5d13ba7b870ec678946a9db61146,0,era_block_sample,
0xf4cb869e488ce39a76aeb827b247a0c54976fc1f,0,era_block_sample,
0x0920e587879ae8dd15ae27526699962a1d36c31f,0,era_block_sample,
0xeff839d71c6bd789d5aaa447e300ef4bcbb14062,0,era_block_sample,
0x80e29acb842498fe6591f020bd82766dce619d43,0,era_block_sample,
0x38cf007db509398521ef1f1172be59310f5d5839,0,era_block_sample,
0xbb4e6fdfbc01b1f2b52272d998fcaa274d7f1651,0,era_block_sample,
0x806838212dd28fa0ccfca98d7e83d8b0dbcbe18c,0,era_block_sample,
0x606984a056ee42f22a058e68e0049796625a30a6,0,era_block_sample,
0xdb3b2a031e1898e4c0738d65b900ed82a6438acb,0,era_block_sample,
0xd22cfe8f36eccff18d4a7eb755d0f808e2adee94,0,era_block_sample,
0x218b3cfa48e085113da5254cd37e50a98aaaf05d,0,era_block_sample,
0xb1ec08d337ee33f86ad471b58c8d759d818be870,0,era_block_sample,
0x2576ba9bb62e75dcd3eb6ca880bc126c435fff1f,0,era_block_sample,
0xd551234ae421e3bcba99a0da6d736074f22192ff,0,era_block_sample,
0xb43062f1de3497f949c7debc2c29111c5af41040,0,era_block_sample,
0x3bcb583356fa25a3152613c85b83b4045f32f195,0,era_block_sample,
0x0681e844593a051e2882ec897ecd5444efe19ff2,0,era_block_sample,
0x4cd9d13ee536f02efcb0e0e15b6b00a99911e461,0,era_block_sample,
0xd580120aec2e48f47adc48366b208bd9c5daa30f,0,era_block_sample,
0xf4e567aa78c71d60709c2cd1b621608936b71b63,0,era_block_sample,
0x59145a6a234b2c0fbf9e7a40e722ff264318508b,0,era_block_sample,
0x9002199f58f5e58bf5b7aabcb487c670e32b3103,0,era_block_sample,
0x2943601b259d09fc10e5ae415ba58fca54ab50c9,0,era_block_sample,
0x3fe836f93ed507f8f5736c7d3d37409682d77087,0,era_block_sample,
0x00b591bc2b682a0b30dd72bac9406bfa13e5d3cd,0,era_block_sample,
0x9ea05f646db3becdc9ca08295249987597c13157,0,era_block_sample,
0x05fe19e8189f201cbbee33cc19fe7815f9b656e6,0,era_block_sample,
0x692ac3d8de5b1bc9b664cdfd59f684dfdf498071,0,era_block_sample,
0x0a53e6340bd1d3e261ccd1de220f7516ab78b95e,0,era_block_sample,
0x14b267a925f24fdcae9b6bbdc0ba27d612d820f6,0,era_block_sample,
0xc60ff6047d64b2449a17576f07aea17ad979bfd4,0,era_block_sample,
0x954fb591bdca39daf2e34c300f0f5a77f5f2c76a,0,era_block_sample,
0xfa0f9a00264dee7bda5aad0c7de31c7a081e5c7e,0,era_block_sample,
0xfbf1d84c087ea7ff71c2e147daf2c13e9718c13b,0,era_block_sample,
0xaaae919524c9923ab396ccddcd4df1aa2f205491,0,era_block_sample,
0x2a9cafc77302db551807ab43920adf2a2b727a71,0,era_block_sample,
0x92029180e566982cf7e7c1c484de0c6af5628282,0,era_block_sample,
0xb7ab630d26ecc379255556133d9ee687a6942a31,0,era_block_sample,
0xa8f769b88d6d74fb2bd3912f6793f75625228baf,0,era_block_sample,
0x681171bedcc9574916475cc98547288c75b1bade,0,era_block_sample,
0xe8a0e282e6a3e8023465accd47fae39dd5db010b,0,era_block_sample,
0xaa1cc5543c558524c3db21d219fcee58af054f2c,0,era_block_sample,
0x48bc82f249944e85ff5a01c4d7e97ee4188b8ced,0,era_block_sample,
0xe58f6e80ae21e1602eecb3de168d519c95f83520,0,era_block_sample,
0xfc6a3f573d0a0a9262e3178b3ee57aa841824c1d,0,era_block_sample,
0xc91dbcc83dd1ac68c06ddeffdedda9b4589b32d5,0,era_block_sample,
0xef1d6a5cc49df11a8957414163b631face0133cd,0,era_block_sample,
0x744b2ed683a0ac9d4dc0d6d127d359a717d399ad,0,era_block_sample,
0x0c477a471b6a348059c58fad2467c1714c72a6d8,0,era_block_sample,
0x9d22bdeb0e8e32ff1ac124900cf783863eb14302,0,era_block_sample,
0xad2e9ec756c07b201c22d29f56432215e23fdc40,0,era_block_sample,
0x00bf4df4c786b2e84ea18a64da3fcca021f93fcb,0,era_block_sample,
0x7add452a4da2df7bc01b843220ef8f96b623728a,0,era_block_sample,
0x9f78b255373efb27634adda378154d912e94a17c,0,era_block_sample,
0xc5a99e7c25753c8efe685a643f9dfac92d2c3f49,0,era_block_sample,
0x94f44a9c4ac5aea4b22e010cb077e6a2a686b2af,0,era_block_sample,
0x00e54cb000924525f544627e079e75d5ab35adb3,0,era_block_sample,
0x941f0264634b2f85f7b901093a8abdbd66cbe819,0,era_block_sample,
0x25c6bf07f3848d146ab24f815cf9a3b1c4a1f27d,0,era_block_sample,
0xdee3f36d732c34fb0689d63e1edc13d87febaf0e,0,era_block_sample,
0x8ce881e9be7fb5dec3edc58a20242f3508090302,0,era_block_sample,
0x9dc5d98e5c9057a72fbb1bcfe6a33d5bcb028659,0,era_block_sample,
0xe1a38bcf085018562e0a53c04f8d3ffdb1b15256,0,era_block_sample,
0x000d707b015c4c45ffcd8ccb69691dfaef45517e,0,era_block_sample,
0xe89943ec20d856f064a87349a00ef6ab00aed042,0,era_block_sample,
0x76b1db0943f4e734a3a294c87a6786c5b84ebe86,0,era_block_sample,
0x989665bcf4e39fb6466fb975e1410823d74c76a0,0,era_block_sample,
0x5713339cae998590974eb43691f934322e6b54dc,0,era_block_sample,
0x377865d739ca22b167e6f23dc9675120e8b8fd8c,0,era_block_sample,
0x915b700498879d63e24cdcfd620950446f845c89,0,era_block_sample,
0x7b8d1a1d7146ea3a5569c7d7b1cb0186a049ee8f,0,era_block_sample,
0xad3ee28e6314a7a061e211c4e08f1c6a48531c5f,0,era_block_sample,
0x2405108f788ce03b7e72b2ee980fc589b9733660,0,era_block_sample,
0x09a5df02c274c6d8efb2a471510d47767da8bb27,0,era_block_sample,
0x9b651e3a1e42b34cd4222e7f2a3c2a6990c8a652,0,era_block_sample,
0x4102f9d11e53516a96d3724060f9c976b41c68aa,0,era_block_sample,
0xc44d85575607a609c1d7f49819754722ca0bbc97,0,era_block_sample,
0x65630b16252f6171a7aa2c922f87185aa62ffa3b,0,era_block_sample,
0x2c6be6c063a535b9a027c8ba42d410fe633cdbf9,0,era_block_sample,
0x114806fb56456a525199b957a3a04f726d67b847,0,era_block_sample,
0x0e6180a42d4bea7a99dc39cec6c4d58ca31eeab8,0,era_block_sample,
0x0c97b1d387a83ff77faa6f2e5b999e49b226d66e,0,era_block_sample,
0xb2a48f542dc56b89b24c04076cbe565b3dc58e7b,0,era_block_sample,
0xf9e65fe70590522ee314df9b5490d48e0a4f682a,0,era_block_sample,
0xa2a023ab5b0a3800b2d58de9f06ba90d78f2a96b,0,era_block_sample,
0x26cdf80fd72107e1fa69410a1654db6dff293ded,0,era_block_sample,
0x65e2c5175e2e618f48e70343b14c31b280e42d90,0,era_block_sample,
0xd0c9d045103f94b51203d253a7ae5681eda00bd5,0,era_block_sample,
0x4c41568b2d876ce45aa74a6895f4df80aeb2e6ee,0,era_block_sample,
0x3afb77583f0e88930de3b9921a840d4892784561,0,era_block_sample,
0x577af2495b0a9fb8aeef2c328e635cbbc69a3583,0,era_block_sample,
0x3441f925e7ddab1df44650355dfbbaad57d2a443,0,era_block_sample,
0x3949de10c99b75d36a473ebfd6d758029f70b728,0,era_block_sample,
0xc90492d1010df3a2993ac13db29aa79f17d6e5dd,0,era_block_sample,
0x0607e6d15c4aac40ebc60f58fe76638d03770848,0,era_block_sample,
0xeddf25e395eeea18ffa1c565888dc6d88d52dee1,0,era_block_sample,
0x69d221c276474aaecd4d1dbf50b38124e0582bcd,0,era_block_sample,
0x2984581ece53a4390d1f568673cf693139c97049,0,era_block_sample,
0x0256626e58d25961a604810f5570b90c00e3652c,0,era_block_sample,
0xe3e01058bdaa30b02470bad1d0b7d03f1fc05691,0,era_block_sample,
0x53fbf31e7ec152f5608e62b4f7b8a000b98bd7d3,0,era_block_sample,
0xad030b075a071062f393fb03669941f6a78f56da,0,era_block_sample,
0x674f5f1e3bd9c4ea5bbf68517ac14d505af911ae,0,era_block_sample,
0x84571ab62fc52354fd3be0fca73b8edbbaf2f54d,0,era_block_sample,
0xa89253a6607995d7f622e9c7b623376d63bffa66,0,era_block_sample,
0xb444a8d54d9df042cd12a5d4002c94523565564e,0,era_block_sample,
0xbf3a406102155da78d33dcc12d7325890ddcdb49,0,era_block_sample,
0x84ae79ac197c97627e7d7f0e9b32bc1b68163abe,0,era_block_sample,
0xac2e2e6589659a92f55a4917cffee6f6e0d75b4a,0,era_block_sample,
0xd1614f0854c1b0e795552641d23b0433773602ba,0,era_block_sample,
0x82135af3b04cdbf640d64a37eb2a23b6b1f0196b,0,era_block_sample,
0xff5444c21c4971bc3d1b1a8f393cd9624d8a4023,0,era_block_sample,
0x39d3b15006e580077a2e8b51b93be90ccf1ec0e0,0,era_block_sample,
0x4acebaf84699554243729481aee1711148c2f7ca,0,era_block_sample,
0xb29a6b1dded5516ad52639939fef5aab09c2be5c,0,era_block_sample,
0x2faa2427ea6486655febc4ca047dc06ffd2a69fd,0,era_block_sample,
0xdac34c94321c50ecb2d2b75f2dffea3d8d8cfcc0,0,era_block_sample,
0x7934402c6a61041f8a9388eeac956d0b49bdac27,0,era_block_sample,
0x73e8d310d7bb200923ccb0cb5bf1b6cb0baf932d,0,era_block_sample,
0x4d9794b091687e489cb06026310d33fd6766c5c9,0,era_block_sample,
0x93855974409b786bf79379086ce76bb91ede9e86,0,era_block_sample,
0x3933d44c4d2d9ab0f8d3ece09d422d0bcad96fea,0,era_block_sample,
0xa4211b6198bfa33ec0e72f84dc398e057821c7ab,0,era_block_sample,
0xdc87e478cce8920fe42c6a9049e4ef484e14d8d5,0,era_block_sample,
0xa58c3c3014a5891ac42daa78c8c9b0d1b62baad1,0,era_block_sample,
0x502f17fe0ca89c5b51f6c1123b6701ba41943601,0,era_block_sample,
0xf759d10db70fe71c1a588d824123244095e12746,0,era_block_sample,
0x4e53c3f986782634c6c7c37d97c32f7f02538c5e,0,era_block_sample,
0x9c0e2603a82ca468e590ab8b7527cff6947e1489,0,era_block_sample,
0x9c5cd0bb56fbe9fcdb3e799e24a2501e61b29c36,0,era_block_sample,
0xb2427a1f6c2093b929bf975eecbe3e340f7ee021,0,era_block_sample,
0x7b30fed9d91e63a6dc66e1b3face87392f231199,0,era_block_sample,
0x661eedd93da06499d3220aa2adf05d6d2417e60c,0,era_block_sample,
0x620a6aa598488d0d67d5aaada26c70645016f1eb,0,era_block_sample,
0xf20817547a08bea013b819f0cd6f03280cb84e20,0,era_block_sample,
0x7848777419d692987c603e9a48103232dad4eb36,0,era_block_sample,
0x578fabc9127517e073a85360df57c5d3c3bff198,0,era_block_sample,
0xa2a88ae5e5034df5051751f4bf51ef27105abaea,0,era_block_sample,
0xfbd7e960393ad02f27600d66fd23ab6b9c9d9e2f,0,era_block_sample,
0xa13ebd388fcf8b6024a557d77a410929444e7b8e,0,era_block_sample,
0xdc7a92dc8f2f7e3a96361f6430d18f7a6090ff1f,0,era_block_sample,
0xa30d8157911ef23c46c0eb71889efe6a648a41f7,0,era_block_sample,
0x3ad887bfe6e61e43494eb61d2d0e80ac3c4149e1,0,era_block_sample,
0x46b234c291fe47dfaf7e1ee285aa13f406cbef8c,0,era_block_sample,
0xe868af8aef4a14ec55fe12cd05e690eaeaae59ab,0,era_block_sample,
0x07eaf70ef823f40311055d722b852bfb9c8fba55,0,era_block_sample,
0x89623730cd99a886937f41057b3536c8eea14888,0,era_block_sample,
0x8e668a4582d0465accf66b4e4ab6d817f6c5b2dc,0,era_block_sample,
0x5c18eb5c785def3dad530fecb73d04fd506d5bfa,0,era_block_sample,
0x553729516fef1c27cd3be53c4b55b2e1d58bf383,0,era_block_sample,
0x9aa295f4044722d058ae21bef46ab9f167ee4661,0,era_block_sample,
0xbca1d1ee93827d26bd3e5ccb4e193c792489a172,0,era_block_sample,
0xa4f19ae9b8b85940aea4c5dce3fb9c47a5a42dd5,0,era_block_sample,
0xf5ee0eca1a358f14022d12023f4092215c79b1d8,0,era_block_sample,
0xb37bec46813abe407ce82e3cef409bfb2b65d52e,0,era_block_sample,
0xda34157c91f115cba653503bf294fbee317948c0,0,era_block_sample,
0xe019b48e08a238ebe9f7107f8327b60803a4ba67,0,era_block_sample,
0xb2930b35844a230f00e51431acae96fe543a0347,0,era_block_sample,
0x5c86e8550b5e11108104b4c5045e04c0ca234af7,0,era_block_sample,
0x003873ce9607827bc820ea1818a0b8d5436f661c,0,era_block_sample,
0x481c69b8d4b6a1d063da7f491e08ee3511a5f1ce,0,era_block_sample,
0xea3e20c0e1e194b91f485cba126d03f8988ad25e,0,era_block_sample,
0x00dc4d71d3be813d8de3e226d2e74714fb1b0dad,0,era_block_sample,
0x87ad3f8573e96308eaef597dde8d9dcfb19202d2,0,era_block_sample,
0x00ebca46d18d2a0bbc8ebae1c2432852de2d3ab5,0,era_block_sample,
0x1c7e094803d26ecbe19dae22612e717cd0db4f42,0,era_block_sample,
0xf1eacb9a0f4c75ba12094d4a1acf23585fa3a87b,0,era_block_sample,
0xda974d1753df013f2be77da10ccd0e8ef1225dff,0,era_block_sample,
0x7891b20c690605f4e370d6944c8a5dbfac5a451c,0,era_block_sample,
0x1260bbd621e4629e8651bab5d1151f87580be4d8,0,era_block_sample,
0x76bc96d31f29c001a8f670700cd2792d4aade442,0,era_block_sample,
0x6e6c7ffc227c2b505923f2280ad992d8c541a82c,0,era_block_sample,
0x3c5298a84d44a9afdbab693741bc617c7f269087,0,era_block_sample,
0xea0e0ed08e436ecb10c66a8004ab3f02e3db8633,0,era_block_sample,
0x20b6d00ca28fbc519d983f171db0d9abb8c17fb0,0,era_block_sample,
0xf79c661a2feee168b6b76d19567c121c5837b307,0,era_block_sample,
0x1c999df3f6f53b91a5c78c1e900b9f2b3e2b39c2,0,era_block_sample,
0x4a7dc436b9721507ba02f4212cde7a89bb9c6cca,0,era_block_sample,
0xa15e757cb9c46075e93cafa17845487adc064467,0,era_block_sample,
0xe25a577ee74bb4c5674fae9cc526cbc5f133aa5d,0,era_block_sample,
0xfb7442ac247ae842238b3e060cd8a5798c1969e3,0,era_block_sample,
0xa64fce2c44011447b77f4973980de868c9a93452,0,era_block_sample,
0x214788b08640cfe6b7c6871e5e7d6dc464e127ac,0,era_block_sample,
0xee8524572ce4a0a29aff38a4d915e718e5eed69c,0,era_block_sample,
0x6cc5f688a315f3dc28a7781717a9a798a59fda7b,0,era_block_sample,
0x772677ea0cc7bfb908bb082b17047112c4d6adf6,0,era_block_sample,
0x0988b5b6e9eb0ba8c33b53d688dafbaaff9215d7,0,era_block_sample,
0x1794ac01d904063570a0f26266bdd02805d393f5,0,era_block_sample,
0xda1e5d4cc9873963f788562354b55a772253b92f,0,era_block_sample,
0xec1a413d83099324ca4dc342610ce4b9f74d6ce9,0,era_block_sample,
0x670f298f508897ea9bb278df92dea643ead77e8c,0,era_block_sample,
0x3bbbec40c5722b4c19e1456e7d8b79e86a1474fe,0,era_block_sample,
0x1e4a0c56259f9d38325268d128edfd9de7d56061,0,era_block_sample,
0x620a3e5cddd2748e111a11810757f419d10b1aac,0,era_block_sample,
0x6b5d5098041decf17a614e2c5c693dad2194b2ec,0,era_block_sample,
0xb287a379e6caca6732e50b88d23c290aa990a892,0,era_block_sample,
0x001333b2fd9c171070dea70534b72522ec76689d,0,era_block_sample,
0xd72f21e776fa49cefc7ef27ce6a639ecb3057316,0,era_block_sample,
0xe9149131deba680930751f73d860e536415838ca,0,era_block_sample,
0x41667a1e1275dd5a39fad7748c9f57b777a0c87e,0,era_block_sample,
0x98217c2650fe3f2a6973c242da19bbc4a95551b9,0,era_block_sample,
0x267be1c1d684f78cb4f6a176c4911b741e4ffdc0,0,era_block_sample,
0x99fe5d6383289cdd56e54fc0baf7f67c957a8888,0,era_block_sample,
0x7ec915b8d3ffee3deaae5aa90def8ad826d2e110,0,era_block_sample,
0x8d891c727d57f7dce79c7b7459c7242a5344d0ca,0,era_block_sample,
0x96fc4553a00c117c5b0bed950dd625d1c16dc894,0,era_block_sample,
0x96bcec18ea03e3cefcd80c7d313a4c0c5ce8a907,0,era_block_sample,
0xf4d6a57a6dea54a598b8e7b2d74073f0a736d426,0,era_block_sample,
0x9fc4804dbf234fa9e35cf7e70fddcf9f9cc3aa38,0,era_block_sample,
0x28cafa19fc122990b2366ef8cc9c3bbde790c228,0,era_block_sample,
0x3392a8c2ddd0259c5dd76c0c3d12c3cc90cf4838,0,era_block_sample,
0x60a557cb890adea291e24eccbf9466992c64ed3b,0,era_block_sample,
0x3b65bc068e8fe6a601bca72d2f59eec487cfc824,0,era_block_sample,
0x20e0d25b5bacdbe45ed78d53b86155cbf261a9f4,0,era_block_sample,
0x4c11203a5211cef4189303e90009840fb6e834da,0,era_block_sample,
0xc1518c0582ae210e51512fa70ff4bfeba5da3874,0,era_block_sample,
0x970d3044ecc7f0f32d018e7f79cc166882c549ee,0,era_block_sample,
0x77231e911f08414d5d496dc1a5c1cf2e327e1a40,0,era_block_sample,
0x2d8033e0cc9873873839aea95294bb034713df97,0,era_block_sample,
0x83a0e6cc0105d64d9b8e77ae9c612644ce2ccfc5,0,era_block_sample,
0xeae11424e7e4441dc1e725f51a5f6a6cca2edcbd,0,era_block_sample,
0xf75d89bc656aadded842780b0e2f2587e1e8f203,0,era_block_sample,
0xad1f49ed4d93c44f26b778fe5e8bd249067debeb,0,era_block_sample,
0xf8598ed29b68a31e88e029fb21aff9a5defe4620,0,era_block_sample,
0x3d36de21eac03beea7de279db992bc29c5a909bf,0,era_block_sample,
0x2150a04837a9d8033dde2ebd6bf6dd8f9cadea28,0,era_block_sample,
0x6742bf4254893acf77a4fef5af7daec2407ac9dd,0,era_block_sample,
0x81cffe15763c2daec1649681f70fabc2c57bcd55,0,era_block_sample,
0x9c3807bc0e734ea6539ec1ad1184887b64d96b2d,0,era_block_sample,
0xd7aba5d242720e182efebbfa601b9dad75ae8f08,0,era_block_sample,
0xc3a6f32c13d1400ff5cdc5bffd07a29268b7ba3b,0,era_block_sample,
0x92b23dae7bdf60cc4a9af410198cf036a7a843ce,0,era_block_sample,
0x9c86279f58437f9ec2ba58f15b44aee9b816692b,0,era_block_sample,
0x99ebb9b647b8b7582bd5ab41e3d9bd4cf5742013,0,era_block_sample,
0x210ab06dee66fb169503231736dc7cd990cdb48e,0,era_block_sample,
0x6f4d027a2335866e4bf7979e7a3e5bf75495906e,0,era_block_sample,
0xdc32e40cd79527e66651b85d70cf4922b0d09f3b,0,era_block_sample,
0x08c4e66204d5c0fe8e6c471523f639f494a855f9,0,era_block_sample,
0x58135081109d755dc994b5a614fe8c5aa910a732,0,era_block_sample,
0x1d7cc681f3c16edce0ed8315afdda53b47fdf7e3,0,era_block_sample,
0x722fd3bd3f5156e5fc352e1f211173e5f7732cef,0,era_block_sample,
0x5e12f5a03518824e77e5edf5e7703809f6de7d5c,0,era_block_sample,
0x00004242e91443289de2ea3b5aa7ec5c2a1deb32,0,era_block_sample,
0xb9d69a191628c1ae6db832d9635779e96feb2102,0,era_block_sample,
0xea272c57edb3a50602072b4640ae0e1c17f6f0be,0,era_block_sample,
0x52717026f312ac13d491e5a6df6f1cb88c218184,0,era_block_sample,
0x0388eaa06d9a72f406de92033a405262bb7111cd,0,era_block_sample,
0x0e0a5f4bb1afbae6eb853df5d868a34f3c7075aa,0,era_block_sample,
0x1a675e733599840445135fbb18d23230e7ff3011,0,era_block_sample,
0x00bdb5699745f5b860228c8f939abf1b9ae374ed,0,era_block_sample,
0x438f58831fce0e731f7326772919de5c5e14f535,0,era_block_sample,
0xc67cc846e7e1849d9f113bca15b1c477b30e5487,0,era_block_sample,
0x21568d36a895de635d9c0b0542128a67d345e22a,0,era_block_sample,
0x30a9ef0904c807c53f189737741e3f9145a6b792,0,era_block_sample,
0x1a69ccc386d955e5375e357ea62807c7a9112d2a,0,era_block_sample,
0x00c4efdf5fb9a14daddd37ba0d0d0f0bc1c71b35,0,era_block_sample,
0x18a54a69986f8a6e408243d1ea0cf5c3c596c327,0,era_block_sample,
0xac0c6f22545e63388aa0969bb051d73cb416a196,0,era_block_sample,
0x55aa508d64af5cb51d1a9023856eb5dccc348494,0,era_block_sample,
0x8d1d026637d323f72c80d0e6e322bd760fc14bee,0,era_block_sample,
0xfd407047d168fae2d8685ee8f4ac17d3f8909c80,0,era_block_sample,
0xf9fce3e486c32ceb1bdafc833b18e3b17d549f1a,0,era_block_sample,
0x52b26f14627e2bf706d257bcfa32d71eb1bfa70e,0,era_block_sample,
0x33240d1c9c2b1261d287d3c3f7a91ac9fb3f583f,0,era_block_sample,
0x3a368871fcc90473b1c3a0e5146b71654bb4cf83,0,era_block_sample,
0x990e4b6c013b1ae1bdead0354cd3091a3baa3bbc,0,era_block_sample,
0x6fe03c40daf688e94886ac69928a4d6d8312aadf,0,era_block_sample,
0xb31a27682dd7e6b49d5fa337a1f8869f995a3479,0,era_block_sample,
0x819bfaa093e366af12092b63879eac747596f05b,0,era_block_sample,
0xc140ed418b1c4adbc2919d5bc1ace49c9f65ba26,0,era_block_sample,
0xbf6c8dfdcc9e2a18b6307a793677a4590306f18e,0,era_block_sample,
0x6802e2a04f46d0a4fa47012174022d94624bfe69,0,era_block_sample,
0xccb5c04ae694a322245ab46bb405196ad78ac166,0,era_block_sample,
0x1a84a246b1ff279f1eaa13fca4c2245b58d32517,0,era_block_sample,
0x42d07c89a2c7c48c104d8d66f53bd88991e0048a,0,era_block_sample,
0xe06cdaaee6ff3a0c55f223d4d325b6d9b607f460,0,era_block_sample,
0x04c3ec4ed06676130e476abbbf1e2057ed2fe6af,0,era_block_sample,
0x2c173e9dd9eb5919bc83ed4feec348065d20c8b2,0,era_block_sample,
0x45777f3821e0b4912dedd5bfe72251ef5fedb845,0,era_block_sample,
0xbfd8b8a7e6eacbe5dc4c0c0dd441546403d1991f,0,era_block_sample,
0xe8723cfa0c2282e08875efda6ede3d26a1ef1a04,0,era_block_sample,
0x3f5ce5fbfe3e9af3971dd833d26ba9b5c936f0be,0,era_block_sample,
0xf3ddbbe4d7ab914e281dc797ed0acaedb09fd807,0,era_block_sample,
0x7bce6a112099e9c7056792a1548230f6ccd95d54,0,era_block_sample,
0xc1a1f57a202b2a1928af4187f92048ca0b420b2a,0,era_block_sample,
0xe7ae95f04a03a0148892955f79b5a47196c50cbc,0,era_block_sample,
0x9a4a8522f6218ac20290d9a5f01a2139b947291e,0,era_block_sample,
0xa29887b8d1eaf7a61d5786c4160d39a797c82552,0,era_block_sample,
0xe00b71a89d4b6aff6f1946456857d50df7e05766,0,era_block_sample,
0x3c3c611ffe856a71a3c98bb6ea50be56fd277f3b,0,era_block_sample,
0xecfe748992496039bfc9dd21128411bf3c274d13,0,era_block_sample,
0xe7cbad32f1c50b5ec74d17e6188a7a2a53a4fb0e,0,era_block_sample,
0xd2b9feb9f3d683ac7436deef87f66ddd257ee5af,0,era_block_sample,
0xfc66073f270f0d9070a54b6179191fb832d96c90,0,era_block_sample,
0xc4d648c4af5acb10217f31c2ca7e9b5b60b8cbb1,0,era_block_sample,
0x50c31702fb2e2f55e9814d43073424d00554d6cc,0,era_block_sample,
0x338958ea31baa7f37f7a6c2d0f30e297d7b51306,0,era_block_sample,
0xcafc349b1fb892287e1d3345090d615652bbed10,0,era_block_sample,
0x3cc9063e7ac5fa8345e1f59bc32a470ccd30ca6d,0,era_block_sample,
0x1d1c9f70a68c129096d8181529041843e8bc1a30,0,era_block_sample,
0x26d3019c8dc1342c697786ca2b27f9c9968fb8db,0,era_block_sample,
0x65f9b2e4d7aaeb40ffea8c6f5844d5ad7da257e0,0,era_block_sample,
0xfb3c3548b79623d83ec197666633d87e05a78e40,0,era_block_sample,
0x870581a7389f0ec5adade7fa00a6531031d2d11c,0,era_block_sample,
0x697c8f4dbca579e5c2acb371239ee3af90b06b32,0,era_block_sample,
0x68b31edbfecc691d5ff7b4f28568fabc114dee8f,0,era_block_sample,
0x90c0b17d84a9d99e4144889c5a594434400695fd,0,era_block_sample,
0x0359d9a3e340ad9a171de3bd608e54e0c4921acc,0,era_block_sample,
0xb109e90713be214025f1908aeee5091976928f8d,0,era_block_sample,
0x6deff0e2386e2efce3698fe2ec683f0296798bd2,0,era_block_sample,
0x564286362092d8e7936f0549571a803b203aaced,0,era_block_sample,
0xdf4f6e173d8ef50cf723396e19330289fff0f4d0,0,era_block_sample,
0x1a308bc9cc900ddb11c57286abf283fe351eafb1,0,era_block_sample,
0xdd4797b44acee578b8eb4f09986b73871d03d3f8,0,era_block_sample,
